Grammar

    0 $accept: result $end

    1 result: "LTL start marker" subformula "end of formula"
    2       | "LTL start marker" enderror
    3       | "LTL start marker" subformula enderror
    4       | "LTL start marker" quantifiedformula "end of formula"
    5       | "LTL start marker" quantifiedformula enderror
    6       | "LTL start marker" emptyinput
    7       | "BOOLEAN start marker" boolformula "end of formula"
    8       | "BOOLEAN start marker" enderror
    9       | "BOOLEAN start marker" boolformula enderror
   10       | "BOOLEAN start marker" emptyinput
   11       | "SERE start marker" sere "end of formula"
   12       | "SERE start marker" enderror
   13       | "SERE start marker" sere enderror
   14       | "SERE start marker" emptyinput
   15       | "LBT start marker" lbtformula "end of formula"
   16       | "LBT start marker" enderror
   17       | "LBT start marker" lbtformula enderror
   18       | "LBT start marker" emptyinput

   19 emptyinput: "end of formula"

   20 enderror: error "end of formula"

   21 OP_SQBKT_SEP_unbounded: "separator for square bracket operator"
   22                       | "separator for square bracket operator" "unbounded mark"

   23 OP_SQBKT_SEP_opt: ε
   24                 | OP_SQBKT_SEP_unbounded

   25 error_opt: ε
   26          | error

   27 sqbkt_num: "number for square bracket operator"

   28 sqbracketargs: sqbkt_num "separator for square bracket operator" sqbkt_num "closing bracket"
   29              | sqbkt_num OP_SQBKT_SEP_unbounded "closing bracket"
   30              | "separator for square bracket operator" sqbkt_num "closing bracket"
   31              | OP_SQBKT_SEP_opt "closing bracket"
   32              | sqbkt_num "closing bracket"

   33 gotoargs: "opening bracket for goto operator" sqbkt_num "separator for square bracket operator" sqbkt_num "closing bracket"
   34         | "opening bracket for goto operator" sqbkt_num OP_SQBKT_SEP_unbounded "closing bracket"
   35         | "opening bracket for goto operator" "separator for square bracket operator" sqbkt_num "closing bracket"
   36         | "opening bracket for goto operator" OP_SQBKT_SEP_unbounded "closing bracket"
   37         | "opening bracket for goto operator" "closing bracket"
   38         | "opening bracket for goto operator" sqbkt_num "closing bracket"
   39         | "opening bracket for goto operator" error "closing bracket"
   40         | "opening bracket for goto operator" error_opt "end of formula"

   41 kleen_star: "star operator"
   42           | "bracket star operator"

   43 starargs: kleen_star
   44         | "plus operator"
   45         | "opening bracket for star operator" sqbracketargs
   46         | "opening bracket for star operator" error "closing bracket"
   47         | "opening bracket for star operator" error_opt "end of formula"

   48 fstarargs: "bracket fusion-star operator"
   49          | "fusion-plus operator"
   50          | "opening bracket for fusion-star operator" sqbracketargs
   51          | "opening bracket for fusion-star operator" error "closing bracket"
   52          | "opening bracket for fusion-star operator" error_opt "end of formula"

   53 equalargs: "opening bracket for equal operator" sqbracketargs
   54          | "opening bracket for equal operator" error "closing bracket"
   55          | "opening bracket for equal operator" error_opt "end of formula"

   56 delayargs: "opening bracket for SVA delay operator" sqbracketargs
   57          | "opening bracket for SVA delay operator" error "closing bracket"
   58          | "opening bracket for SVA delay operator" error_opt "end of formula"
   59          | "##[+] operator"
   60          | "##[*] operator"

   61 atomprop: "atomic proposition"

   62 booleanatom: atomprop
   63            | atomprop "positive suffix"
   64            | atomprop "negative suffix"
   65            | "constant true"
   66            | "constant false"

   67 sere: booleanatom
   68     | "not operator" sere
   69     | bracedsere
   70     | "(...) block"
   71     | "opening parenthesis" sere "closing parenthesis"
   72     | "opening parenthesis" error "closing parenthesis"
   73     | "opening parenthesis" sere "end of formula"
   74     | "opening parenthesis" error "end of formula"
   75     | sere "and operator" sere
   76     | sere "and operator" error
   77     | sere "short and operator" sere
   78     | sere "short and operator" error
   79     | sere "or operator" sere
   80     | sere "or operator" error
   81     | sere "concat operator" sere
   82     | sere "concat operator" error
   83     | sere ":" sere
   84     | sere ":" error
   85     | "SVA delay operator" sere
   86     | "SVA delay operator" error
   87     | sere "SVA delay operator" sere
   88     | sere "SVA delay operator" error
   89     | delayargs sere
   90     | delayargs error
   91     | sere delayargs sere
   92     | sere delayargs error
   93     | starargs
   94     | sere starargs
   95     | sere fstarargs
   96     | sere equalargs
   97     | sere gotoargs
   98     | sere "xor operator" sere
   99     | sere "xor operator" error
  100     | sere "implication operator" sere
  101     | sere "implication operator" error
  102     | sere "equivalent operator" sere
  103     | sere "equivalent operator" error
  104     | "first_match" "opening parenthesis" sere "closing parenthesis"

  105 bracedsere: "opening brace" sere "closing brace"
  106           | "opening brace" sere error "closing brace"
  107           | "opening brace" error "closing brace"
  108           | "opening brace" sere "end of formula"
  109           | "opening brace" sere error "end of formula"
  110           | "opening brace" error "end of formula"
  111           | "{...} block"

  112 parenthesedsubformula: "(...) block"
  113                      | "opening parenthesis" subformula "closing parenthesis"
  114                      | "opening parenthesis" subformula error "closing parenthesis"
  115                      | "opening parenthesis" error "closing parenthesis"
  116                      | "opening parenthesis" subformula "end of formula"
  117                      | "opening parenthesis" subformula error "end of formula"
  118                      | "opening parenthesis" error "end of formula"

  119 boolformula: booleanatom
  120            | "(...) block"
  121            | "opening parenthesis" boolformula "closing parenthesis"
  122            | "opening parenthesis" boolformula error "closing parenthesis"
  123            | "opening parenthesis" error "closing parenthesis"
  124            | "opening parenthesis" boolformula "end of formula"
  125            | "opening parenthesis" boolformula error "end of formula"
  126            | "opening parenthesis" error "end of formula"
  127            | boolformula "and operator" boolformula
  128            | boolformula "and operator" error
  129            | boolformula "short and operator" boolformula
  130            | boolformula "short and operator" error
  131            | boolformula "star operator" boolformula
  132            | boolformula "star operator" error
  133            | boolformula "or operator" boolformula
  134            | boolformula "or operator" error
  135            | boolformula "xor operator" boolformula
  136            | boolformula "xor operator" error
  137            | boolformula "implication operator" boolformula
  138            | boolformula "implication operator" error
  139            | boolformula "equivalent operator" boolformula
  140            | boolformula "equivalent operator" error
  141            | "not operator" boolformula
  142            | "not operator" error

  143 aplist: atomprop
  144       | aplist atomprop
  145       | aplist "," atomprop

  146 maybequantifiedformula: subformula
  147                       | quantifiedformula

  148 exists_or_forall: "exists operator"
  149                 | "forall operator"

  150 quantifiedformula: "exists operator" aplist ":" maybequantifiedformula
  151                  | "forall operator" aplist ":" maybequantifiedformula
  152                  | exists_or_forall error ":" maybequantifiedformula
  153                  | exists_or_forall error_opt "end of formula"

  154 subformula: booleanatom
  155           | parenthesedsubformula
  156           | subformula "and operator" subformula
  157           | subformula "and operator" error
  158           | subformula "short and operator" subformula
  159           | subformula "short and operator" error
  160           | subformula "star operator" subformula
  161           | subformula "star operator" error
  162           | subformula "or operator" subformula
  163           | subformula "or operator" error
  164           | subformula "xor operator" subformula
  165           | subformula "xor operator" error
  166           | subformula "implication operator" subformula
  167           | subformula "implication operator" error
  168           | subformula "equivalent operator" subformula
  169           | subformula "equivalent operator" error
  170           | subformula "until operator" subformula
  171           | subformula "until operator" error
  172           | subformula "release operator" subformula
  173           | subformula "release operator" error
  174           | subformula "weak until operator" subformula
  175           | subformula "weak until operator" error
  176           | subformula "strong release operator" subformula
  177           | subformula "strong release operator" error
  178           | "sometimes operator" subformula
  179           | "sometimes operator" error
  180           | "F[.] operator" sqbkt_num "closing bracket" subformula
  181           | "F[.] operator" sqbkt_num "closing !]" subformula
  182           | "F[.] operator" sqbkt_num "separator for square bracket operator" sqbkt_num "closing bracket" subformula
  183           | "F[.] operator" sqbkt_num "separator for square bracket operator" sqbkt_num "closing !]" subformula
  184           | "F[.] operator" sqbkt_num OP_SQBKT_SEP_unbounded "closing bracket" subformula
  185           | "F[.] operator" sqbkt_num OP_SQBKT_SEP_unbounded "closing !]" subformula
  186           | "F[.] operator" sqbkt_num "separator for square bracket operator" sqbkt_num "closing bracket" error
  187           | "F[.] operator" sqbkt_num "separator for square bracket operator" sqbkt_num "closing !]" error
  188           | "F[.] operator" error_opt "end of formula"
  189           | "F[.] operator" error "closing bracket" subformula
  190           | "F[.] operator" error "closing !]" subformula
  191           | "always operator" subformula
  192           | "always operator" error
  193           | "G[.] operator" sqbkt_num "separator for square bracket operator" sqbkt_num "closing bracket" subformula
  194           | "G[.] operator" sqbkt_num "separator for square bracket operator" sqbkt_num "closing !]" subformula
  195           | "G[.] operator" sqbkt_num OP_SQBKT_SEP_unbounded "closing bracket" subformula
  196           | "G[.] operator" sqbkt_num OP_SQBKT_SEP_unbounded "closing !]" subformula
  197           | "G[.] operator" sqbkt_num "closing bracket" subformula
  198           | "G[.] operator" sqbkt_num "closing !]" subformula
  199           | "G[.] operator" sqbkt_num "separator for square bracket operator" sqbkt_num "closing bracket" error
  200           | "G[.] operator" sqbkt_num "separator for square bracket operator" sqbkt_num "closing !]" error
  201           | "G[.] operator" error_opt "end of formula"
  202           | "G[.] operator" error "closing bracket" subformula
  203           | "G[.] operator" error "closing !]" subformula
  204           | "next operator" subformula
  205           | "next operator" error
  206           | "strong next operator" subformula
  207           | "strong next operator" error
  208           | "X[.] operator" sqbkt_num "closing bracket" subformula
  209           | "X[.] operator" sqbkt_num "closing bracket" error
  210           | "X[.] operator" error "closing bracket" subformula
  211           | "X[.] operator" "closing !]" subformula
  212           | "X[.] operator" sqbkt_num "closing !]" subformula
  213           | "X[.] operator" error "closing !]" subformula
  214           | "X[.] operator" error_opt "end of formula"
  215           | "not operator" subformula
  216           | "not operator" error
  217           | bracedsere
  218           | bracedsere "universal concat operator" subformula
  219           | bracedsere parenthesedsubformula
  220           | bracedsere "universal concat operator" error
  221           | bracedsere "existential concat operator" subformula
  222           | bracedsere "existential concat operator" error
  223           | bracedsere "universal non-overlapping concat operator" subformula
  224           | bracedsere "universal non-overlapping concat operator" error
  225           | bracedsere "existential non-overlapping concat operator" subformula
  226           | bracedsere "existential non-overlapping concat operator" error
  227           | "opening brace" sere "closing brace-bang"
  228           | "{...}! block"

  229 lbtformula: atomprop
  230           | '!' lbtformula
  231           | '&' lbtformula lbtformula
  232           | '|' lbtformula lbtformula
  233           | '^' lbtformula lbtformula
  234           | 'i' lbtformula lbtformula
  235           | 'e' lbtformula lbtformula
  236           | 'X' lbtformula
  237           | 'F' lbtformula
  238           | 'G' lbtformula
  239           | 'U' lbtformula lbtformula
  240           | 'V' lbtformula lbtformula
  241           | 'R' lbtformula lbtformula
  242           | 'W' lbtformula lbtformula
  243           | 'M' lbtformula lbtformula
  244           | 't'
  245           | 'f'


Terminals, with rules where they appear

    $end (0) 0
    '!' (33) 230
    '&' (38) 231
    'F' (70) 237
    'G' (71) 238
    'M' (77) 243
    'R' (82) 241
    'U' (85) 239
    'V' (86) 240
    'W' (87) 242
    'X' (88) 236
    '^' (94) 233
    'e' (101) 235
    'f' (102) 245
    'i' (105) 234
    't' (116) 244
    '|' (124) 232
    error (256) 20 26 39 46 51 54 57 72 74 76 78 80 82 84 86 88 90 92 99 101 103 106 107 109 110 114 115 117 118 122 123 125 126 128 130 132 134 136 138 140 142 152 157 159 161 163 165 167 169 171 173 175 177 179 186 187 189 190 192 199 200 202 203 205 207 209 210 213 216 220 222 224 226
    "LTL start marker" (258) 1 2 3 4 5 6
    "LBT start marker" (259) 15 16 17 18
    "SERE start marker" (260) 11 12 13 14
    "BOOLEAN start marker" (261) 7 8 9 10
    "opening parenthesis" (262) 71 72 73 74 104 113 114 115 116 117 118 121 122 123 124 125 126
    "closing parenthesis" (263) 71 72 104 113 114 115 121 122 123
    "(...) block" <std::string> (264) 70 112 120
    "{...} block" <std::string> (265) 111
    "{...}! block" <std::string> (266) 228
    "opening brace" (267) 105 106 107 108 109 110 227
    "closing brace" (268) 105 106 107
    "closing brace-bang" (269) 227
    "or operator" (270) 79 80 133 134 162 163
    "xor operator" (271) 98 99 135 136 164 165
    "and operator" (272) 75 76 127 128 156 157
    "short and operator" (273) 77 78 129 130 158 159
    "implication operator" (274) 100 101 137 138 166 167
    "equivalent operator" (275) 102 103 139 140 168 169
    "until operator" (276) 170 171
    "release operator" (277) 172 173
    "weak until operator" (278) 174 175
    "strong release operator" (279) 176 177
    "sometimes operator" (280) 178 179
    "always operator" (281) 191 192
    "next operator" (282) 204 205
    "strong next operator" (283) 206 207
    "exists operator" (284) 148 150
    "forall operator" (285) 149 151
    "," (286) 145
    "not operator" (287) 68 141 142 215 216
    "X[.] operator" (288) 208 209 210 211 212 213 214
    "F[.] operator" (289) 180 181 182 183 184 185 186 187 188 189 190
    "G[.] operator" (290) 193 194 195 196 197 198 199 200 201 202 203
    "star operator" (291) 41 131 132 160 161
    "bracket star operator" (292) 42
    "bracket fusion-star operator" (293) 48
    "plus operator" (294) 44
    "fusion-plus operator" (295) 49
    "opening bracket for star operator" (296) 45 46 47
    "opening bracket for fusion-star operator" (297) 50 51 52
    "opening bracket for equal operator" (298) 53 54 55
    "opening bracket for goto operator" (299) 33 34 35 36 37 38 39 40
    "closing bracket" (300) 28 29 30 31 32 33 34 35 36 37 38 39 46 51 54 57 180 182 184 186 189 193 195 197 199 202 208 209 210
    "closing !]" (301) 181 183 185 187 190 194 196 198 200 203 211 212 213
    "number for square bracket operator" <unsigned> (302) 27
    "unbounded mark" (303) 22
    "separator for square bracket operator" (304) 21 22 28 30 33 35 182 183 186 187 193 194 199 200
    "universal concat operator" (305) 218 220
    "existential concat operator" (306) 221 222
    "universal non-overlapping concat operator" (307) 223 224
    "existential non-overlapping concat operator" (308) 225 226
    "first_match" (309) 104
    "atomic proposition" <std::string> (310) 61
    "concat operator" (311) 81 82
    ":" (312) 83 84 150 151 152
    "constant true" (313) 65
    "constant false" (314) 66
    "end of formula" (315) 1 4 7 11 15 19 20 40 47 52 55 58 73 74 108 109 110 116 117 118 124 125 126 153 188 201 214
    "negative suffix" (316) 64
    "positive suffix" (317) 63
    "SVA delay operator" <unsigned> (318) 85 86 87 88
    "opening bracket for SVA delay operator" (319) 56 57 58
    "##[+] operator" (320) 59
    "##[*] operator" (321) 60


Nonterminals, with rules where they appear

    $accept (83)
        on left: 0
    result (84)
        on left: 1 2 3 4 5 6 7 8 9 10 11 12 13 14 15 16 17 18
        on right: 0
    emptyinput (85)
        on left: 19
        on right: 6 10 14 18
    enderror (86)
        on left: 20
        on right: 2 3 5 8 9 12 13 16 17
    OP_SQBKT_SEP_unbounded (87)
        on left: 21 22
        on right: 24 29 34 36 184 185 195 196
    OP_SQBKT_SEP_opt (88)
        on left: 23 24
        on right: 31
    error_opt (89)
        on left: 25 26
        on right: 40 47 52 55 58 153 188 201 214
    sqbkt_num <unsigned> (90)
        on left: 27
        on right: 28 29 30 32 33 34 35 38 180 181 182 183 184 185 186 187 193 194 195 196 197 198 199 200 208 209 212
    sqbracketargs <minmax_t> (91)
        on left: 28 29 30 31 32
        on right: 45 50 53 56
    gotoargs <minmax_t> (92)
        on left: 33 34 35 36 37 38 39 40
        on right: 97
    kleen_star (93)
        on left: 41 42
        on right: 43
    starargs <minmax_t> (94)
        on left: 43 44 45 46 47
        on right: 93 94
    fstarargs <minmax_t> (95)
        on left: 48 49 50 51 52
        on right: 95
    equalargs <minmax_t> (96)
        on left: 53 54 55
        on right: 96
    delayargs <minmax_t> (97)
        on left: 56 57 58 59 60
        on right: 89 90 91 92
    atomprop <pnode> (98)
        on left: 61
        on right: 62 63 64 143 144 145 229
    booleanatom <pnode> (99)
        on left: 62 63 64 65 66
        on right: 67 119 154
    sere <pnode> (100)
        on left: 67 68 69 70 71 72 73 74 75 76 77 78 79 80 81 82 83 84 85 86 87 88 89 90 91 92 93 94 95 96 97 98 99 100 101 102 103 104
        on right: 11 13 68 71 73 75 76 77 78 79 80 81 82 83 84 85 87 88 89 91 92 94 95 96 97 98 99 100 101 102 103 104 105 106 108 109 227
    bracedsere <pnode> (101)
        on left: 105 106 107 108 109 110 111
        on right: 69 217 218 219 220 221 222 223 224 225 226
    parenthesedsubformula <pnode> (102)
        on left: 112 113 114 115 116 117 118
        on right: 155 219
    boolformula <pnode> (103)
        on left: 119 120 121 122 123 124 125 126 127 128 129 130 131 132 133 134 135 136 137 138 139 140 141 142
        on right: 7 9 121 122 124 125 127 128 129 130 131 132 133 134 135 136 137 138 139 140 141
    aplist <std::vector<const spot::fnode*>> (104)
        on left: 143 144 145
        on right: 144 145 150 151
    maybequantifiedformula <pnode> (105)
        on left: 146 147
        on right: 150 151 152
    exists_or_forall (106)
        on left: 148 149
        on right: 152 153
    quantifiedformula <pnode> (107)
        on left: 150 151 152 153
        on right: 4 5 147
    subformula <pnode> (108)
        on left: 154 155 156 157 158 159 160 161 162 163 164 165 166 167 168 169 170 171 172 173 174 175 176 177 178 179 180 181 182 183 184 185 186 187 188 189 190 191 192 193 194 195 196 197 198 199 200 201 202 203 204 205 206 207 208 209 210 211 212 213 214 215 216 217 218 219 220 221 222 223 224 225 226 227 228
        on right: 1 3 113 114 116 117 146 156 157 158 159 160 161 162 163 164 165 166 167 168 169 170 171 172 173 174 175 176 177 178 180 181 182 183 184 185 189 190 191 193 194 195 196 197 198 202 203 204 206 208 210 211 212 213 215 218 221 223 225
    lbtformula <pnode> (109)
        on left: 229 230 231 232 233 234 235 236 237 238 239 240 241 242 243 244 245
        on right: 15 17 230 231 232 233 234 235 236 237 238 239 240 241 242 243


State 0

    0 $accept: • result $end
    1 result: • "LTL start marker" subformula "end of formula"
    2       | • "LTL start marker" enderror
    3       | • "LTL start marker" subformula enderror
    4       | • "LTL start marker" quantifiedformula "end of formula"
    5       | • "LTL start marker" quantifiedformula enderror
    6       | • "LTL start marker" emptyinput
    7       | • "BOOLEAN start marker" boolformula "end of formula"
    8       | • "BOOLEAN start marker" enderror
    9       | • "BOOLEAN start marker" boolformula enderror
   10       | • "BOOLEAN start marker" emptyinput
   11       | • "SERE start marker" sere "end of formula"
   12       | • "SERE start marker" enderror
   13       | • "SERE start marker" sere enderror
   14       | • "SERE start marker" emptyinput
   15       | • "LBT start marker" lbtformula "end of formula"
   16       | • "LBT start marker" enderror
   17       | • "LBT start marker" lbtformula enderror
   18       | • "LBT start marker" emptyinput

    "LTL start marker"      shift, and go to state 1
    "LBT start marker"      shift, and go to state 2
    "SERE start marker"     shift, and go to state 3
    "BOOLEAN start marker"  shift, and go to state 4

    result  go to state 5


State 1

    1 result: "LTL start marker" • subformula "end of formula"
    2       | "LTL start marker" • enderror
    3       | "LTL start marker" • subformula enderror
    4       | "LTL start marker" • quantifiedformula "end of formula"
    5       | "LTL start marker" • quantifiedformula enderror
    6       | "LTL start marker" • emptyinput
   19 emptyinput: • "end of formula"
   20 enderror: • error "end of formula"
   61 atomprop: • "atomic proposition"
   62 booleanatom: • atomprop
   63            | • atomprop "positive suffix"
   64            | • atomprop "negative suffix"
   65            | • "constant true"
   66            | • "constant false"
  105 bracedsere: • "opening brace" sere "closing brace"
  106           | • "opening brace" sere error "closing brace"
  107           | • "opening brace" error "closing brace"
  108           | • "opening brace" sere "end of formula"
  109           | • "opening brace" sere error "end of formula"
  110           | • "opening brace" error "end of formula"
  111           | • "{...} block"
  112 parenthesedsubformula: • "(...) block"
  113                      | • "opening parenthesis" subformula "closing parenthesis"
  114                      | • "opening parenthesis" subformula error "closing parenthesis"
  115                      | • "opening parenthesis" error "closing parenthesis"
  116                      | • "opening parenthesis" subformula "end of formula"
  117                      | • "opening parenthesis" subformula error "end of formula"
  118                      | • "opening parenthesis" error "end of formula"
  148 exists_or_forall: • "exists operator"
  149                 | • "forall operator"
  150 quantifiedformula: • "exists operator" aplist ":" maybequantifiedformula
  151                  | • "forall operator" aplist ":" maybequantifiedformula
  152                  | • exists_or_forall error ":" maybequantifiedformula
  153                  | • exists_or_forall error_opt "end of formula"
  154 subformula: • booleanatom
  155           | • parenthesedsubformula
  156           | • subformula "and operator" subformula
  157           | • subformula "and operator" error
  158           | • subformula "short and operator" subformula
  159           | • subformula "short and operator" error
  160           | • subformula "star operator" subformula
  161           | • subformula "star operator" error
  162           | • subformula "or operator" subformula
  163           | • subformula "or operator" error
  164           | • subformula "xor operator" subformula
  165           | • subformula "xor operator" error
  166           | • subformula "implication operator" subformula
  167           | • subformula "implication operator" error
  168           | • subformula "equivalent operator" subformula
  169           | • subformula "equivalent operator" error
  170           | • subformula "until operator" subformula
  171           | • subformula "until operator" error
  172           | • subformula "release operator" subformula
  173           | • subformula "release operator" error
  174           | • subformula "weak until operator" subformula
  175           | • subformula "weak until operator" error
  176           | • subformula "strong release operator" subformula
  177           | • subformula "strong release operator" error
  178           | • "sometimes operator" subformula
  179           | • "sometimes operator" error
  180           | • "F[.] operator" sqbkt_num "closing bracket" subformula
  181           | • "F[.] operator" sqbkt_num "closing !]" subformula
  182           | • "F[.] operator" sqbkt_num "separator for square bracket operator" sqbkt_num "closing bracket" subformula
  183           | • "F[.] operator" sqbkt_num "separator for square bracket operator" sqbkt_num "closing !]" subformula
  184           | • "F[.] operator" sqbkt_num OP_SQBKT_SEP_unbounded "closing bracket" subformula
  185           | • "F[.] operator" sqbkt_num OP_SQBKT_SEP_unbounded "closing !]" subformula
  186           | • "F[.] operator" sqbkt_num "separator for square bracket operator" sqbkt_num "closing bracket" error
  187           | • "F[.] operator" sqbkt_num "separator for square bracket operator" sqbkt_num "closing !]" error
  188           | • "F[.] operator" error_opt "end of formula"
  189           | • "F[.] operator" error "closing bracket" subformula
  190           | • "F[.] operator" error "closing !]" subformula
  191           | • "always operator" subformula
  192           | • "always operator" error
  193           | • "G[.] operator" sqbkt_num "separator for square bracket operator" sqbkt_num "closing bracket" subformula
  194           | • "G[.] operator" sqbkt_num "separator for square bracket operator" sqbkt_num "closing !]" subformula
  195           | • "G[.] operator" sqbkt_num OP_SQBKT_SEP_unbounded "closing bracket" subformula
  196           | • "G[.] operator" sqbkt_num OP_SQBKT_SEP_unbounded "closing !]" subformula
  197           | • "G[.] operator" sqbkt_num "closing bracket" subformula
  198           | • "G[.] operator" sqbkt_num "closing !]" subformula
  199           | • "G[.] operator" sqbkt_num "separator for square bracket operator" sqbkt_num "closing bracket" error
  200           | • "G[.] operator" sqbkt_num "separator for square bracket operator" sqbkt_num "closing !]" error
  201           | • "G[.] operator" error_opt "end of formula"
  202           | • "G[.] operator" error "closing bracket" subformula
  203           | • "G[.] operator" error "closing !]" subformula
  204           | • "next operator" subformula
  205           | • "next operator" error
  206           | • "strong next operator" subformula
  207           | • "strong next operator" error
  208           | • "X[.] operator" sqbkt_num "closing bracket" subformula
  209           | • "X[.] operator" sqbkt_num "closing bracket" error
  210           | • "X[.] operator" error "closing bracket" subformula
  211           | • "X[.] operator" "closing !]" subformula
  212           | • "X[.] operator" sqbkt_num "closing !]" subformula
  213           | • "X[.] operator" error "closing !]" subformula
  214           | • "X[.] operator" error_opt "end of formula"
  215           | • "not operator" subformula
  216           | • "not operator" error
  217           | • bracedsere
  218           | • bracedsere "universal concat operator" subformula
  219           | • bracedsere parenthesedsubformula
  220           | • bracedsere "universal concat operator" error
  221           | • bracedsere "existential concat operator" subformula
  222           | • bracedsere "existential concat operator" error
  223           | • bracedsere "universal non-overlapping concat operator" subformula
  224           | • bracedsere "universal non-overlapping concat operator" error
  225           | • bracedsere "existential non-overlapping concat operator" subformula
  226           | • bracedsere "existential non-overlapping concat operator" error
  227           | • "opening brace" sere "closing brace-bang"
  228           | • "{...}! block"

    error                   shift, and go to state 6
    "opening parenthesis"   shift, and go to state 7
    "(...) block"           shift, and go to state 8
    "{...} block"           shift, and go to state 9
    "{...}! block"          shift, and go to state 10
    "opening brace"         shift, and go to state 11
    "sometimes operator"    shift, and go to state 12
    "always operator"       shift, and go to state 13
    "next operator"         shift, and go to state 14
    "strong next operator"  shift, and go to state 15
    "exists operator"       shift, and go to state 16
    "forall operator"       shift, and go to state 17
    "not operator"          shift, and go to state 18
    "X[.] operator"         shift, and go to state 19
    "F[.] operator"         shift, and go to state 20
    "G[.] operator"         shift, and go to state 21
    "atomic proposition"    shift, and go to state 22
    "constant true"         shift, and go to state 23
    "constant false"        shift, and go to state 24
    "end of formula"        shift, and go to state 25

    emptyinput             go to state 26
    enderror               go to state 27
    atomprop               go to state 28
    booleanatom            go to state 29
    bracedsere             go to state 30
    parenthesedsubformula  go to state 31
    exists_or_forall       go to state 32
    quantifiedformula      go to state 33
    subformula             go to state 34


State 2

   15 result: "LBT start marker" • lbtformula "end of formula"
   16       | "LBT start marker" • enderror
   17       | "LBT start marker" • lbtformula enderror
   18       | "LBT start marker" • emptyinput
   19 emptyinput: • "end of formula"
   20 enderror: • error "end of formula"
   61 atomprop: • "atomic proposition"
  229 lbtformula: • atomprop
  230           | • '!' lbtformula
  231           | • '&' lbtformula lbtformula
  232           | • '|' lbtformula lbtformula
  233           | • '^' lbtformula lbtformula
  234           | • 'i' lbtformula lbtformula
  235           | • 'e' lbtformula lbtformula
  236           | • 'X' lbtformula
  237           | • 'F' lbtformula
  238           | • 'G' lbtformula
  239           | • 'U' lbtformula lbtformula
  240           | • 'V' lbtformula lbtformula
  241           | • 'R' lbtformula lbtformula
  242           | • 'W' lbtformula lbtformula
  243           | • 'M' lbtformula lbtformula
  244           | • 't'
  245           | • 'f'

    error                 shift, and go to state 6
    "atomic proposition"  shift, and go to state 22
    "end of formula"      shift, and go to state 25
    '!'                   shift, and go to state 35
    '&'                   shift, and go to state 36
    '|'                   shift, and go to state 37
    '^'                   shift, and go to state 38
    'i'                   shift, and go to state 39
    'e'                   shift, and go to state 40
    'X'                   shift, and go to state 41
    'F'                   shift, and go to state 42
    'G'                   shift, and go to state 43
    'U'                   shift, and go to state 44
    'V'                   shift, and go to state 45
    'R'                   shift, and go to state 46
    'W'                   shift, and go to state 47
    'M'                   shift, and go to state 48
    't'                   shift, and go to state 49
    'f'                   shift, and go to state 50

    emptyinput  go to state 51
    enderror    go to state 52
    atomprop    go to state 53
    lbtformula  go to state 54


State 3

   11 result: "SERE start marker" • sere "end of formula"
   12       | "SERE start marker" • enderror
   13       | "SERE start marker" • sere enderror
   14       | "SERE start marker" • emptyinput
   19 emptyinput: • "end of formula"
   20 enderror: • error "end of formula"
   41 kleen_star: • "star operator"
   42           | • "bracket star operator"
   43 starargs: • kleen_star
   44         | • "plus operator"
   45         | • "opening bracket for star operator" sqbracketargs
   46         | • "opening bracket for star operator" error "closing bracket"
   47         | • "opening bracket for star operator" error_opt "end of formula"
   56 delayargs: • "opening bracket for SVA delay operator" sqbracketargs
   57          | • "opening bracket for SVA delay operator" error "closing bracket"
   58          | • "opening bracket for SVA delay operator" error_opt "end of formula"
   59          | • "##[+] operator"
   60          | • "##[*] operator"
   61 atomprop: • "atomic proposition"
   62 booleanatom: • atomprop
   63            | • atomprop "positive suffix"
   64            | • atomprop "negative suffix"
   65            | • "constant true"
   66            | • "constant false"
   67 sere: • booleanatom
   68     | • "not operator" sere
   69     | • bracedsere
   70     | • "(...) block"
   71     | • "opening parenthesis" sere "closing parenthesis"
   72     | • "opening parenthesis" error "closing parenthesis"
   73     | • "opening parenthesis" sere "end of formula"
   74     | • "opening parenthesis" error "end of formula"
   75     | • sere "and operator" sere
   76     | • sere "and operator" error
   77     | • sere "short and operator" sere
   78     | • sere "short and operator" error
   79     | • sere "or operator" sere
   80     | • sere "or operator" error
   81     | • sere "concat operator" sere
   82     | • sere "concat operator" error
   83     | • sere ":" sere
   84     | • sere ":" error
   85     | • "SVA delay operator" sere
   86     | • "SVA delay operator" error
   87     | • sere "SVA delay operator" sere
   88     | • sere "SVA delay operator" error
   89     | • delayargs sere
   90     | • delayargs error
   91     | • sere delayargs sere
   92     | • sere delayargs error
   93     | • starargs
   94     | • sere starargs
   95     | • sere fstarargs
   96     | • sere equalargs
   97     | • sere gotoargs
   98     | • sere "xor operator" sere
   99     | • sere "xor operator" error
  100     | • sere "implication operator" sere
  101     | • sere "implication operator" error
  102     | • sere "equivalent operator" sere
  103     | • sere "equivalent operator" error
  104     | • "first_match" "opening parenthesis" sere "closing parenthesis"
  105 bracedsere: • "opening brace" sere "closing brace"
  106           | • "opening brace" sere error "closing brace"
  107           | • "opening brace" error "closing brace"
  108           | • "opening brace" sere "end of formula"
  109           | • "opening brace" sere error "end of formula"
  110           | • "opening brace" error "end of formula"
  111           | • "{...} block"

    error                                     shift, and go to state 6
    "opening parenthesis"                     shift, and go to state 55
    "(...) block"                             shift, and go to state 56
    "{...} block"                             shift, and go to state 9
    "opening brace"                           shift, and go to state 57
    "not operator"                            shift, and go to state 58
    "star operator"                           shift, and go to state 59
    "bracket star operator"                   shift, and go to state 60
    "plus operator"                           shift, and go to state 61
    "opening bracket for star operator"       shift, and go to state 62
    "first_match"                             shift, and go to state 63
    "atomic proposition"                      shift, and go to state 22
    "constant true"                           shift, and go to state 23
    "constant false"                          shift, and go to state 24
    "end of formula"                          shift, and go to state 25
    "SVA delay operator"                      shift, and go to state 64
    "opening bracket for SVA delay operator"  shift, and go to state 65
    "##[+] operator"                          shift, and go to state 66
    "##[*] operator"                          shift, and go to state 67

    emptyinput   go to state 68
    enderror     go to state 69
    kleen_star   go to state 70
    starargs     go to state 71
    delayargs    go to state 72
    atomprop     go to state 28
    booleanatom  go to state 73
    sere         go to state 74
    bracedsere   go to state 75


State 4

    7 result: "BOOLEAN start marker" • boolformula "end of formula"
    8       | "BOOLEAN start marker" • enderror
    9       | "BOOLEAN start marker" • boolformula enderror
   10       | "BOOLEAN start marker" • emptyinput
   19 emptyinput: • "end of formula"
   20 enderror: • error "end of formula"
   61 atomprop: • "atomic proposition"
   62 booleanatom: • atomprop
   63            | • atomprop "positive suffix"
   64            | • atomprop "negative suffix"
   65            | • "constant true"
   66            | • "constant false"
  119 boolformula: • booleanatom
  120            | • "(...) block"
  121            | • "opening parenthesis" boolformula "closing parenthesis"
  122            | • "opening parenthesis" boolformula error "closing parenthesis"
  123            | • "opening parenthesis" error "closing parenthesis"
  124            | • "opening parenthesis" boolformula "end of formula"
  125            | • "opening parenthesis" boolformula error "end of formula"
  126            | • "opening parenthesis" error "end of formula"
  127            | • boolformula "and operator" boolformula
  128            | • boolformula "and operator" error
  129            | • boolformula "short and operator" boolformula
  130            | • boolformula "short and operator" error
  131            | • boolformula "star operator" boolformula
  132            | • boolformula "star operator" error
  133            | • boolformula "or operator" boolformula
  134            | • boolformula "or operator" error
  135            | • boolformula "xor operator" boolformula
  136            | • boolformula "xor operator" error
  137            | • boolformula "implication operator" boolformula
  138            | • boolformula "implication operator" error
  139            | • boolformula "equivalent operator" boolformula
  140            | • boolformula "equivalent operator" error
  141            | • "not operator" boolformula
  142            | • "not operator" error

    error                  shift, and go to state 6
    "opening parenthesis"  shift, and go to state 76
    "(...) block"          shift, and go to state 77
    "not operator"         shift, and go to state 78
    "atomic proposition"   shift, and go to state 22
    "constant true"        shift, and go to state 23
    "constant false"       shift, and go to state 24
    "end of formula"       shift, and go to state 25

    emptyinput   go to state 79
    enderror     go to state 80
    atomprop     go to state 28
    booleanatom  go to state 81
    boolformula  go to state 82


State 5

    0 $accept: result • $end

    $end  shift, and go to state 83


State 6

   20 enderror: error • "end of formula"

    "end of formula"  shift, and go to state 84


State 7

   61 atomprop: • "atomic proposition"
   62 booleanatom: • atomprop
   63            | • atomprop "positive suffix"
   64            | • atomprop "negative suffix"
   65            | • "constant true"
   66            | • "constant false"
  105 bracedsere: • "opening brace" sere "closing brace"
  106           | • "opening brace" sere error "closing brace"
  107           | • "opening brace" error "closing brace"
  108           | • "opening brace" sere "end of formula"
  109           | • "opening brace" sere error "end of formula"
  110           | • "opening brace" error "end of formula"
  111           | • "{...} block"
  112 parenthesedsubformula: • "(...) block"
  113                      | • "opening parenthesis" subformula "closing parenthesis"
  113                      | "opening parenthesis" • subformula "closing parenthesis"
  114                      | • "opening parenthesis" subformula error "closing parenthesis"
  114                      | "opening parenthesis" • subformula error "closing parenthesis"
  115                      | • "opening parenthesis" error "closing parenthesis"
  115                      | "opening parenthesis" • error "closing parenthesis"
  116                      | • "opening parenthesis" subformula "end of formula"
  116                      | "opening parenthesis" • subformula "end of formula"
  117                      | • "opening parenthesis" subformula error "end of formula"
  117                      | "opening parenthesis" • subformula error "end of formula"
  118                      | • "opening parenthesis" error "end of formula"
  118                      | "opening parenthesis" • error "end of formula"
  154 subformula: • booleanatom
  155           | • parenthesedsubformula
  156           | • subformula "and operator" subformula
  157           | • subformula "and operator" error
  158           | • subformula "short and operator" subformula
  159           | • subformula "short and operator" error
  160           | • subformula "star operator" subformula
  161           | • subformula "star operator" error
  162           | • subformula "or operator" subformula
  163           | • subformula "or operator" error
  164           | • subformula "xor operator" subformula
  165           | • subformula "xor operator" error
  166           | • subformula "implication operator" subformula
  167           | • subformula "implication operator" error
  168           | • subformula "equivalent operator" subformula
  169           | • subformula "equivalent operator" error
  170           | • subformula "until operator" subformula
  171           | • subformula "until operator" error
  172           | • subformula "release operator" subformula
  173           | • subformula "release operator" error
  174           | • subformula "weak until operator" subformula
  175           | • subformula "weak until operator" error
  176           | • subformula "strong release operator" subformula
  177           | • subformula "strong release operator" error
  178           | • "sometimes operator" subformula
  179           | • "sometimes operator" error
  180           | • "F[.] operator" sqbkt_num "closing bracket" subformula
  181           | • "F[.] operator" sqbkt_num "closing !]" subformula
  182           | • "F[.] operator" sqbkt_num "separator for square bracket operator" sqbkt_num "closing bracket" subformula
  183           | • "F[.] operator" sqbkt_num "separator for square bracket operator" sqbkt_num "closing !]" subformula
  184           | • "F[.] operator" sqbkt_num OP_SQBKT_SEP_unbounded "closing bracket" subformula
  185           | • "F[.] operator" sqbkt_num OP_SQBKT_SEP_unbounded "closing !]" subformula
  186           | • "F[.] operator" sqbkt_num "separator for square bracket operator" sqbkt_num "closing bracket" error
  187           | • "F[.] operator" sqbkt_num "separator for square bracket operator" sqbkt_num "closing !]" error
  188           | • "F[.] operator" error_opt "end of formula"
  189           | • "F[.] operator" error "closing bracket" subformula
  190           | • "F[.] operator" error "closing !]" subformula
  191           | • "always operator" subformula
  192           | • "always operator" error
  193           | • "G[.] operator" sqbkt_num "separator for square bracket operator" sqbkt_num "closing bracket" subformula
  194           | • "G[.] operator" sqbkt_num "separator for square bracket operator" sqbkt_num "closing !]" subformula
  195           | • "G[.] operator" sqbkt_num OP_SQBKT_SEP_unbounded "closing bracket" subformula
  196           | • "G[.] operator" sqbkt_num OP_SQBKT_SEP_unbounded "closing !]" subformula
  197           | • "G[.] operator" sqbkt_num "closing bracket" subformula
  198           | • "G[.] operator" sqbkt_num "closing !]" subformula
  199           | • "G[.] operator" sqbkt_num "separator for square bracket operator" sqbkt_num "closing bracket" error
  200           | • "G[.] operator" sqbkt_num "separator for square bracket operator" sqbkt_num "closing !]" error
  201           | • "G[.] operator" error_opt "end of formula"
  202           | • "G[.] operator" error "closing bracket" subformula
  203           | • "G[.] operator" error "closing !]" subformula
  204           | • "next operator" subformula
  205           | • "next operator" error
  206           | • "strong next operator" subformula
  207           | • "strong next operator" error
  208           | • "X[.] operator" sqbkt_num "closing bracket" subformula
  209           | • "X[.] operator" sqbkt_num "closing bracket" error
  210           | • "X[.] operator" error "closing bracket" subformula
  211           | • "X[.] operator" "closing !]" subformula
  212           | • "X[.] operator" sqbkt_num "closing !]" subformula
  213           | • "X[.] operator" error "closing !]" subformula
  214           | • "X[.] operator" error_opt "end of formula"
  215           | • "not operator" subformula
  216           | • "not operator" error
  217           | • bracedsere
  218           | • bracedsere "universal concat operator" subformula
  219           | • bracedsere parenthesedsubformula
  220           | • bracedsere "universal concat operator" error
  221           | • bracedsere "existential concat operator" subformula
  222           | • bracedsere "existential concat operator" error
  223           | • bracedsere "universal non-overlapping concat operator" subformula
  224           | • bracedsere "universal non-overlapping concat operator" error
  225           | • bracedsere "existential non-overlapping concat operator" subformula
  226           | • bracedsere "existential non-overlapping concat operator" error
  227           | • "opening brace" sere "closing brace-bang"
  228           | • "{...}! block"

    error                   shift, and go to state 85
    "opening parenthesis"   shift, and go to state 7
    "(...) block"           shift, and go to state 8
    "{...} block"           shift, and go to state 9
    "{...}! block"          shift, and go to state 10
    "opening brace"         shift, and go to state 11
    "sometimes operator"    shift, and go to state 12
    "always operator"       shift, and go to state 13
    "next operator"         shift, and go to state 14
    "strong next operator"  shift, and go to state 15
    "not operator"          shift, and go to state 18
    "X[.] operator"         shift, and go to state 19
    "F[.] operator"         shift, and go to state 20
    "G[.] operator"         shift, and go to state 21
    "atomic proposition"    shift, and go to state 22
    "constant true"         shift, and go to state 23
    "constant false"        shift, and go to state 24

    atomprop               go to state 28
    booleanatom            go to state 29
    bracedsere             go to state 30
    parenthesedsubformula  go to state 31
    subformula             go to state 86


State 8

  112 parenthesedsubformula: "(...) block" •

    $default  reduce using rule 112 (parenthesedsubformula)


State 9

  111 bracedsere: "{...} block" •

    $default  reduce using rule 111 (bracedsere)


State 10

  228 subformula: "{...}! block" •

    $default  reduce using rule 228 (subformula)


State 11

   41 kleen_star: • "star operator"
   42           | • "bracket star operator"
   43 starargs: • kleen_star
   44         | • "plus operator"
   45         | • "opening bracket for star operator" sqbracketargs
   46         | • "opening bracket for star operator" error "closing bracket"
   47         | • "opening bracket for star operator" error_opt "end of formula"
   56 delayargs: • "opening bracket for SVA delay operator" sqbracketargs
   57          | • "opening bracket for SVA delay operator" error "closing bracket"
   58          | • "opening bracket for SVA delay operator" error_opt "end of formula"
   59          | • "##[+] operator"
   60          | • "##[*] operator"
   61 atomprop: • "atomic proposition"
   62 booleanatom: • atomprop
   63            | • atomprop "positive suffix"
   64            | • atomprop "negative suffix"
   65            | • "constant true"
   66            | • "constant false"
   67 sere: • booleanatom
   68     | • "not operator" sere
   69     | • bracedsere
   70     | • "(...) block"
   71     | • "opening parenthesis" sere "closing parenthesis"
   72     | • "opening parenthesis" error "closing parenthesis"
   73     | • "opening parenthesis" sere "end of formula"
   74     | • "opening parenthesis" error "end of formula"
   75     | • sere "and operator" sere
   76     | • sere "and operator" error
   77     | • sere "short and operator" sere
   78     | • sere "short and operator" error
   79     | • sere "or operator" sere
   80     | • sere "or operator" error
   81     | • sere "concat operator" sere
   82     | • sere "concat operator" error
   83     | • sere ":" sere
   84     | • sere ":" error
   85     | • "SVA delay operator" sere
   86     | • "SVA delay operator" error
   87     | • sere "SVA delay operator" sere
   88     | • sere "SVA delay operator" error
   89     | • delayargs sere
   90     | • delayargs error
   91     | • sere delayargs sere
   92     | • sere delayargs error
   93     | • starargs
   94     | • sere starargs
   95     | • sere fstarargs
   96     | • sere equalargs
   97     | • sere gotoargs
   98     | • sere "xor operator" sere
   99     | • sere "xor operator" error
  100     | • sere "implication operator" sere
  101     | • sere "implication operator" error
  102     | • sere "equivalent operator" sere
  103     | • sere "equivalent operator" error
  104     | • "first_match" "opening parenthesis" sere "closing parenthesis"
  105 bracedsere: • "opening brace" sere "closing brace"
  105           | "opening brace" • sere "closing brace"
  106           | • "opening brace" sere error "closing brace"
  106           | "opening brace" • sere error "closing brace"
  107           | • "opening brace" error "closing brace"
  107           | "opening brace" • error "closing brace"
  108           | • "opening brace" sere "end of formula"
  108           | "opening brace" • sere "end of formula"
  109           | • "opening brace" sere error "end of formula"
  109           | "opening brace" • sere error "end of formula"
  110           | • "opening brace" error "end of formula"
  110           | "opening brace" • error "end of formula"
  111           | • "{...} block"
  227 subformula: "opening brace" • sere "closing brace-bang"

    error                                     shift, and go to state 87
    "opening parenthesis"                     shift, and go to state 55
    "(...) block"                             shift, and go to state 56
    "{...} block"                             shift, and go to state 9
    "opening brace"                           shift, and go to state 57
    "not operator"                            shift, and go to state 58
    "star operator"                           shift, and go to state 59
    "bracket star operator"                   shift, and go to state 60
    "plus operator"                           shift, and go to state 61
    "opening bracket for star operator"       shift, and go to state 62
    "first_match"                             shift, and go to state 63
    "atomic proposition"                      shift, and go to state 22
    "constant true"                           shift, and go to state 23
    "constant false"                          shift, and go to state 24
    "SVA delay operator"                      shift, and go to state 64
    "opening bracket for SVA delay operator"  shift, and go to state 65
    "##[+] operator"                          shift, and go to state 66
    "##[*] operator"                          shift, and go to state 67

    kleen_star   go to state 70
    starargs     go to state 71
    delayargs    go to state 72
    atomprop     go to state 28
    booleanatom  go to state 73
    sere         go to state 88
    bracedsere   go to state 75


State 12

   61 atomprop: • "atomic proposition"
   62 booleanatom: • atomprop
   63            | • atomprop "positive suffix"
   64            | • atomprop "negative suffix"
   65            | • "constant true"
   66            | • "constant false"
  105 bracedsere: • "opening brace" sere "closing brace"
  106           | • "opening brace" sere error "closing brace"
  107           | • "opening brace" error "closing brace"
  108           | • "opening brace" sere "end of formula"
  109           | • "opening brace" sere error "end of formula"
  110           | • "opening brace" error "end of formula"
  111           | • "{...} block"
  112 parenthesedsubformula: • "(...) block"
  113                      | • "opening parenthesis" subformula "closing parenthesis"
  114                      | • "opening parenthesis" subformula error "closing parenthesis"
  115                      | • "opening parenthesis" error "closing parenthesis"
  116                      | • "opening parenthesis" subformula "end of formula"
  117                      | • "opening parenthesis" subformula error "end of formula"
  118                      | • "opening parenthesis" error "end of formula"
  154 subformula: • booleanatom
  155           | • parenthesedsubformula
  156           | • subformula "and operator" subformula
  157           | • subformula "and operator" error
  158           | • subformula "short and operator" subformula
  159           | • subformula "short and operator" error
  160           | • subformula "star operator" subformula
  161           | • subformula "star operator" error
  162           | • subformula "or operator" subformula
  163           | • subformula "or operator" error
  164           | • subformula "xor operator" subformula
  165           | • subformula "xor operator" error
  166           | • subformula "implication operator" subformula
  167           | • subformula "implication operator" error
  168           | • subformula "equivalent operator" subformula
  169           | • subformula "equivalent operator" error
  170           | • subformula "until operator" subformula
  171           | • subformula "until operator" error
  172           | • subformula "release operator" subformula
  173           | • subformula "release operator" error
  174           | • subformula "weak until operator" subformula
  175           | • subformula "weak until operator" error
  176           | • subformula "strong release operator" subformula
  177           | • subformula "strong release operator" error
  178           | • "sometimes operator" subformula
  178           | "sometimes operator" • subformula
  179           | • "sometimes operator" error
  179           | "sometimes operator" • error
  180           | • "F[.] operator" sqbkt_num "closing bracket" subformula
  181           | • "F[.] operator" sqbkt_num "closing !]" subformula
  182           | • "F[.] operator" sqbkt_num "separator for square bracket operator" sqbkt_num "closing bracket" subformula
  183           | • "F[.] operator" sqbkt_num "separator for square bracket operator" sqbkt_num "closing !]" subformula
  184           | • "F[.] operator" sqbkt_num OP_SQBKT_SEP_unbounded "closing bracket" subformula
  185           | • "F[.] operator" sqbkt_num OP_SQBKT_SEP_unbounded "closing !]" subformula
  186           | • "F[.] operator" sqbkt_num "separator for square bracket operator" sqbkt_num "closing bracket" error
  187           | • "F[.] operator" sqbkt_num "separator for square bracket operator" sqbkt_num "closing !]" error
  188           | • "F[.] operator" error_opt "end of formula"
  189           | • "F[.] operator" error "closing bracket" subformula
  190           | • "F[.] operator" error "closing !]" subformula
  191           | • "always operator" subformula
  192           | • "always operator" error
  193           | • "G[.] operator" sqbkt_num "separator for square bracket operator" sqbkt_num "closing bracket" subformula
  194           | • "G[.] operator" sqbkt_num "separator for square bracket operator" sqbkt_num "closing !]" subformula
  195           | • "G[.] operator" sqbkt_num OP_SQBKT_SEP_unbounded "closing bracket" subformula
  196           | • "G[.] operator" sqbkt_num OP_SQBKT_SEP_unbounded "closing !]" subformula
  197           | • "G[.] operator" sqbkt_num "closing bracket" subformula
  198           | • "G[.] operator" sqbkt_num "closing !]" subformula
  199           | • "G[.] operator" sqbkt_num "separator for square bracket operator" sqbkt_num "closing bracket" error
  200           | • "G[.] operator" sqbkt_num "separator for square bracket operator" sqbkt_num "closing !]" error
  201           | • "G[.] operator" error_opt "end of formula"
  202           | • "G[.] operator" error "closing bracket" subformula
  203           | • "G[.] operator" error "closing !]" subformula
  204           | • "next operator" subformula
  205           | • "next operator" error
  206           | • "strong next operator" subformula
  207           | • "strong next operator" error
  208           | • "X[.] operator" sqbkt_num "closing bracket" subformula
  209           | • "X[.] operator" sqbkt_num "closing bracket" error
  210           | • "X[.] operator" error "closing bracket" subformula
  211           | • "X[.] operator" "closing !]" subformula
  212           | • "X[.] operator" sqbkt_num "closing !]" subformula
  213           | • "X[.] operator" error "closing !]" subformula
  214           | • "X[.] operator" error_opt "end of formula"
  215           | • "not operator" subformula
  216           | • "not operator" error
  217           | • bracedsere
  218           | • bracedsere "universal concat operator" subformula
  219           | • bracedsere parenthesedsubformula
  220           | • bracedsere "universal concat operator" error
  221           | • bracedsere "existential concat operator" subformula
  222           | • bracedsere "existential concat operator" error
  223           | • bracedsere "universal non-overlapping concat operator" subformula
  224           | • bracedsere "universal non-overlapping concat operator" error
  225           | • bracedsere "existential non-overlapping concat operator" subformula
  226           | • bracedsere "existential non-overlapping concat operator" error
  227           | • "opening brace" sere "closing brace-bang"
  228           | • "{...}! block"

    error                   shift, and go to state 89
    "opening parenthesis"   shift, and go to state 7
    "(...) block"           shift, and go to state 8
    "{...} block"           shift, and go to state 9
    "{...}! block"          shift, and go to state 10
    "opening brace"         shift, and go to state 11
    "sometimes operator"    shift, and go to state 12
    "always operator"       shift, and go to state 13
    "next operator"         shift, and go to state 14
    "strong next operator"  shift, and go to state 15
    "not operator"          shift, and go to state 18
    "X[.] operator"         shift, and go to state 19
    "F[.] operator"         shift, and go to state 20
    "G[.] operator"         shift, and go to state 21
    "atomic proposition"    shift, and go to state 22
    "constant true"         shift, and go to state 23
    "constant false"        shift, and go to state 24

    atomprop               go to state 28
    booleanatom            go to state 29
    bracedsere             go to state 30
    parenthesedsubformula  go to state 31
    subformula             go to state 90


State 13

   61 atomprop: • "atomic proposition"
   62 booleanatom: • atomprop
   63            | • atomprop "positive suffix"
   64            | • atomprop "negative suffix"
   65            | • "constant true"
   66            | • "constant false"
  105 bracedsere: • "opening brace" sere "closing brace"
  106           | • "opening brace" sere error "closing brace"
  107           | • "opening brace" error "closing brace"
  108           | • "opening brace" sere "end of formula"
  109           | • "opening brace" sere error "end of formula"
  110           | • "opening brace" error "end of formula"
  111           | • "{...} block"
  112 parenthesedsubformula: • "(...) block"
  113                      | • "opening parenthesis" subformula "closing parenthesis"
  114                      | • "opening parenthesis" subformula error "closing parenthesis"
  115                      | • "opening parenthesis" error "closing parenthesis"
  116                      | • "opening parenthesis" subformula "end of formula"
  117                      | • "opening parenthesis" subformula error "end of formula"
  118                      | • "opening parenthesis" error "end of formula"
  154 subformula: • booleanatom
  155           | • parenthesedsubformula
  156           | • subformula "and operator" subformula
  157           | • subformula "and operator" error
  158           | • subformula "short and operator" subformula
  159           | • subformula "short and operator" error
  160           | • subformula "star operator" subformula
  161           | • subformula "star operator" error
  162           | • subformula "or operator" subformula
  163           | • subformula "or operator" error
  164           | • subformula "xor operator" subformula
  165           | • subformula "xor operator" error
  166           | • subformula "implication operator" subformula
  167           | • subformula "implication operator" error
  168           | • subformula "equivalent operator" subformula
  169           | • subformula "equivalent operator" error
  170           | • subformula "until operator" subformula
  171           | • subformula "until operator" error
  172           | • subformula "release operator" subformula
  173           | • subformula "release operator" error
  174           | • subformula "weak until operator" subformula
  175           | • subformula "weak until operator" error
  176           | • subformula "strong release operator" subformula
  177           | • subformula "strong release operator" error
  178           | • "sometimes operator" subformula
  179           | • "sometimes operator" error
  180           | • "F[.] operator" sqbkt_num "closing bracket" subformula
  181           | • "F[.] operator" sqbkt_num "closing !]" subformula
  182           | • "F[.] operator" sqbkt_num "separator for square bracket operator" sqbkt_num "closing bracket" subformula
  183           | • "F[.] operator" sqbkt_num "separator for square bracket operator" sqbkt_num "closing !]" subformula
  184           | • "F[.] operator" sqbkt_num OP_SQBKT_SEP_unbounded "closing bracket" subformula
  185           | • "F[.] operator" sqbkt_num OP_SQBKT_SEP_unbounded "closing !]" subformula
  186           | • "F[.] operator" sqbkt_num "separator for square bracket operator" sqbkt_num "closing bracket" error
  187           | • "F[.] operator" sqbkt_num "separator for square bracket operator" sqbkt_num "closing !]" error
  188           | • "F[.] operator" error_opt "end of formula"
  189           | • "F[.] operator" error "closing bracket" subformula
  190           | • "F[.] operator" error "closing !]" subformula
  191           | • "always operator" subformula
  191           | "always operator" • subformula
  192           | • "always operator" error
  192           | "always operator" • error
  193           | • "G[.] operator" sqbkt_num "separator for square bracket operator" sqbkt_num "closing bracket" subformula
  194           | • "G[.] operator" sqbkt_num "separator for square bracket operator" sqbkt_num "closing !]" subformula
  195           | • "G[.] operator" sqbkt_num OP_SQBKT_SEP_unbounded "closing bracket" subformula
  196           | • "G[.] operator" sqbkt_num OP_SQBKT_SEP_unbounded "closing !]" subformula
  197           | • "G[.] operator" sqbkt_num "closing bracket" subformula
  198           | • "G[.] operator" sqbkt_num "closing !]" subformula
  199           | • "G[.] operator" sqbkt_num "separator for square bracket operator" sqbkt_num "closing bracket" error
  200           | • "G[.] operator" sqbkt_num "separator for square bracket operator" sqbkt_num "closing !]" error
  201           | • "G[.] operator" error_opt "end of formula"
  202           | • "G[.] operator" error "closing bracket" subformula
  203           | • "G[.] operator" error "closing !]" subformula
  204           | • "next operator" subformula
  205           | • "next operator" error
  206           | • "strong next operator" subformula
  207           | • "strong next operator" error
  208           | • "X[.] operator" sqbkt_num "closing bracket" subformula
  209           | • "X[.] operator" sqbkt_num "closing bracket" error
  210           | • "X[.] operator" error "closing bracket" subformula
  211           | • "X[.] operator" "closing !]" subformula
  212           | • "X[.] operator" sqbkt_num "closing !]" subformula
  213           | • "X[.] operator" error "closing !]" subformula
  214           | • "X[.] operator" error_opt "end of formula"
  215           | • "not operator" subformula
  216           | • "not operator" error
  217           | • bracedsere
  218           | • bracedsere "universal concat operator" subformula
  219           | • bracedsere parenthesedsubformula
  220           | • bracedsere "universal concat operator" error
  221           | • bracedsere "existential concat operator" subformula
  222           | • bracedsere "existential concat operator" error
  223           | • bracedsere "universal non-overlapping concat operator" subformula
  224           | • bracedsere "universal non-overlapping concat operator" error
  225           | • bracedsere "existential non-overlapping concat operator" subformula
  226           | • bracedsere "existential non-overlapping concat operator" error
  227           | • "opening brace" sere "closing brace-bang"
  228           | • "{...}! block"

    error                   shift, and go to state 91
    "opening parenthesis"   shift, and go to state 7
    "(...) block"           shift, and go to state 8
    "{...} block"           shift, and go to state 9
    "{...}! block"          shift, and go to state 10
    "opening brace"         shift, and go to state 11
    "sometimes operator"    shift, and go to state 12
    "always operator"       shift, and go to state 13
    "next operator"         shift, and go to state 14
    "strong next operator"  shift, and go to state 15
    "not operator"          shift, and go to state 18
    "X[.] operator"         shift, and go to state 19
    "F[.] operator"         shift, and go to state 20
    "G[.] operator"         shift, and go to state 21
    "atomic proposition"    shift, and go to state 22
    "constant true"         shift, and go to state 23
    "constant false"        shift, and go to state 24

    atomprop               go to state 28
    booleanatom            go to state 29
    bracedsere             go to state 30
    parenthesedsubformula  go to state 31
    subformula             go to state 92


State 14

   61 atomprop: • "atomic proposition"
   62 booleanatom: • atomprop
   63            | • atomprop "positive suffix"
   64            | • atomprop "negative suffix"
   65            | • "constant true"
   66            | • "constant false"
  105 bracedsere: • "opening brace" sere "closing brace"
  106           | • "opening brace" sere error "closing brace"
  107           | • "opening brace" error "closing brace"
  108           | • "opening brace" sere "end of formula"
  109           | • "opening brace" sere error "end of formula"
  110           | • "opening brace" error "end of formula"
  111           | • "{...} block"
  112 parenthesedsubformula: • "(...) block"
  113                      | • "opening parenthesis" subformula "closing parenthesis"
  114                      | • "opening parenthesis" subformula error "closing parenthesis"
  115                      | • "opening parenthesis" error "closing parenthesis"
  116                      | • "opening parenthesis" subformula "end of formula"
  117                      | • "opening parenthesis" subformula error "end of formula"
  118                      | • "opening parenthesis" error "end of formula"
  154 subformula: • booleanatom
  155           | • parenthesedsubformula
  156           | • subformula "and operator" subformula
  157           | • subformula "and operator" error
  158           | • subformula "short and operator" subformula
  159           | • subformula "short and operator" error
  160           | • subformula "star operator" subformula
  161           | • subformula "star operator" error
  162           | • subformula "or operator" subformula
  163           | • subformula "or operator" error
  164           | • subformula "xor operator" subformula
  165           | • subformula "xor operator" error
  166           | • subformula "implication operator" subformula
  167           | • subformula "implication operator" error
  168           | • subformula "equivalent operator" subformula
  169           | • subformula "equivalent operator" error
  170           | • subformula "until operator" subformula
  171           | • subformula "until operator" error
  172           | • subformula "release operator" subformula
  173           | • subformula "release operator" error
  174           | • subformula "weak until operator" subformula
  175           | • subformula "weak until operator" error
  176           | • subformula "strong release operator" subformula
  177           | • subformula "strong release operator" error
  178           | • "sometimes operator" subformula
  179           | • "sometimes operator" error
  180           | • "F[.] operator" sqbkt_num "closing bracket" subformula
  181           | • "F[.] operator" sqbkt_num "closing !]" subformula
  182           | • "F[.] operator" sqbkt_num "separator for square bracket operator" sqbkt_num "closing bracket" subformula
  183           | • "F[.] operator" sqbkt_num "separator for square bracket operator" sqbkt_num "closing !]" subformula
  184           | • "F[.] operator" sqbkt_num OP_SQBKT_SEP_unbounded "closing bracket" subformula
  185           | • "F[.] operator" sqbkt_num OP_SQBKT_SEP_unbounded "closing !]" subformula
  186           | • "F[.] operator" sqbkt_num "separator for square bracket operator" sqbkt_num "closing bracket" error
  187           | • "F[.] operator" sqbkt_num "separator for square bracket operator" sqbkt_num "closing !]" error
  188           | • "F[.] operator" error_opt "end of formula"
  189           | • "F[.] operator" error "closing bracket" subformula
  190           | • "F[.] operator" error "closing !]" subformula
  191           | • "always operator" subformula
  192           | • "always operator" error
  193           | • "G[.] operator" sqbkt_num "separator for square bracket operator" sqbkt_num "closing bracket" subformula
  194           | • "G[.] operator" sqbkt_num "separator for square bracket operator" sqbkt_num "closing !]" subformula
  195           | • "G[.] operator" sqbkt_num OP_SQBKT_SEP_unbounded "closing bracket" subformula
  196           | • "G[.] operator" sqbkt_num OP_SQBKT_SEP_unbounded "closing !]" subformula
  197           | • "G[.] operator" sqbkt_num "closing bracket" subformula
  198           | • "G[.] operator" sqbkt_num "closing !]" subformula
  199           | • "G[.] operator" sqbkt_num "separator for square bracket operator" sqbkt_num "closing bracket" error
  200           | • "G[.] operator" sqbkt_num "separator for square bracket operator" sqbkt_num "closing !]" error
  201           | • "G[.] operator" error_opt "end of formula"
  202           | • "G[.] operator" error "closing bracket" subformula
  203           | • "G[.] operator" error "closing !]" subformula
  204           | • "next operator" subformula
  204           | "next operator" • subformula
  205           | • "next operator" error
  205           | "next operator" • error
  206           | • "strong next operator" subformula
  207           | • "strong next operator" error
  208           | • "X[.] operator" sqbkt_num "closing bracket" subformula
  209           | • "X[.] operator" sqbkt_num "closing bracket" error
  210           | • "X[.] operator" error "closing bracket" subformula
  211           | • "X[.] operator" "closing !]" subformula
  212           | • "X[.] operator" sqbkt_num "closing !]" subformula
  213           | • "X[.] operator" error "closing !]" subformula
  214           | • "X[.] operator" error_opt "end of formula"
  215           | • "not operator" subformula
  216           | • "not operator" error
  217           | • bracedsere
  218           | • bracedsere "universal concat operator" subformula
  219           | • bracedsere parenthesedsubformula
  220           | • bracedsere "universal concat operator" error
  221           | • bracedsere "existential concat operator" subformula
  222           | • bracedsere "existential concat operator" error
  223           | • bracedsere "universal non-overlapping concat operator" subformula
  224           | • bracedsere "universal non-overlapping concat operator" error
  225           | • bracedsere "existential non-overlapping concat operator" subformula
  226           | • bracedsere "existential non-overlapping concat operator" error
  227           | • "opening brace" sere "closing brace-bang"
  228           | • "{...}! block"

    error                   shift, and go to state 93
    "opening parenthesis"   shift, and go to state 7
    "(...) block"           shift, and go to state 8
    "{...} block"           shift, and go to state 9
    "{...}! block"          shift, and go to state 10
    "opening brace"         shift, and go to state 11
    "sometimes operator"    shift, and go to state 12
    "always operator"       shift, and go to state 13
    "next operator"         shift, and go to state 14
    "strong next operator"  shift, and go to state 15
    "not operator"          shift, and go to state 18
    "X[.] operator"         shift, and go to state 19
    "F[.] operator"         shift, and go to state 20
    "G[.] operator"         shift, and go to state 21
    "atomic proposition"    shift, and go to state 22
    "constant true"         shift, and go to state 23
    "constant false"        shift, and go to state 24

    atomprop               go to state 28
    booleanatom            go to state 29
    bracedsere             go to state 30
    parenthesedsubformula  go to state 31
    subformula             go to state 94


State 15

   61 atomprop: • "atomic proposition"
   62 booleanatom: • atomprop
   63            | • atomprop "positive suffix"
   64            | • atomprop "negative suffix"
   65            | • "constant true"
   66            | • "constant false"
  105 bracedsere: • "opening brace" sere "closing brace"
  106           | • "opening brace" sere error "closing brace"
  107           | • "opening brace" error "closing brace"
  108           | • "opening brace" sere "end of formula"
  109           | • "opening brace" sere error "end of formula"
  110           | • "opening brace" error "end of formula"
  111           | • "{...} block"
  112 parenthesedsubformula: • "(...) block"
  113                      | • "opening parenthesis" subformula "closing parenthesis"
  114                      | • "opening parenthesis" subformula error "closing parenthesis"
  115                      | • "opening parenthesis" error "closing parenthesis"
  116                      | • "opening parenthesis" subformula "end of formula"
  117                      | • "opening parenthesis" subformula error "end of formula"
  118                      | • "opening parenthesis" error "end of formula"
  154 subformula: • booleanatom
  155           | • parenthesedsubformula
  156           | • subformula "and operator" subformula
  157           | • subformula "and operator" error
  158           | • subformula "short and operator" subformula
  159           | • subformula "short and operator" error
  160           | • subformula "star operator" subformula
  161           | • subformula "star operator" error
  162           | • subformula "or operator" subformula
  163           | • subformula "or operator" error
  164           | • subformula "xor operator" subformula
  165           | • subformula "xor operator" error
  166           | • subformula "implication operator" subformula
  167           | • subformula "implication operator" error
  168           | • subformula "equivalent operator" subformula
  169           | • subformula "equivalent operator" error
  170           | • subformula "until operator" subformula
  171           | • subformula "until operator" error
  172           | • subformula "release operator" subformula
  173           | • subformula "release operator" error
  174           | • subformula "weak until operator" subformula
  175           | • subformula "weak until operator" error
  176           | • subformula "strong release operator" subformula
  177           | • subformula "strong release operator" error
  178           | • "sometimes operator" subformula
  179           | • "sometimes operator" error
  180           | • "F[.] operator" sqbkt_num "closing bracket" subformula
  181           | • "F[.] operator" sqbkt_num "closing !]" subformula
  182           | • "F[.] operator" sqbkt_num "separator for square bracket operator" sqbkt_num "closing bracket" subformula
  183           | • "F[.] operator" sqbkt_num "separator for square bracket operator" sqbkt_num "closing !]" subformula
  184           | • "F[.] operator" sqbkt_num OP_SQBKT_SEP_unbounded "closing bracket" subformula
  185           | • "F[.] operator" sqbkt_num OP_SQBKT_SEP_unbounded "closing !]" subformula
  186           | • "F[.] operator" sqbkt_num "separator for square bracket operator" sqbkt_num "closing bracket" error
  187           | • "F[.] operator" sqbkt_num "separator for square bracket operator" sqbkt_num "closing !]" error
  188           | • "F[.] operator" error_opt "end of formula"
  189           | • "F[.] operator" error "closing bracket" subformula
  190           | • "F[.] operator" error "closing !]" subformula
  191           | • "always operator" subformula
  192           | • "always operator" error
  193           | • "G[.] operator" sqbkt_num "separator for square bracket operator" sqbkt_num "closing bracket" subformula
  194           | • "G[.] operator" sqbkt_num "separator for square bracket operator" sqbkt_num "closing !]" subformula
  195           | • "G[.] operator" sqbkt_num OP_SQBKT_SEP_unbounded "closing bracket" subformula
  196           | • "G[.] operator" sqbkt_num OP_SQBKT_SEP_unbounded "closing !]" subformula
  197           | • "G[.] operator" sqbkt_num "closing bracket" subformula
  198           | • "G[.] operator" sqbkt_num "closing !]" subformula
  199           | • "G[.] operator" sqbkt_num "separator for square bracket operator" sqbkt_num "closing bracket" error
  200           | • "G[.] operator" sqbkt_num "separator for square bracket operator" sqbkt_num "closing !]" error
  201           | • "G[.] operator" error_opt "end of formula"
  202           | • "G[.] operator" error "closing bracket" subformula
  203           | • "G[.] operator" error "closing !]" subformula
  204           | • "next operator" subformula
  205           | • "next operator" error
  206           | • "strong next operator" subformula
  206           | "strong next operator" • subformula
  207           | • "strong next operator" error
  207           | "strong next operator" • error
  208           | • "X[.] operator" sqbkt_num "closing bracket" subformula
  209           | • "X[.] operator" sqbkt_num "closing bracket" error
  210           | • "X[.] operator" error "closing bracket" subformula
  211           | • "X[.] operator" "closing !]" subformula
  212           | • "X[.] operator" sqbkt_num "closing !]" subformula
  213           | • "X[.] operator" error "closing !]" subformula
  214           | • "X[.] operator" error_opt "end of formula"
  215           | • "not operator" subformula
  216           | • "not operator" error
  217           | • bracedsere
  218           | • bracedsere "universal concat operator" subformula
  219           | • bracedsere parenthesedsubformula
  220           | • bracedsere "universal concat operator" error
  221           | • bracedsere "existential concat operator" subformula
  222           | • bracedsere "existential concat operator" error
  223           | • bracedsere "universal non-overlapping concat operator" subformula
  224           | • bracedsere "universal non-overlapping concat operator" error
  225           | • bracedsere "existential non-overlapping concat operator" subformula
  226           | • bracedsere "existential non-overlapping concat operator" error
  227           | • "opening brace" sere "closing brace-bang"
  228           | • "{...}! block"

    error                   shift, and go to state 95
    "opening parenthesis"   shift, and go to state 7
    "(...) block"           shift, and go to state 8
    "{...} block"           shift, and go to state 9
    "{...}! block"          shift, and go to state 10
    "opening brace"         shift, and go to state 11
    "sometimes operator"    shift, and go to state 12
    "always operator"       shift, and go to state 13
    "next operator"         shift, and go to state 14
    "strong next operator"  shift, and go to state 15
    "not operator"          shift, and go to state 18
    "X[.] operator"         shift, and go to state 19
    "F[.] operator"         shift, and go to state 20
    "G[.] operator"         shift, and go to state 21
    "atomic proposition"    shift, and go to state 22
    "constant true"         shift, and go to state 23
    "constant false"        shift, and go to state 24

    atomprop               go to state 28
    booleanatom            go to state 29
    bracedsere             go to state 30
    parenthesedsubformula  go to state 31
    subformula             go to state 96


State 16

   61 atomprop: • "atomic proposition"
  143 aplist: • atomprop
  144       | • aplist atomprop
  145       | • aplist "," atomprop
  148 exists_or_forall: "exists operator" •  [error, "end of formula"]
  150 quantifiedformula: "exists operator" • aplist ":" maybequantifiedformula

    "atomic proposition"  shift, and go to state 22

    $default  reduce using rule 148 (exists_or_forall)

    atomprop  go to state 97
    aplist    go to state 98


State 17

   61 atomprop: • "atomic proposition"
  143 aplist: • atomprop
  144       | • aplist atomprop
  145       | • aplist "," atomprop
  149 exists_or_forall: "forall operator" •  [error, "end of formula"]
  151 quantifiedformula: "forall operator" • aplist ":" maybequantifiedformula

    "atomic proposition"  shift, and go to state 22

    $default  reduce using rule 149 (exists_or_forall)

    atomprop  go to state 97
    aplist    go to state 99


State 18

   61 atomprop: • "atomic proposition"
   62 booleanatom: • atomprop
   63            | • atomprop "positive suffix"
   64            | • atomprop "negative suffix"
   65            | • "constant true"
   66            | • "constant false"
  105 bracedsere: • "opening brace" sere "closing brace"
  106           | • "opening brace" sere error "closing brace"
  107           | • "opening brace" error "closing brace"
  108           | • "opening brace" sere "end of formula"
  109           | • "opening brace" sere error "end of formula"
  110           | • "opening brace" error "end of formula"
  111           | • "{...} block"
  112 parenthesedsubformula: • "(...) block"
  113                      | • "opening parenthesis" subformula "closing parenthesis"
  114                      | • "opening parenthesis" subformula error "closing parenthesis"
  115                      | • "opening parenthesis" error "closing parenthesis"
  116                      | • "opening parenthesis" subformula "end of formula"
  117                      | • "opening parenthesis" subformula error "end of formula"
  118                      | • "opening parenthesis" error "end of formula"
  154 subformula: • booleanatom
  155           | • parenthesedsubformula
  156           | • subformula "and operator" subformula
  157           | • subformula "and operator" error
  158           | • subformula "short and operator" subformula
  159           | • subformula "short and operator" error
  160           | • subformula "star operator" subformula
  161           | • subformula "star operator" error
  162           | • subformula "or operator" subformula
  163           | • subformula "or operator" error
  164           | • subformula "xor operator" subformula
  165           | • subformula "xor operator" error
  166           | • subformula "implication operator" subformula
  167           | • subformula "implication operator" error
  168           | • subformula "equivalent operator" subformula
  169           | • subformula "equivalent operator" error
  170           | • subformula "until operator" subformula
  171           | • subformula "until operator" error
  172           | • subformula "release operator" subformula
  173           | • subformula "release operator" error
  174           | • subformula "weak until operator" subformula
  175           | • subformula "weak until operator" error
  176           | • subformula "strong release operator" subformula
  177           | • subformula "strong release operator" error
  178           | • "sometimes operator" subformula
  179           | • "sometimes operator" error
  180           | • "F[.] operator" sqbkt_num "closing bracket" subformula
  181           | • "F[.] operator" sqbkt_num "closing !]" subformula
  182           | • "F[.] operator" sqbkt_num "separator for square bracket operator" sqbkt_num "closing bracket" subformula
  183           | • "F[.] operator" sqbkt_num "separator for square bracket operator" sqbkt_num "closing !]" subformula
  184           | • "F[.] operator" sqbkt_num OP_SQBKT_SEP_unbounded "closing bracket" subformula
  185           | • "F[.] operator" sqbkt_num OP_SQBKT_SEP_unbounded "closing !]" subformula
  186           | • "F[.] operator" sqbkt_num "separator for square bracket operator" sqbkt_num "closing bracket" error
  187           | • "F[.] operator" sqbkt_num "separator for square bracket operator" sqbkt_num "closing !]" error
  188           | • "F[.] operator" error_opt "end of formula"
  189           | • "F[.] operator" error "closing bracket" subformula
  190           | • "F[.] operator" error "closing !]" subformula
  191           | • "always operator" subformula
  192           | • "always operator" error
  193           | • "G[.] operator" sqbkt_num "separator for square bracket operator" sqbkt_num "closing bracket" subformula
  194           | • "G[.] operator" sqbkt_num "separator for square bracket operator" sqbkt_num "closing !]" subformula
  195           | • "G[.] operator" sqbkt_num OP_SQBKT_SEP_unbounded "closing bracket" subformula
  196           | • "G[.] operator" sqbkt_num OP_SQBKT_SEP_unbounded "closing !]" subformula
  197           | • "G[.] operator" sqbkt_num "closing bracket" subformula
  198           | • "G[.] operator" sqbkt_num "closing !]" subformula
  199           | • "G[.] operator" sqbkt_num "separator for square bracket operator" sqbkt_num "closing bracket" error
  200           | • "G[.] operator" sqbkt_num "separator for square bracket operator" sqbkt_num "closing !]" error
  201           | • "G[.] operator" error_opt "end of formula"
  202           | • "G[.] operator" error "closing bracket" subformula
  203           | • "G[.] operator" error "closing !]" subformula
  204           | • "next operator" subformula
  205           | • "next operator" error
  206           | • "strong next operator" subformula
  207           | • "strong next operator" error
  208           | • "X[.] operator" sqbkt_num "closing bracket" subformula
  209           | • "X[.] operator" sqbkt_num "closing bracket" error
  210           | • "X[.] operator" error "closing bracket" subformula
  211           | • "X[.] operator" "closing !]" subformula
  212           | • "X[.] operator" sqbkt_num "closing !]" subformula
  213           | • "X[.] operator" error "closing !]" subformula
  214           | • "X[.] operator" error_opt "end of formula"
  215           | • "not operator" subformula
  215           | "not operator" • subformula
  216           | • "not operator" error
  216           | "not operator" • error
  217           | • bracedsere
  218           | • bracedsere "universal concat operator" subformula
  219           | • bracedsere parenthesedsubformula
  220           | • bracedsere "universal concat operator" error
  221           | • bracedsere "existential concat operator" subformula
  222           | • bracedsere "existential concat operator" error
  223           | • bracedsere "universal non-overlapping concat operator" subformula
  224           | • bracedsere "universal non-overlapping concat operator" error
  225           | • bracedsere "existential non-overlapping concat operator" subformula
  226           | • bracedsere "existential non-overlapping concat operator" error
  227           | • "opening brace" sere "closing brace-bang"
  228           | • "{...}! block"

    error                   shift, and go to state 100
    "opening parenthesis"   shift, and go to state 7
    "(...) block"           shift, and go to state 8
    "{...} block"           shift, and go to state 9
    "{...}! block"          shift, and go to state 10
    "opening brace"         shift, and go to state 11
    "sometimes operator"    shift, and go to state 12
    "always operator"       shift, and go to state 13
    "next operator"         shift, and go to state 14
    "strong next operator"  shift, and go to state 15
    "not operator"          shift, and go to state 18
    "X[.] operator"         shift, and go to state 19
    "F[.] operator"         shift, and go to state 20
    "G[.] operator"         shift, and go to state 21
    "atomic proposition"    shift, and go to state 22
    "constant true"         shift, and go to state 23
    "constant false"        shift, and go to state 24

    atomprop               go to state 28
    booleanatom            go to state 29
    bracedsere             go to state 30
    parenthesedsubformula  go to state 31
    subformula             go to state 101


State 19

   25 error_opt: ε •  ["end of formula"]
   26          | • error
   27 sqbkt_num: • "number for square bracket operator"
  208 subformula: "X[.] operator" • sqbkt_num "closing bracket" subformula
  209           | "X[.] operator" • sqbkt_num "closing bracket" error
  210           | "X[.] operator" • error "closing bracket" subformula
  211           | "X[.] operator" • "closing !]" subformula
  212           | "X[.] operator" • sqbkt_num "closing !]" subformula
  213           | "X[.] operator" • error "closing !]" subformula
  214           | "X[.] operator" • error_opt "end of formula"

    error                                 shift, and go to state 102
    "closing !]"                          shift, and go to state 103
    "number for square bracket operator"  shift, and go to state 104

    "end of formula"  reduce using rule 25 (error_opt)

    error_opt  go to state 105
    sqbkt_num  go to state 106


State 20

   25 error_opt: ε •  ["end of formula"]
   26          | • error
   27 sqbkt_num: • "number for square bracket operator"
  180 subformula: "F[.] operator" • sqbkt_num "closing bracket" subformula
  181           | "F[.] operator" • sqbkt_num "closing !]" subformula
  182           | "F[.] operator" • sqbkt_num "separator for square bracket operator" sqbkt_num "closing bracket" subformula
  183           | "F[.] operator" • sqbkt_num "separator for square bracket operator" sqbkt_num "closing !]" subformula
  184           | "F[.] operator" • sqbkt_num OP_SQBKT_SEP_unbounded "closing bracket" subformula
  185           | "F[.] operator" • sqbkt_num OP_SQBKT_SEP_unbounded "closing !]" subformula
  186           | "F[.] operator" • sqbkt_num "separator for square bracket operator" sqbkt_num "closing bracket" error
  187           | "F[.] operator" • sqbkt_num "separator for square bracket operator" sqbkt_num "closing !]" error
  188           | "F[.] operator" • error_opt "end of formula"
  189           | "F[.] operator" • error "closing bracket" subformula
  190           | "F[.] operator" • error "closing !]" subformula

    error                                 shift, and go to state 107
    "number for square bracket operator"  shift, and go to state 104

    "end of formula"  reduce using rule 25 (error_opt)

    error_opt  go to state 108
    sqbkt_num  go to state 109


State 21

   25 error_opt: ε •  ["end of formula"]
   26          | • error
   27 sqbkt_num: • "number for square bracket operator"
  193 subformula: "G[.] operator" • sqbkt_num "separator for square bracket operator" sqbkt_num "closing bracket" subformula
  194           | "G[.] operator" • sqbkt_num "separator for square bracket operator" sqbkt_num "closing !]" subformula
  195           | "G[.] operator" • sqbkt_num OP_SQBKT_SEP_unbounded "closing bracket" subformula
  196           | "G[.] operator" • sqbkt_num OP_SQBKT_SEP_unbounded "closing !]" subformula
  197           | "G[.] operator" • sqbkt_num "closing bracket" subformula
  198           | "G[.] operator" • sqbkt_num "closing !]" subformula
  199           | "G[.] operator" • sqbkt_num "separator for square bracket operator" sqbkt_num "closing bracket" error
  200           | "G[.] operator" • sqbkt_num "separator for square bracket operator" sqbkt_num "closing !]" error
  201           | "G[.] operator" • error_opt "end of formula"
  202           | "G[.] operator" • error "closing bracket" subformula
  203           | "G[.] operator" • error "closing !]" subformula

    error                                 shift, and go to state 110
    "number for square bracket operator"  shift, and go to state 104

    "end of formula"  reduce using rule 25 (error_opt)

    error_opt  go to state 111
    sqbkt_num  go to state 112


State 22

   61 atomprop: "atomic proposition" •

    $default  reduce using rule 61 (atomprop)


State 23

   65 booleanatom: "constant true" •

    $default  reduce using rule 65 (booleanatom)


State 24

   66 booleanatom: "constant false" •

    $default  reduce using rule 66 (booleanatom)


State 25

   19 emptyinput: "end of formula" •

    $default  reduce using rule 19 (emptyinput)


State 26

    6 result: "LTL start marker" emptyinput •

    $default  reduce using rule 6 (result)


State 27

    2 result: "LTL start marker" enderror •

    $default  reduce using rule 2 (result)


State 28

   62 booleanatom: atomprop •  [error, "closing parenthesis", "closing brace", "closing brace-bang", "or operator", "xor operator", "and operator", "short and operator", "implication operator", "equivalent operator", "until operator", "release operator", "weak until operator", "strong release operator", "star operator", "bracket star operator", "bracket fusion-star operator", "plus operator", "fusion-plus operator", "opening bracket for star operator", "opening bracket for fusion-star operator", "opening bracket for equal operator", "opening bracket for goto operator", "concat operator", ":", "end of formula", "SVA delay operator", "opening bracket for SVA delay operator", "##[+] operator", "##[*] operator"]
   63            | atomprop • "positive suffix"
   64            | atomprop • "negative suffix"

    "negative suffix"  shift, and go to state 113
    "positive suffix"  shift, and go to state 114

    $default  reduce using rule 62 (booleanatom)


State 29

  154 subformula: booleanatom •

    $default  reduce using rule 154 (subformula)


State 30

  112 parenthesedsubformula: • "(...) block"
  113                      | • "opening parenthesis" subformula "closing parenthesis"
  114                      | • "opening parenthesis" subformula error "closing parenthesis"
  115                      | • "opening parenthesis" error "closing parenthesis"
  116                      | • "opening parenthesis" subformula "end of formula"
  117                      | • "opening parenthesis" subformula error "end of formula"
  118                      | • "opening parenthesis" error "end of formula"
  217 subformula: bracedsere •  [error, "closing parenthesis", "or operator", "xor operator", "and operator", "short and operator", "implication operator", "equivalent operator", "until operator", "release operator", "weak until operator", "strong release operator", "star operator", "end of formula"]
  218           | bracedsere • "universal concat operator" subformula
  219           | bracedsere • parenthesedsubformula
  220           | bracedsere • "universal concat operator" error
  221           | bracedsere • "existential concat operator" subformula
  222           | bracedsere • "existential concat operator" error
  223           | bracedsere • "universal non-overlapping concat operator" subformula
  224           | bracedsere • "universal non-overlapping concat operator" error
  225           | bracedsere • "existential non-overlapping concat operator" subformula
  226           | bracedsere • "existential non-overlapping concat operator" error

    "opening parenthesis"                          shift, and go to state 7
    "(...) block"                                  shift, and go to state 8
    "universal concat operator"                    shift, and go to state 115
    "existential concat operator"                  shift, and go to state 116
    "universal non-overlapping concat operator"    shift, and go to state 117
    "existential non-overlapping concat operator"  shift, and go to state 118

    $default  reduce using rule 217 (subformula)

    parenthesedsubformula  go to state 119


State 31

  155 subformula: parenthesedsubformula •

    $default  reduce using rule 155 (subformula)


State 32

   25 error_opt: ε •  ["end of formula"]
   26          | • error
  152 quantifiedformula: exists_or_forall • error ":" maybequantifiedformula
  153                  | exists_or_forall • error_opt "end of formula"

    error  shift, and go to state 120

    "end of formula"  reduce using rule 25 (error_opt)

    error_opt  go to state 121


State 33

    4 result: "LTL start marker" quantifiedformula • "end of formula"
    5       | "LTL start marker" quantifiedformula • enderror
   20 enderror: • error "end of formula"

    error             shift, and go to state 6
    "end of formula"  shift, and go to state 122

    enderror  go to state 123


State 34

    1 result: "LTL start marker" subformula • "end of formula"
    3       | "LTL start marker" subformula • enderror
   20 enderror: • error "end of formula"
  156 subformula: subformula • "and operator" subformula
  157           | subformula • "and operator" error
  158           | subformula • "short and operator" subformula
  159           | subformula • "short and operator" error
  160           | subformula • "star operator" subformula
  161           | subformula • "star operator" error
  162           | subformula • "or operator" subformula
  163           | subformula • "or operator" error
  164           | subformula • "xor operator" subformula
  165           | subformula • "xor operator" error
  166           | subformula • "implication operator" subformula
  167           | subformula • "implication operator" error
  168           | subformula • "equivalent operator" subformula
  169           | subformula • "equivalent operator" error
  170           | subformula • "until operator" subformula
  171           | subformula • "until operator" error
  172           | subformula • "release operator" subformula
  173           | subformula • "release operator" error
  174           | subformula • "weak until operator" subformula
  175           | subformula • "weak until operator" error
  176           | subformula • "strong release operator" subformula
  177           | subformula • "strong release operator" error

    error                      shift, and go to state 6
    "or operator"              shift, and go to state 124
    "xor operator"             shift, and go to state 125
    "and operator"             shift, and go to state 126
    "short and operator"       shift, and go to state 127
    "implication operator"     shift, and go to state 128
    "equivalent operator"      shift, and go to state 129
    "until operator"           shift, and go to state 130
    "release operator"         shift, and go to state 131
    "weak until operator"      shift, and go to state 132
    "strong release operator"  shift, and go to state 133
    "star operator"            shift, and go to state 134
    "end of formula"           shift, and go to state 135

    enderror  go to state 136


State 35

   61 atomprop: • "atomic proposition"
  229 lbtformula: • atomprop
  230           | • '!' lbtformula
  230           | '!' • lbtformula
  231           | • '&' lbtformula lbtformula
  232           | • '|' lbtformula lbtformula
  233           | • '^' lbtformula lbtformula
  234           | • 'i' lbtformula lbtformula
  235           | • 'e' lbtformula lbtformula
  236           | • 'X' lbtformula
  237           | • 'F' lbtformula
  238           | • 'G' lbtformula
  239           | • 'U' lbtformula lbtformula
  240           | • 'V' lbtformula lbtformula
  241           | • 'R' lbtformula lbtformula
  242           | • 'W' lbtformula lbtformula
  243           | • 'M' lbtformula lbtformula
  244           | • 't'
  245           | • 'f'

    "atomic proposition"  shift, and go to state 22
    '!'                   shift, and go to state 35
    '&'                   shift, and go to state 36
    '|'                   shift, and go to state 37
    '^'                   shift, and go to state 38
    'i'                   shift, and go to state 39
    'e'                   shift, and go to state 40
    'X'                   shift, and go to state 41
    'F'                   shift, and go to state 42
    'G'                   shift, and go to state 43
    'U'                   shift, and go to state 44
    'V'                   shift, and go to state 45
    'R'                   shift, and go to state 46
    'W'                   shift, and go to state 47
    'M'                   shift, and go to state 48
    't'                   shift, and go to state 49
    'f'                   shift, and go to state 50

    atomprop    go to state 53
    lbtformula  go to state 137


State 36

   61 atomprop: • "atomic proposition"
  229 lbtformula: • atomprop
  230           | • '!' lbtformula
  231           | • '&' lbtformula lbtformula
  231           | '&' • lbtformula lbtformula
  232           | • '|' lbtformula lbtformula
  233           | • '^' lbtformula lbtformula
  234           | • 'i' lbtformula lbtformula
  235           | • 'e' lbtformula lbtformula
  236           | • 'X' lbtformula
  237           | • 'F' lbtformula
  238           | • 'G' lbtformula
  239           | • 'U' lbtformula lbtformula
  240           | • 'V' lbtformula lbtformula
  241           | • 'R' lbtformula lbtformula
  242           | • 'W' lbtformula lbtformula
  243           | • 'M' lbtformula lbtformula
  244           | • 't'
  245           | • 'f'

    "atomic proposition"  shift, and go to state 22
    '!'                   shift, and go to state 35
    '&'                   shift, and go to state 36
    '|'                   shift, and go to state 37
    '^'                   shift, and go to state 38
    'i'                   shift, and go to state 39
    'e'                   shift, and go to state 40
    'X'                   shift, and go to state 41
    'F'                   shift, and go to state 42
    'G'                   shift, and go to state 43
    'U'                   shift, and go to state 44
    'V'                   shift, and go to state 45
    'R'                   shift, and go to state 46
    'W'                   shift, and go to state 47
    'M'                   shift, and go to state 48
    't'                   shift, and go to state 49
    'f'                   shift, and go to state 50

    atomprop    go to state 53
    lbtformula  go to state 138


State 37

   61 atomprop: • "atomic proposition"
  229 lbtformula: • atomprop
  230           | • '!' lbtformula
  231           | • '&' lbtformula lbtformula
  232           | • '|' lbtformula lbtformula
  232           | '|' • lbtformula lbtformula
  233           | • '^' lbtformula lbtformula
  234           | • 'i' lbtformula lbtformula
  235           | • 'e' lbtformula lbtformula
  236           | • 'X' lbtformula
  237           | • 'F' lbtformula
  238           | • 'G' lbtformula
  239           | • 'U' lbtformula lbtformula
  240           | • 'V' lbtformula lbtformula
  241           | • 'R' lbtformula lbtformula
  242           | • 'W' lbtformula lbtformula
  243           | • 'M' lbtformula lbtformula
  244           | • 't'
  245           | • 'f'

    "atomic proposition"  shift, and go to state 22
    '!'                   shift, and go to state 35
    '&'                   shift, and go to state 36
    '|'                   shift, and go to state 37
    '^'                   shift, and go to state 38
    'i'                   shift, and go to state 39
    'e'                   shift, and go to state 40
    'X'                   shift, and go to state 41
    'F'                   shift, and go to state 42
    'G'                   shift, and go to state 43
    'U'                   shift, and go to state 44
    'V'                   shift, and go to state 45
    'R'                   shift, and go to state 46
    'W'                   shift, and go to state 47
    'M'                   shift, and go to state 48
    't'                   shift, and go to state 49
    'f'                   shift, and go to state 50

    atomprop    go to state 53
    lbtformula  go to state 139


State 38

   61 atomprop: • "atomic proposition"
  229 lbtformula: • atomprop
  230           | • '!' lbtformula
  231           | • '&' lbtformula lbtformula
  232           | • '|' lbtformula lbtformula
  233           | • '^' lbtformula lbtformula
  233           | '^' • lbtformula lbtformula
  234           | • 'i' lbtformula lbtformula
  235           | • 'e' lbtformula lbtformula
  236           | • 'X' lbtformula
  237           | • 'F' lbtformula
  238           | • 'G' lbtformula
  239           | • 'U' lbtformula lbtformula
  240           | • 'V' lbtformula lbtformula
  241           | • 'R' lbtformula lbtformula
  242           | • 'W' lbtformula lbtformula
  243           | • 'M' lbtformula lbtformula
  244           | • 't'
  245           | • 'f'

    "atomic proposition"  shift, and go to state 22
    '!'                   shift, and go to state 35
    '&'                   shift, and go to state 36
    '|'                   shift, and go to state 37
    '^'                   shift, and go to state 38
    'i'                   shift, and go to state 39
    'e'                   shift, and go to state 40
    'X'                   shift, and go to state 41
    'F'                   shift, and go to state 42
    'G'                   shift, and go to state 43
    'U'                   shift, and go to state 44
    'V'                   shift, and go to state 45
    'R'                   shift, and go to state 46
    'W'                   shift, and go to state 47
    'M'                   shift, and go to state 48
    't'                   shift, and go to state 49
    'f'                   shift, and go to state 50

    atomprop    go to state 53
    lbtformula  go to state 140


State 39

   61 atomprop: • "atomic proposition"
  229 lbtformula: • atomprop
  230           | • '!' lbtformula
  231           | • '&' lbtformula lbtformula
  232           | • '|' lbtformula lbtformula
  233           | • '^' lbtformula lbtformula
  234           | • 'i' lbtformula lbtformula
  234           | 'i' • lbtformula lbtformula
  235           | • 'e' lbtformula lbtformula
  236           | • 'X' lbtformula
  237           | • 'F' lbtformula
  238           | • 'G' lbtformula
  239           | • 'U' lbtformula lbtformula
  240           | • 'V' lbtformula lbtformula
  241           | • 'R' lbtformula lbtformula
  242           | • 'W' lbtformula lbtformula
  243           | • 'M' lbtformula lbtformula
  244           | • 't'
  245           | • 'f'

    "atomic proposition"  shift, and go to state 22
    '!'                   shift, and go to state 35
    '&'                   shift, and go to state 36
    '|'                   shift, and go to state 37
    '^'                   shift, and go to state 38
    'i'                   shift, and go to state 39
    'e'                   shift, and go to state 40
    'X'                   shift, and go to state 41
    'F'                   shift, and go to state 42
    'G'                   shift, and go to state 43
    'U'                   shift, and go to state 44
    'V'                   shift, and go to state 45
    'R'                   shift, and go to state 46
    'W'                   shift, and go to state 47
    'M'                   shift, and go to state 48
    't'                   shift, and go to state 49
    'f'                   shift, and go to state 50

    atomprop    go to state 53
    lbtformula  go to state 141


State 40

   61 atomprop: • "atomic proposition"
  229 lbtformula: • atomprop
  230           | • '!' lbtformula
  231           | • '&' lbtformula lbtformula
  232           | • '|' lbtformula lbtformula
  233           | • '^' lbtformula lbtformula
  234           | • 'i' lbtformula lbtformula
  235           | • 'e' lbtformula lbtformula
  235           | 'e' • lbtformula lbtformula
  236           | • 'X' lbtformula
  237           | • 'F' lbtformula
  238           | • 'G' lbtformula
  239           | • 'U' lbtformula lbtformula
  240           | • 'V' lbtformula lbtformula
  241           | • 'R' lbtformula lbtformula
  242           | • 'W' lbtformula lbtformula
  243           | • 'M' lbtformula lbtformula
  244           | • 't'
  245           | • 'f'

    "atomic proposition"  shift, and go to state 22
    '!'                   shift, and go to state 35
    '&'                   shift, and go to state 36
    '|'                   shift, and go to state 37
    '^'                   shift, and go to state 38
    'i'                   shift, and go to state 39
    'e'                   shift, and go to state 40
    'X'                   shift, and go to state 41
    'F'                   shift, and go to state 42
    'G'                   shift, and go to state 43
    'U'                   shift, and go to state 44
    'V'                   shift, and go to state 45
    'R'                   shift, and go to state 46
    'W'                   shift, and go to state 47
    'M'                   shift, and go to state 48
    't'                   shift, and go to state 49
    'f'                   shift, and go to state 50

    atomprop    go to state 53
    lbtformula  go to state 142


State 41

   61 atomprop: • "atomic proposition"
  229 lbtformula: • atomprop
  230           | • '!' lbtformula
  231           | • '&' lbtformula lbtformula
  232           | • '|' lbtformula lbtformula
  233           | • '^' lbtformula lbtformula
  234           | • 'i' lbtformula lbtformula
  235           | • 'e' lbtformula lbtformula
  236           | • 'X' lbtformula
  236           | 'X' • lbtformula
  237           | • 'F' lbtformula
  238           | • 'G' lbtformula
  239           | • 'U' lbtformula lbtformula
  240           | • 'V' lbtformula lbtformula
  241           | • 'R' lbtformula lbtformula
  242           | • 'W' lbtformula lbtformula
  243           | • 'M' lbtformula lbtformula
  244           | • 't'
  245           | • 'f'

    "atomic proposition"  shift, and go to state 22
    '!'                   shift, and go to state 35
    '&'                   shift, and go to state 36
    '|'                   shift, and go to state 37
    '^'                   shift, and go to state 38
    'i'                   shift, and go to state 39
    'e'                   shift, and go to state 40
    'X'                   shift, and go to state 41
    'F'                   shift, and go to state 42
    'G'                   shift, and go to state 43
    'U'                   shift, and go to state 44
    'V'                   shift, and go to state 45
    'R'                   shift, and go to state 46
    'W'                   shift, and go to state 47
    'M'                   shift, and go to state 48
    't'                   shift, and go to state 49
    'f'                   shift, and go to state 50

    atomprop    go to state 53
    lbtformula  go to state 143


State 42

   61 atomprop: • "atomic proposition"
  229 lbtformula: • atomprop
  230           | • '!' lbtformula
  231           | • '&' lbtformula lbtformula
  232           | • '|' lbtformula lbtformula
  233           | • '^' lbtformula lbtformula
  234           | • 'i' lbtformula lbtformula
  235           | • 'e' lbtformula lbtformula
  236           | • 'X' lbtformula
  237           | • 'F' lbtformula
  237           | 'F' • lbtformula
  238           | • 'G' lbtformula
  239           | • 'U' lbtformula lbtformula
  240           | • 'V' lbtformula lbtformula
  241           | • 'R' lbtformula lbtformula
  242           | • 'W' lbtformula lbtformula
  243           | • 'M' lbtformula lbtformula
  244           | • 't'
  245           | • 'f'

    "atomic proposition"  shift, and go to state 22
    '!'                   shift, and go to state 35
    '&'                   shift, and go to state 36
    '|'                   shift, and go to state 37
    '^'                   shift, and go to state 38
    'i'                   shift, and go to state 39
    'e'                   shift, and go to state 40
    'X'                   shift, and go to state 41
    'F'                   shift, and go to state 42
    'G'                   shift, and go to state 43
    'U'                   shift, and go to state 44
    'V'                   shift, and go to state 45
    'R'                   shift, and go to state 46
    'W'                   shift, and go to state 47
    'M'                   shift, and go to state 48
    't'                   shift, and go to state 49
    'f'                   shift, and go to state 50

    atomprop    go to state 53
    lbtformula  go to state 144


State 43

   61 atomprop: • "atomic proposition"
  229 lbtformula: • atomprop
  230           | • '!' lbtformula
  231           | • '&' lbtformula lbtformula
  232           | • '|' lbtformula lbtformula
  233           | • '^' lbtformula lbtformula
  234           | • 'i' lbtformula lbtformula
  235           | • 'e' lbtformula lbtformula
  236           | • 'X' lbtformula
  237           | • 'F' lbtformula
  238           | • 'G' lbtformula
  238           | 'G' • lbtformula
  239           | • 'U' lbtformula lbtformula
  240           | • 'V' lbtformula lbtformula
  241           | • 'R' lbtformula lbtformula
  242           | • 'W' lbtformula lbtformula
  243           | • 'M' lbtformula lbtformula
  244           | • 't'
  245           | • 'f'

    "atomic proposition"  shift, and go to state 22
    '!'                   shift, and go to state 35
    '&'                   shift, and go to state 36
    '|'                   shift, and go to state 37
    '^'                   shift, and go to state 38
    'i'                   shift, and go to state 39
    'e'                   shift, and go to state 40
    'X'                   shift, and go to state 41
    'F'                   shift, and go to state 42
    'G'                   shift, and go to state 43
    'U'                   shift, and go to state 44
    'V'                   shift, and go to state 45
    'R'                   shift, and go to state 46
    'W'                   shift, and go to state 47
    'M'                   shift, and go to state 48
    't'                   shift, and go to state 49
    'f'                   shift, and go to state 50

    atomprop    go to state 53
    lbtformula  go to state 145


State 44

   61 atomprop: • "atomic proposition"
  229 lbtformula: • atomprop
  230           | • '!' lbtformula
  231           | • '&' lbtformula lbtformula
  232           | • '|' lbtformula lbtformula
  233           | • '^' lbtformula lbtformula
  234           | • 'i' lbtformula lbtformula
  235           | • 'e' lbtformula lbtformula
  236           | • 'X' lbtformula
  237           | • 'F' lbtformula
  238           | • 'G' lbtformula
  239           | • 'U' lbtformula lbtformula
  239           | 'U' • lbtformula lbtformula
  240           | • 'V' lbtformula lbtformula
  241           | • 'R' lbtformula lbtformula
  242           | • 'W' lbtformula lbtformula
  243           | • 'M' lbtformula lbtformula
  244           | • 't'
  245           | • 'f'

    "atomic proposition"  shift, and go to state 22
    '!'                   shift, and go to state 35
    '&'                   shift, and go to state 36
    '|'                   shift, and go to state 37
    '^'                   shift, and go to state 38
    'i'                   shift, and go to state 39
    'e'                   shift, and go to state 40
    'X'                   shift, and go to state 41
    'F'                   shift, and go to state 42
    'G'                   shift, and go to state 43
    'U'                   shift, and go to state 44
    'V'                   shift, and go to state 45
    'R'                   shift, and go to state 46
    'W'                   shift, and go to state 47
    'M'                   shift, and go to state 48
    't'                   shift, and go to state 49
    'f'                   shift, and go to state 50

    atomprop    go to state 53
    lbtformula  go to state 146


State 45

   61 atomprop: • "atomic proposition"
  229 lbtformula: • atomprop
  230           | • '!' lbtformula
  231           | • '&' lbtformula lbtformula
  232           | • '|' lbtformula lbtformula
  233           | • '^' lbtformula lbtformula
  234           | • 'i' lbtformula lbtformula
  235           | • 'e' lbtformula lbtformula
  236           | • 'X' lbtformula
  237           | • 'F' lbtformula
  238           | • 'G' lbtformula
  239           | • 'U' lbtformula lbtformula
  240           | • 'V' lbtformula lbtformula
  240           | 'V' • lbtformula lbtformula
  241           | • 'R' lbtformula lbtformula
  242           | • 'W' lbtformula lbtformula
  243           | • 'M' lbtformula lbtformula
  244           | • 't'
  245           | • 'f'

    "atomic proposition"  shift, and go to state 22
    '!'                   shift, and go to state 35
    '&'                   shift, and go to state 36
    '|'                   shift, and go to state 37
    '^'                   shift, and go to state 38
    'i'                   shift, and go to state 39
    'e'                   shift, and go to state 40
    'X'                   shift, and go to state 41
    'F'                   shift, and go to state 42
    'G'                   shift, and go to state 43
    'U'                   shift, and go to state 44
    'V'                   shift, and go to state 45
    'R'                   shift, and go to state 46
    'W'                   shift, and go to state 47
    'M'                   shift, and go to state 48
    't'                   shift, and go to state 49
    'f'                   shift, and go to state 50

    atomprop    go to state 53
    lbtformula  go to state 147


State 46

   61 atomprop: • "atomic proposition"
  229 lbtformula: • atomprop
  230           | • '!' lbtformula
  231           | • '&' lbtformula lbtformula
  232           | • '|' lbtformula lbtformula
  233           | • '^' lbtformula lbtformula
  234           | • 'i' lbtformula lbtformula
  235           | • 'e' lbtformula lbtformula
  236           | • 'X' lbtformula
  237           | • 'F' lbtformula
  238           | • 'G' lbtformula
  239           | • 'U' lbtformula lbtformula
  240           | • 'V' lbtformula lbtformula
  241           | • 'R' lbtformula lbtformula
  241           | 'R' • lbtformula lbtformula
  242           | • 'W' lbtformula lbtformula
  243           | • 'M' lbtformula lbtformula
  244           | • 't'
  245           | • 'f'

    "atomic proposition"  shift, and go to state 22
    '!'                   shift, and go to state 35
    '&'                   shift, and go to state 36
    '|'                   shift, and go to state 37
    '^'                   shift, and go to state 38
    'i'                   shift, and go to state 39
    'e'                   shift, and go to state 40
    'X'                   shift, and go to state 41
    'F'                   shift, and go to state 42
    'G'                   shift, and go to state 43
    'U'                   shift, and go to state 44
    'V'                   shift, and go to state 45
    'R'                   shift, and go to state 46
    'W'                   shift, and go to state 47
    'M'                   shift, and go to state 48
    't'                   shift, and go to state 49
    'f'                   shift, and go to state 50

    atomprop    go to state 53
    lbtformula  go to state 148


State 47

   61 atomprop: • "atomic proposition"
  229 lbtformula: • atomprop
  230           | • '!' lbtformula
  231           | • '&' lbtformula lbtformula
  232           | • '|' lbtformula lbtformula
  233           | • '^' lbtformula lbtformula
  234           | • 'i' lbtformula lbtformula
  235           | • 'e' lbtformula lbtformula
  236           | • 'X' lbtformula
  237           | • 'F' lbtformula
  238           | • 'G' lbtformula
  239           | • 'U' lbtformula lbtformula
  240           | • 'V' lbtformula lbtformula
  241           | • 'R' lbtformula lbtformula
  242           | • 'W' lbtformula lbtformula
  242           | 'W' • lbtformula lbtformula
  243           | • 'M' lbtformula lbtformula
  244           | • 't'
  245           | • 'f'

    "atomic proposition"  shift, and go to state 22
    '!'                   shift, and go to state 35
    '&'                   shift, and go to state 36
    '|'                   shift, and go to state 37
    '^'                   shift, and go to state 38
    'i'                   shift, and go to state 39
    'e'                   shift, and go to state 40
    'X'                   shift, and go to state 41
    'F'                   shift, and go to state 42
    'G'                   shift, and go to state 43
    'U'                   shift, and go to state 44
    'V'                   shift, and go to state 45
    'R'                   shift, and go to state 46
    'W'                   shift, and go to state 47
    'M'                   shift, and go to state 48
    't'                   shift, and go to state 49
    'f'                   shift, and go to state 50

    atomprop    go to state 53
    lbtformula  go to state 149


State 48

   61 atomprop: • "atomic proposition"
  229 lbtformula: • atomprop
  230           | • '!' lbtformula
  231           | • '&' lbtformula lbtformula
  232           | • '|' lbtformula lbtformula
  233           | • '^' lbtformula lbtformula
  234           | • 'i' lbtformula lbtformula
  235           | • 'e' lbtformula lbtformula
  236           | • 'X' lbtformula
  237           | • 'F' lbtformula
  238           | • 'G' lbtformula
  239           | • 'U' lbtformula lbtformula
  240           | • 'V' lbtformula lbtformula
  241           | • 'R' lbtformula lbtformula
  242           | • 'W' lbtformula lbtformula
  243           | • 'M' lbtformula lbtformula
  243           | 'M' • lbtformula lbtformula
  244           | • 't'
  245           | • 'f'

    "atomic proposition"  shift, and go to state 22
    '!'                   shift, and go to state 35
    '&'                   shift, and go to state 36
    '|'                   shift, and go to state 37
    '^'                   shift, and go to state 38
    'i'                   shift, and go to state 39
    'e'                   shift, and go to state 40
    'X'                   shift, and go to state 41
    'F'                   shift, and go to state 42
    'G'                   shift, and go to state 43
    'U'                   shift, and go to state 44
    'V'                   shift, and go to state 45
    'R'                   shift, and go to state 46
    'W'                   shift, and go to state 47
    'M'                   shift, and go to state 48
    't'                   shift, and go to state 49
    'f'                   shift, and go to state 50

    atomprop    go to state 53
    lbtformula  go to state 150


State 49

  244 lbtformula: 't' •

    $default  reduce using rule 244 (lbtformula)


State 50

  245 lbtformula: 'f' •

    $default  reduce using rule 245 (lbtformula)


State 51

   18 result: "LBT start marker" emptyinput •

    $default  reduce using rule 18 (result)


State 52

   16 result: "LBT start marker" enderror •

    $default  reduce using rule 16 (result)


State 53

  229 lbtformula: atomprop •

    $default  reduce using rule 229 (lbtformula)


State 54

   15 result: "LBT start marker" lbtformula • "end of formula"
   17       | "LBT start marker" lbtformula • enderror
   20 enderror: • error "end of formula"

    error             shift, and go to state 6
    "end of formula"  shift, and go to state 151

    enderror  go to state 152


State 55

   41 kleen_star: • "star operator"
   42           | • "bracket star operator"
   43 starargs: • kleen_star
   44         | • "plus operator"
   45         | • "opening bracket for star operator" sqbracketargs
   46         | • "opening bracket for star operator" error "closing bracket"
   47         | • "opening bracket for star operator" error_opt "end of formula"
   56 delayargs: • "opening bracket for SVA delay operator" sqbracketargs
   57          | • "opening bracket for SVA delay operator" error "closing bracket"
   58          | • "opening bracket for SVA delay operator" error_opt "end of formula"
   59          | • "##[+] operator"
   60          | • "##[*] operator"
   61 atomprop: • "atomic proposition"
   62 booleanatom: • atomprop
   63            | • atomprop "positive suffix"
   64            | • atomprop "negative suffix"
   65            | • "constant true"
   66            | • "constant false"
   67 sere: • booleanatom
   68     | • "not operator" sere
   69     | • bracedsere
   70     | • "(...) block"
   71     | • "opening parenthesis" sere "closing parenthesis"
   71     | "opening parenthesis" • sere "closing parenthesis"
   72     | • "opening parenthesis" error "closing parenthesis"
   72     | "opening parenthesis" • error "closing parenthesis"
   73     | • "opening parenthesis" sere "end of formula"
   73     | "opening parenthesis" • sere "end of formula"
   74     | • "opening parenthesis" error "end of formula"
   74     | "opening parenthesis" • error "end of formula"
   75     | • sere "and operator" sere
   76     | • sere "and operator" error
   77     | • sere "short and operator" sere
   78     | • sere "short and operator" error
   79     | • sere "or operator" sere
   80     | • sere "or operator" error
   81     | • sere "concat operator" sere
   82     | • sere "concat operator" error
   83     | • sere ":" sere
   84     | • sere ":" error
   85     | • "SVA delay operator" sere
   86     | • "SVA delay operator" error
   87     | • sere "SVA delay operator" sere
   88     | • sere "SVA delay operator" error
   89     | • delayargs sere
   90     | • delayargs error
   91     | • sere delayargs sere
   92     | • sere delayargs error
   93     | • starargs
   94     | • sere starargs
   95     | • sere fstarargs
   96     | • sere equalargs
   97     | • sere gotoargs
   98     | • sere "xor operator" sere
   99     | • sere "xor operator" error
  100     | • sere "implication operator" sere
  101     | • sere "implication operator" error
  102     | • sere "equivalent operator" sere
  103     | • sere "equivalent operator" error
  104     | • "first_match" "opening parenthesis" sere "closing parenthesis"
  105 bracedsere: • "opening brace" sere "closing brace"
  106           | • "opening brace" sere error "closing brace"
  107           | • "opening brace" error "closing brace"
  108           | • "opening brace" sere "end of formula"
  109           | • "opening brace" sere error "end of formula"
  110           | • "opening brace" error "end of formula"
  111           | • "{...} block"

    error                                     shift, and go to state 153
    "opening parenthesis"                     shift, and go to state 55
    "(...) block"                             shift, and go to state 56
    "{...} block"                             shift, and go to state 9
    "opening brace"                           shift, and go to state 57
    "not operator"                            shift, and go to state 58
    "star operator"                           shift, and go to state 59
    "bracket star operator"                   shift, and go to state 60
    "plus operator"                           shift, and go to state 61
    "opening bracket for star operator"       shift, and go to state 62
    "first_match"                             shift, and go to state 63
    "atomic proposition"                      shift, and go to state 22
    "constant true"                           shift, and go to state 23
    "constant false"                          shift, and go to state 24
    "SVA delay operator"                      shift, and go to state 64
    "opening bracket for SVA delay operator"  shift, and go to state 65
    "##[+] operator"                          shift, and go to state 66
    "##[*] operator"                          shift, and go to state 67

    kleen_star   go to state 70
    starargs     go to state 71
    delayargs    go to state 72
    atomprop     go to state 28
    booleanatom  go to state 73
    sere         go to state 154
    bracedsere   go to state 75


State 56

   70 sere: "(...) block" •

    $default  reduce using rule 70 (sere)


State 57

   41 kleen_star: • "star operator"
   42           | • "bracket star operator"
   43 starargs: • kleen_star
   44         | • "plus operator"
   45         | • "opening bracket for star operator" sqbracketargs
   46         | • "opening bracket for star operator" error "closing bracket"
   47         | • "opening bracket for star operator" error_opt "end of formula"
   56 delayargs: • "opening bracket for SVA delay operator" sqbracketargs
   57          | • "opening bracket for SVA delay operator" error "closing bracket"
   58          | • "opening bracket for SVA delay operator" error_opt "end of formula"
   59          | • "##[+] operator"
   60          | • "##[*] operator"
   61 atomprop: • "atomic proposition"
   62 booleanatom: • atomprop
   63            | • atomprop "positive suffix"
   64            | • atomprop "negative suffix"
   65            | • "constant true"
   66            | • "constant false"
   67 sere: • booleanatom
   68     | • "not operator" sere
   69     | • bracedsere
   70     | • "(...) block"
   71     | • "opening parenthesis" sere "closing parenthesis"
   72     | • "opening parenthesis" error "closing parenthesis"
   73     | • "opening parenthesis" sere "end of formula"
   74     | • "opening parenthesis" error "end of formula"
   75     | • sere "and operator" sere
   76     | • sere "and operator" error
   77     | • sere "short and operator" sere
   78     | • sere "short and operator" error
   79     | • sere "or operator" sere
   80     | • sere "or operator" error
   81     | • sere "concat operator" sere
   82     | • sere "concat operator" error
   83     | • sere ":" sere
   84     | • sere ":" error
   85     | • "SVA delay operator" sere
   86     | • "SVA delay operator" error
   87     | • sere "SVA delay operator" sere
   88     | • sere "SVA delay operator" error
   89     | • delayargs sere
   90     | • delayargs error
   91     | • sere delayargs sere
   92     | • sere delayargs error
   93     | • starargs
   94     | • sere starargs
   95     | • sere fstarargs
   96     | • sere equalargs
   97     | • sere gotoargs
   98     | • sere "xor operator" sere
   99     | • sere "xor operator" error
  100     | • sere "implication operator" sere
  101     | • sere "implication operator" error
  102     | • sere "equivalent operator" sere
  103     | • sere "equivalent operator" error
  104     | • "first_match" "opening parenthesis" sere "closing parenthesis"
  105 bracedsere: • "opening brace" sere "closing brace"
  105           | "opening brace" • sere "closing brace"
  106           | • "opening brace" sere error "closing brace"
  106           | "opening brace" • sere error "closing brace"
  107           | • "opening brace" error "closing brace"
  107           | "opening brace" • error "closing brace"
  108           | • "opening brace" sere "end of formula"
  108           | "opening brace" • sere "end of formula"
  109           | • "opening brace" sere error "end of formula"
  109           | "opening brace" • sere error "end of formula"
  110           | • "opening brace" error "end of formula"
  110           | "opening brace" • error "end of formula"
  111           | • "{...} block"

    error                                     shift, and go to state 87
    "opening parenthesis"                     shift, and go to state 55
    "(...) block"                             shift, and go to state 56
    "{...} block"                             shift, and go to state 9
    "opening brace"                           shift, and go to state 57
    "not operator"                            shift, and go to state 58
    "star operator"                           shift, and go to state 59
    "bracket star operator"                   shift, and go to state 60
    "plus operator"                           shift, and go to state 61
    "opening bracket for star operator"       shift, and go to state 62
    "first_match"                             shift, and go to state 63
    "atomic proposition"                      shift, and go to state 22
    "constant true"                           shift, and go to state 23
    "constant false"                          shift, and go to state 24
    "SVA delay operator"                      shift, and go to state 64
    "opening bracket for SVA delay operator"  shift, and go to state 65
    "##[+] operator"                          shift, and go to state 66
    "##[*] operator"                          shift, and go to state 67

    kleen_star   go to state 70
    starargs     go to state 71
    delayargs    go to state 72
    atomprop     go to state 28
    booleanatom  go to state 73
    sere         go to state 155
    bracedsere   go to state 75


State 58

   41 kleen_star: • "star operator"
   42           | • "bracket star operator"
   43 starargs: • kleen_star
   44         | • "plus operator"
   45         | • "opening bracket for star operator" sqbracketargs
   46         | • "opening bracket for star operator" error "closing bracket"
   47         | • "opening bracket for star operator" error_opt "end of formula"
   56 delayargs: • "opening bracket for SVA delay operator" sqbracketargs
   57          | • "opening bracket for SVA delay operator" error "closing bracket"
   58          | • "opening bracket for SVA delay operator" error_opt "end of formula"
   59          | • "##[+] operator"
   60          | • "##[*] operator"
   61 atomprop: • "atomic proposition"
   62 booleanatom: • atomprop
   63            | • atomprop "positive suffix"
   64            | • atomprop "negative suffix"
   65            | • "constant true"
   66            | • "constant false"
   67 sere: • booleanatom
   68     | • "not operator" sere
   68     | "not operator" • sere
   69     | • bracedsere
   70     | • "(...) block"
   71     | • "opening parenthesis" sere "closing parenthesis"
   72     | • "opening parenthesis" error "closing parenthesis"
   73     | • "opening parenthesis" sere "end of formula"
   74     | • "opening parenthesis" error "end of formula"
   75     | • sere "and operator" sere
   76     | • sere "and operator" error
   77     | • sere "short and operator" sere
   78     | • sere "short and operator" error
   79     | • sere "or operator" sere
   80     | • sere "or operator" error
   81     | • sere "concat operator" sere
   82     | • sere "concat operator" error
   83     | • sere ":" sere
   84     | • sere ":" error
   85     | • "SVA delay operator" sere
   86     | • "SVA delay operator" error
   87     | • sere "SVA delay operator" sere
   88     | • sere "SVA delay operator" error
   89     | • delayargs sere
   90     | • delayargs error
   91     | • sere delayargs sere
   92     | • sere delayargs error
   93     | • starargs
   94     | • sere starargs
   95     | • sere fstarargs
   96     | • sere equalargs
   97     | • sere gotoargs
   98     | • sere "xor operator" sere
   99     | • sere "xor operator" error
  100     | • sere "implication operator" sere
  101     | • sere "implication operator" error
  102     | • sere "equivalent operator" sere
  103     | • sere "equivalent operator" error
  104     | • "first_match" "opening parenthesis" sere "closing parenthesis"
  105 bracedsere: • "opening brace" sere "closing brace"
  106           | • "opening brace" sere error "closing brace"
  107           | • "opening brace" error "closing brace"
  108           | • "opening brace" sere "end of formula"
  109           | • "opening brace" sere error "end of formula"
  110           | • "opening brace" error "end of formula"
  111           | • "{...} block"

    "opening parenthesis"                     shift, and go to state 55
    "(...) block"                             shift, and go to state 56
    "{...} block"                             shift, and go to state 9
    "opening brace"                           shift, and go to state 57
    "not operator"                            shift, and go to state 58
    "star operator"                           shift, and go to state 59
    "bracket star operator"                   shift, and go to state 60
    "plus operator"                           shift, and go to state 61
    "opening bracket for star operator"       shift, and go to state 62
    "first_match"                             shift, and go to state 63
    "atomic proposition"                      shift, and go to state 22
    "constant true"                           shift, and go to state 23
    "constant false"                          shift, and go to state 24
    "SVA delay operator"                      shift, and go to state 64
    "opening bracket for SVA delay operator"  shift, and go to state 65
    "##[+] operator"                          shift, and go to state 66
    "##[*] operator"                          shift, and go to state 67

    kleen_star   go to state 70
    starargs     go to state 71
    delayargs    go to state 72
    atomprop     go to state 28
    booleanatom  go to state 73
    sere         go to state 156
    bracedsere   go to state 75


State 59

   41 kleen_star: "star operator" •

    $default  reduce using rule 41 (kleen_star)


State 60

   42 kleen_star: "bracket star operator" •

    $default  reduce using rule 42 (kleen_star)


State 61

   44 starargs: "plus operator" •

    $default  reduce using rule 44 (starargs)


State 62

   21 OP_SQBKT_SEP_unbounded: • "separator for square bracket operator"
   22                       | • "separator for square bracket operator" "unbounded mark"
   23 OP_SQBKT_SEP_opt: ε •  ["closing bracket"]
   24                 | • OP_SQBKT_SEP_unbounded
   25 error_opt: ε •  ["end of formula"]
   26          | • error
   27 sqbkt_num: • "number for square bracket operator"
   28 sqbracketargs: • sqbkt_num "separator for square bracket operator" sqbkt_num "closing bracket"
   29              | • sqbkt_num OP_SQBKT_SEP_unbounded "closing bracket"
   30              | • "separator for square bracket operator" sqbkt_num "closing bracket"
   31              | • OP_SQBKT_SEP_opt "closing bracket"
   32              | • sqbkt_num "closing bracket"
   45 starargs: "opening bracket for star operator" • sqbracketargs
   46         | "opening bracket for star operator" • error "closing bracket"
   47         | "opening bracket for star operator" • error_opt "end of formula"

    error                                    shift, and go to state 157
    "number for square bracket operator"     shift, and go to state 104
    "separator for square bracket operator"  shift, and go to state 158

    "closing bracket"  reduce using rule 23 (OP_SQBKT_SEP_opt)
    "end of formula"   reduce using rule 25 (error_opt)

    OP_SQBKT_SEP_unbounded  go to state 159
    OP_SQBKT_SEP_opt        go to state 160
    error_opt               go to state 161
    sqbkt_num               go to state 162
    sqbracketargs           go to state 163


State 63

  104 sere: "first_match" • "opening parenthesis" sere "closing parenthesis"

    "opening parenthesis"  shift, and go to state 164


State 64

   41 kleen_star: • "star operator"
   42           | • "bracket star operator"
   43 starargs: • kleen_star
   44         | • "plus operator"
   45         | • "opening bracket for star operator" sqbracketargs
   46         | • "opening bracket for star operator" error "closing bracket"
   47         | • "opening bracket for star operator" error_opt "end of formula"
   56 delayargs: • "opening bracket for SVA delay operator" sqbracketargs
   57          | • "opening bracket for SVA delay operator" error "closing bracket"
   58          | • "opening bracket for SVA delay operator" error_opt "end of formula"
   59          | • "##[+] operator"
   60          | • "##[*] operator"
   61 atomprop: • "atomic proposition"
   62 booleanatom: • atomprop
   63            | • atomprop "positive suffix"
   64            | • atomprop "negative suffix"
   65            | • "constant true"
   66            | • "constant false"
   67 sere: • booleanatom
   68     | • "not operator" sere
   69     | • bracedsere
   70     | • "(...) block"
   71     | • "opening parenthesis" sere "closing parenthesis"
   72     | • "opening parenthesis" error "closing parenthesis"
   73     | • "opening parenthesis" sere "end of formula"
   74     | • "opening parenthesis" error "end of formula"
   75     | • sere "and operator" sere
   76     | • sere "and operator" error
   77     | • sere "short and operator" sere
   78     | • sere "short and operator" error
   79     | • sere "or operator" sere
   80     | • sere "or operator" error
   81     | • sere "concat operator" sere
   82     | • sere "concat operator" error
   83     | • sere ":" sere
   84     | • sere ":" error
   85     | • "SVA delay operator" sere
   85     | "SVA delay operator" • sere
   86     | • "SVA delay operator" error
   86     | "SVA delay operator" • error
   87     | • sere "SVA delay operator" sere
   88     | • sere "SVA delay operator" error
   89     | • delayargs sere
   90     | • delayargs error
   91     | • sere delayargs sere
   92     | • sere delayargs error
   93     | • starargs
   94     | • sere starargs
   95     | • sere fstarargs
   96     | • sere equalargs
   97     | • sere gotoargs
   98     | • sere "xor operator" sere
   99     | • sere "xor operator" error
  100     | • sere "implication operator" sere
  101     | • sere "implication operator" error
  102     | • sere "equivalent operator" sere
  103     | • sere "equivalent operator" error
  104     | • "first_match" "opening parenthesis" sere "closing parenthesis"
  105 bracedsere: • "opening brace" sere "closing brace"
  106           | • "opening brace" sere error "closing brace"
  107           | • "opening brace" error "closing brace"
  108           | • "opening brace" sere "end of formula"
  109           | • "opening brace" sere error "end of formula"
  110           | • "opening brace" error "end of formula"
  111           | • "{...} block"

    error                                     shift, and go to state 165
    "opening parenthesis"                     shift, and go to state 55
    "(...) block"                             shift, and go to state 56
    "{...} block"                             shift, and go to state 9
    "opening brace"                           shift, and go to state 57
    "not operator"                            shift, and go to state 58
    "star operator"                           shift, and go to state 59
    "bracket star operator"                   shift, and go to state 60
    "plus operator"                           shift, and go to state 61
    "opening bracket for star operator"       shift, and go to state 62
    "first_match"                             shift, and go to state 63
    "atomic proposition"                      shift, and go to state 22
    "constant true"                           shift, and go to state 23
    "constant false"                          shift, and go to state 24
    "SVA delay operator"                      shift, and go to state 64
    "opening bracket for SVA delay operator"  shift, and go to state 65
    "##[+] operator"                          shift, and go to state 66
    "##[*] operator"                          shift, and go to state 67

    kleen_star   go to state 70
    starargs     go to state 71
    delayargs    go to state 72
    atomprop     go to state 28
    booleanatom  go to state 73
    sere         go to state 166
    bracedsere   go to state 75


State 65

   21 OP_SQBKT_SEP_unbounded: • "separator for square bracket operator"
   22                       | • "separator for square bracket operator" "unbounded mark"
   23 OP_SQBKT_SEP_opt: ε •  ["closing bracket"]
   24                 | • OP_SQBKT_SEP_unbounded
   25 error_opt: ε •  ["end of formula"]
   26          | • error
   27 sqbkt_num: • "number for square bracket operator"
   28 sqbracketargs: • sqbkt_num "separator for square bracket operator" sqbkt_num "closing bracket"
   29              | • sqbkt_num OP_SQBKT_SEP_unbounded "closing bracket"
   30              | • "separator for square bracket operator" sqbkt_num "closing bracket"
   31              | • OP_SQBKT_SEP_opt "closing bracket"
   32              | • sqbkt_num "closing bracket"
   56 delayargs: "opening bracket for SVA delay operator" • sqbracketargs
   57          | "opening bracket for SVA delay operator" • error "closing bracket"
   58          | "opening bracket for SVA delay operator" • error_opt "end of formula"

    error                                    shift, and go to state 167
    "number for square bracket operator"     shift, and go to state 104
    "separator for square bracket operator"  shift, and go to state 158

    "closing bracket"  reduce using rule 23 (OP_SQBKT_SEP_opt)
    "end of formula"   reduce using rule 25 (error_opt)

    OP_SQBKT_SEP_unbounded  go to state 159
    OP_SQBKT_SEP_opt        go to state 160
    error_opt               go to state 168
    sqbkt_num               go to state 162
    sqbracketargs           go to state 169


State 66

   59 delayargs: "##[+] operator" •

    $default  reduce using rule 59 (delayargs)


State 67

   60 delayargs: "##[*] operator" •

    $default  reduce using rule 60 (delayargs)


State 68

   14 result: "SERE start marker" emptyinput •

    $default  reduce using rule 14 (result)


State 69

   12 result: "SERE start marker" enderror •

    $default  reduce using rule 12 (result)


State 70

   43 starargs: kleen_star •

    $default  reduce using rule 43 (starargs)


State 71

   93 sere: starargs •

    $default  reduce using rule 93 (sere)


State 72

   41 kleen_star: • "star operator"
   42           | • "bracket star operator"
   43 starargs: • kleen_star
   44         | • "plus operator"
   45         | • "opening bracket for star operator" sqbracketargs
   46         | • "opening bracket for star operator" error "closing bracket"
   47         | • "opening bracket for star operator" error_opt "end of formula"
   56 delayargs: • "opening bracket for SVA delay operator" sqbracketargs
   57          | • "opening bracket for SVA delay operator" error "closing bracket"
   58          | • "opening bracket for SVA delay operator" error_opt "end of formula"
   59          | • "##[+] operator"
   60          | • "##[*] operator"
   61 atomprop: • "atomic proposition"
   62 booleanatom: • atomprop
   63            | • atomprop "positive suffix"
   64            | • atomprop "negative suffix"
   65            | • "constant true"
   66            | • "constant false"
   67 sere: • booleanatom
   68     | • "not operator" sere
   69     | • bracedsere
   70     | • "(...) block"
   71     | • "opening parenthesis" sere "closing parenthesis"
   72     | • "opening parenthesis" error "closing parenthesis"
   73     | • "opening parenthesis" sere "end of formula"
   74     | • "opening parenthesis" error "end of formula"
   75     | • sere "and operator" sere
   76     | • sere "and operator" error
   77     | • sere "short and operator" sere
   78     | • sere "short and operator" error
   79     | • sere "or operator" sere
   80     | • sere "or operator" error
   81     | • sere "concat operator" sere
   82     | • sere "concat operator" error
   83     | • sere ":" sere
   84     | • sere ":" error
   85     | • "SVA delay operator" sere
   86     | • "SVA delay operator" error
   87     | • sere "SVA delay operator" sere
   88     | • sere "SVA delay operator" error
   89     | • delayargs sere
   89     | delayargs • sere
   90     | • delayargs error
   90     | delayargs • error
   91     | • sere delayargs sere
   92     | • sere delayargs error
   93     | • starargs
   94     | • sere starargs
   95     | • sere fstarargs
   96     | • sere equalargs
   97     | • sere gotoargs
   98     | • sere "xor operator" sere
   99     | • sere "xor operator" error
  100     | • sere "implication operator" sere
  101     | • sere "implication operator" error
  102     | • sere "equivalent operator" sere
  103     | • sere "equivalent operator" error
  104     | • "first_match" "opening parenthesis" sere "closing parenthesis"
  105 bracedsere: • "opening brace" sere "closing brace"
  106           | • "opening brace" sere error "closing brace"
  107           | • "opening brace" error "closing brace"
  108           | • "opening brace" sere "end of formula"
  109           | • "opening brace" sere error "end of formula"
  110           | • "opening brace" error "end of formula"
  111           | • "{...} block"

    error                                     shift, and go to state 170
    "opening parenthesis"                     shift, and go to state 55
    "(...) block"                             shift, and go to state 56
    "{...} block"                             shift, and go to state 9
    "opening brace"                           shift, and go to state 57
    "not operator"                            shift, and go to state 58
    "star operator"                           shift, and go to state 59
    "bracket star operator"                   shift, and go to state 60
    "plus operator"                           shift, and go to state 61
    "opening bracket for star operator"       shift, and go to state 62
    "first_match"                             shift, and go to state 63
    "atomic proposition"                      shift, and go to state 22
    "constant true"                           shift, and go to state 23
    "constant false"                          shift, and go to state 24
    "SVA delay operator"                      shift, and go to state 64
    "opening bracket for SVA delay operator"  shift, and go to state 65
    "##[+] operator"                          shift, and go to state 66
    "##[*] operator"                          shift, and go to state 67

    kleen_star   go to state 70
    starargs     go to state 71
    delayargs    go to state 72
    atomprop     go to state 28
    booleanatom  go to state 73
    sere         go to state 171
    bracedsere   go to state 75


State 73

   67 sere: booleanatom •

    $default  reduce using rule 67 (sere)


State 74

   11 result: "SERE start marker" sere • "end of formula"
   13       | "SERE start marker" sere • enderror
   20 enderror: • error "end of formula"
   33 gotoargs: • "opening bracket for goto operator" sqbkt_num "separator for square bracket operator" sqbkt_num "closing bracket"
   34         | • "opening bracket for goto operator" sqbkt_num OP_SQBKT_SEP_unbounded "closing bracket"
   35         | • "opening bracket for goto operator" "separator for square bracket operator" sqbkt_num "closing bracket"
   36         | • "opening bracket for goto operator" OP_SQBKT_SEP_unbounded "closing bracket"
   37         | • "opening bracket for goto operator" "closing bracket"
   38         | • "opening bracket for goto operator" sqbkt_num "closing bracket"
   39         | • "opening bracket for goto operator" error "closing bracket"
   40         | • "opening bracket for goto operator" error_opt "end of formula"
   41 kleen_star: • "star operator"
   42           | • "bracket star operator"
   43 starargs: • kleen_star
   44         | • "plus operator"
   45         | • "opening bracket for star operator" sqbracketargs
   46         | • "opening bracket for star operator" error "closing bracket"
   47         | • "opening bracket for star operator" error_opt "end of formula"
   48 fstarargs: • "bracket fusion-star operator"
   49          | • "fusion-plus operator"
   50          | • "opening bracket for fusion-star operator" sqbracketargs
   51          | • "opening bracket for fusion-star operator" error "closing bracket"
   52          | • "opening bracket for fusion-star operator" error_opt "end of formula"
   53 equalargs: • "opening bracket for equal operator" sqbracketargs
   54          | • "opening bracket for equal operator" error "closing bracket"
   55          | • "opening bracket for equal operator" error_opt "end of formula"
   56 delayargs: • "opening bracket for SVA delay operator" sqbracketargs
   57          | • "opening bracket for SVA delay operator" error "closing bracket"
   58          | • "opening bracket for SVA delay operator" error_opt "end of formula"
   59          | • "##[+] operator"
   60          | • "##[*] operator"
   75 sere: sere • "and operator" sere
   76     | sere • "and operator" error
   77     | sere • "short and operator" sere
   78     | sere • "short and operator" error
   79     | sere • "or operator" sere
   80     | sere • "or operator" error
   81     | sere • "concat operator" sere
   82     | sere • "concat operator" error
   83     | sere • ":" sere
   84     | sere • ":" error
   87     | sere • "SVA delay operator" sere
   88     | sere • "SVA delay operator" error
   91     | sere • delayargs sere
   92     | sere • delayargs error
   94     | sere • starargs
   95     | sere • fstarargs
   96     | sere • equalargs
   97     | sere • gotoargs
   98     | sere • "xor operator" sere
   99     | sere • "xor operator" error
  100     | sere • "implication operator" sere
  101     | sere • "implication operator" error
  102     | sere • "equivalent operator" sere
  103     | sere • "equivalent operator" error

    error                                       shift, and go to state 6
    "or operator"                               shift, and go to state 172
    "xor operator"                              shift, and go to state 173
    "and operator"                              shift, and go to state 174
    "short and operator"                        shift, and go to state 175
    "implication operator"                      shift, and go to state 176
    "equivalent operator"                       shift, and go to state 177
    "star operator"                             shift, and go to state 59
    "bracket star operator"                     shift, and go to state 60
    "bracket fusion-star operator"              shift, and go to state 178
    "plus operator"                             shift, and go to state 61
    "fusion-plus operator"                      shift, and go to state 179
    "opening bracket for star operator"         shift, and go to state 62
    "opening bracket for fusion-star operator"  shift, and go to state 180
    "opening bracket for equal operator"        shift, and go to state 181
    "opening bracket for goto operator"         shift, and go to state 182
    "concat operator"                           shift, and go to state 183
    ":"                                         shift, and go to state 184
    "end of formula"                            shift, and go to state 185
    "SVA delay operator"                        shift, and go to state 186
    "opening bracket for SVA delay operator"    shift, and go to state 65
    "##[+] operator"                            shift, and go to state 66
    "##[*] operator"                            shift, and go to state 67

    enderror    go to state 187
    gotoargs    go to state 188
    kleen_star  go to state 70
    starargs    go to state 189
    fstarargs   go to state 190
    equalargs   go to state 191
    delayargs   go to state 192


State 75

   69 sere: bracedsere •

    $default  reduce using rule 69 (sere)


State 76

   61 atomprop: • "atomic proposition"
   62 booleanatom: • atomprop
   63            | • atomprop "positive suffix"
   64            | • atomprop "negative suffix"
   65            | • "constant true"
   66            | • "constant false"
  119 boolformula: • booleanatom
  120            | • "(...) block"
  121            | • "opening parenthesis" boolformula "closing parenthesis"
  121            | "opening parenthesis" • boolformula "closing parenthesis"
  122            | • "opening parenthesis" boolformula error "closing parenthesis"
  122            | "opening parenthesis" • boolformula error "closing parenthesis"
  123            | • "opening parenthesis" error "closing parenthesis"
  123            | "opening parenthesis" • error "closing parenthesis"
  124            | • "opening parenthesis" boolformula "end of formula"
  124            | "opening parenthesis" • boolformula "end of formula"
  125            | • "opening parenthesis" boolformula error "end of formula"
  125            | "opening parenthesis" • boolformula error "end of formula"
  126            | • "opening parenthesis" error "end of formula"
  126            | "opening parenthesis" • error "end of formula"
  127            | • boolformula "and operator" boolformula
  128            | • boolformula "and operator" error
  129            | • boolformula "short and operator" boolformula
  130            | • boolformula "short and operator" error
  131            | • boolformula "star operator" boolformula
  132            | • boolformula "star operator" error
  133            | • boolformula "or operator" boolformula
  134            | • boolformula "or operator" error
  135            | • boolformula "xor operator" boolformula
  136            | • boolformula "xor operator" error
  137            | • boolformula "implication operator" boolformula
  138            | • boolformula "implication operator" error
  139            | • boolformula "equivalent operator" boolformula
  140            | • boolformula "equivalent operator" error
  141            | • "not operator" boolformula
  142            | • "not operator" error

    error                  shift, and go to state 193
    "opening parenthesis"  shift, and go to state 76
    "(...) block"          shift, and go to state 77
    "not operator"         shift, and go to state 78
    "atomic proposition"   shift, and go to state 22
    "constant true"        shift, and go to state 23
    "constant false"       shift, and go to state 24

    atomprop     go to state 28
    booleanatom  go to state 81
    boolformula  go to state 194


State 77

  120 boolformula: "(...) block" •

    $default  reduce using rule 120 (boolformula)


State 78

   61 atomprop: • "atomic proposition"
   62 booleanatom: • atomprop
   63            | • atomprop "positive suffix"
   64            | • atomprop "negative suffix"
   65            | • "constant true"
   66            | • "constant false"
  119 boolformula: • booleanatom
  120            | • "(...) block"
  121            | • "opening parenthesis" boolformula "closing parenthesis"
  122            | • "opening parenthesis" boolformula error "closing parenthesis"
  123            | • "opening parenthesis" error "closing parenthesis"
  124            | • "opening parenthesis" boolformula "end of formula"
  125            | • "opening parenthesis" boolformula error "end of formula"
  126            | • "opening parenthesis" error "end of formula"
  127            | • boolformula "and operator" boolformula
  128            | • boolformula "and operator" error
  129            | • boolformula "short and operator" boolformula
  130            | • boolformula "short and operator" error
  131            | • boolformula "star operator" boolformula
  132            | • boolformula "star operator" error
  133            | • boolformula "or operator" boolformula
  134            | • boolformula "or operator" error
  135            | • boolformula "xor operator" boolformula
  136            | • boolformula "xor operator" error
  137            | • boolformula "implication operator" boolformula
  138            | • boolformula "implication operator" error
  139            | • boolformula "equivalent operator" boolformula
  140            | • boolformula "equivalent operator" error
  141            | • "not operator" boolformula
  141            | "not operator" • boolformula
  142            | • "not operator" error
  142            | "not operator" • error

    error                  shift, and go to state 195
    "opening parenthesis"  shift, and go to state 76
    "(...) block"          shift, and go to state 77
    "not operator"         shift, and go to state 78
    "atomic proposition"   shift, and go to state 22
    "constant true"        shift, and go to state 23
    "constant false"       shift, and go to state 24

    atomprop     go to state 28
    booleanatom  go to state 81
    boolformula  go to state 196


State 79

   10 result: "BOOLEAN start marker" emptyinput •

    $default  reduce using rule 10 (result)


State 80

    8 result: "BOOLEAN start marker" enderror •

    $default  reduce using rule 8 (result)


State 81

  119 boolformula: booleanatom •

    $default  reduce using rule 119 (boolformula)


State 82

    7 result: "BOOLEAN start marker" boolformula • "end of formula"
    9       | "BOOLEAN start marker" boolformula • enderror
   20 enderror: • error "end of formula"
  127 boolformula: boolformula • "and operator" boolformula
  128            | boolformula • "and operator" error
  129            | boolformula • "short and operator" boolformula
  130            | boolformula • "short and operator" error
  131            | boolformula • "star operator" boolformula
  132            | boolformula • "star operator" error
  133            | boolformula • "or operator" boolformula
  134            | boolformula • "or operator" error
  135            | boolformula • "xor operator" boolformula
  136            | boolformula • "xor operator" error
  137            | boolformula • "implication operator" boolformula
  138            | boolformula • "implication operator" error
  139            | boolformula • "equivalent operator" boolformula
  140            | boolformula • "equivalent operator" error

    error                   shift, and go to state 6
    "or operator"           shift, and go to state 197
    "xor operator"          shift, and go to state 198
    "and operator"          shift, and go to state 199
    "short and operator"    shift, and go to state 200
    "implication operator"  shift, and go to state 201
    "equivalent operator"   shift, and go to state 202
    "star operator"         shift, and go to state 203
    "end of formula"        shift, and go to state 204

    enderror  go to state 205


State 83

    0 $accept: result $end •

    $default  accept


State 84

   20 enderror: error "end of formula" •

    $default  reduce using rule 20 (enderror)


State 85

  115 parenthesedsubformula: "opening parenthesis" error • "closing parenthesis"
  118                      | "opening parenthesis" error • "end of formula"

    "closing parenthesis"  shift, and go to state 206
    "end of formula"       shift, and go to state 207


State 86

  113 parenthesedsubformula: "opening parenthesis" subformula • "closing parenthesis"
  114                      | "opening parenthesis" subformula • error "closing parenthesis"
  116                      | "opening parenthesis" subformula • "end of formula"
  117                      | "opening parenthesis" subformula • error "end of formula"
  156 subformula: subformula • "and operator" subformula
  157           | subformula • "and operator" error
  158           | subformula • "short and operator" subformula
  159           | subformula • "short and operator" error
  160           | subformula • "star operator" subformula
  161           | subformula • "star operator" error
  162           | subformula • "or operator" subformula
  163           | subformula • "or operator" error
  164           | subformula • "xor operator" subformula
  165           | subformula • "xor operator" error
  166           | subformula • "implication operator" subformula
  167           | subformula • "implication operator" error
  168           | subformula • "equivalent operator" subformula
  169           | subformula • "equivalent operator" error
  170           | subformula • "until operator" subformula
  171           | subformula • "until operator" error
  172           | subformula • "release operator" subformula
  173           | subformula • "release operator" error
  174           | subformula • "weak until operator" subformula
  175           | subformula • "weak until operator" error
  176           | subformula • "strong release operator" subformula
  177           | subformula • "strong release operator" error

    error                      shift, and go to state 208
    "closing parenthesis"      shift, and go to state 209
    "or operator"              shift, and go to state 124
    "xor operator"             shift, and go to state 125
    "and operator"             shift, and go to state 126
    "short and operator"       shift, and go to state 127
    "implication operator"     shift, and go to state 128
    "equivalent operator"      shift, and go to state 129
    "until operator"           shift, and go to state 130
    "release operator"         shift, and go to state 131
    "weak until operator"      shift, and go to state 132
    "strong release operator"  shift, and go to state 133
    "star operator"            shift, and go to state 134
    "end of formula"           shift, and go to state 210


State 87

  107 bracedsere: "opening brace" error • "closing brace"
  110           | "opening brace" error • "end of formula"

    "closing brace"   shift, and go to state 211
    "end of formula"  shift, and go to state 212


State 88

   33 gotoargs: • "opening bracket for goto operator" sqbkt_num "separator for square bracket operator" sqbkt_num "closing bracket"
   34         | • "opening bracket for goto operator" sqbkt_num OP_SQBKT_SEP_unbounded "closing bracket"
   35         | • "opening bracket for goto operator" "separator for square bracket operator" sqbkt_num "closing bracket"
   36         | • "opening bracket for goto operator" OP_SQBKT_SEP_unbounded "closing bracket"
   37         | • "opening bracket for goto operator" "closing bracket"
   38         | • "opening bracket for goto operator" sqbkt_num "closing bracket"
   39         | • "opening bracket for goto operator" error "closing bracket"
   40         | • "opening bracket for goto operator" error_opt "end of formula"
   41 kleen_star: • "star operator"
   42           | • "bracket star operator"
   43 starargs: • kleen_star
   44         | • "plus operator"
   45         | • "opening bracket for star operator" sqbracketargs
   46         | • "opening bracket for star operator" error "closing bracket"
   47         | • "opening bracket for star operator" error_opt "end of formula"
   48 fstarargs: • "bracket fusion-star operator"
   49          | • "fusion-plus operator"
   50          | • "opening bracket for fusion-star operator" sqbracketargs
   51          | • "opening bracket for fusion-star operator" error "closing bracket"
   52          | • "opening bracket for fusion-star operator" error_opt "end of formula"
   53 equalargs: • "opening bracket for equal operator" sqbracketargs
   54          | • "opening bracket for equal operator" error "closing bracket"
   55          | • "opening bracket for equal operator" error_opt "end of formula"
   56 delayargs: • "opening bracket for SVA delay operator" sqbracketargs
   57          | • "opening bracket for SVA delay operator" error "closing bracket"
   58          | • "opening bracket for SVA delay operator" error_opt "end of formula"
   59          | • "##[+] operator"
   60          | • "##[*] operator"
   75 sere: sere • "and operator" sere
   76     | sere • "and operator" error
   77     | sere • "short and operator" sere
   78     | sere • "short and operator" error
   79     | sere • "or operator" sere
   80     | sere • "or operator" error
   81     | sere • "concat operator" sere
   82     | sere • "concat operator" error
   83     | sere • ":" sere
   84     | sere • ":" error
   87     | sere • "SVA delay operator" sere
   88     | sere • "SVA delay operator" error
   91     | sere • delayargs sere
   92     | sere • delayargs error
   94     | sere • starargs
   95     | sere • fstarargs
   96     | sere • equalargs
   97     | sere • gotoargs
   98     | sere • "xor operator" sere
   99     | sere • "xor operator" error
  100     | sere • "implication operator" sere
  101     | sere • "implication operator" error
  102     | sere • "equivalent operator" sere
  103     | sere • "equivalent operator" error
  105 bracedsere: "opening brace" sere • "closing brace"
  106           | "opening brace" sere • error "closing brace"
  108           | "opening brace" sere • "end of formula"
  109           | "opening brace" sere • error "end of formula"
  227 subformula: "opening brace" sere • "closing brace-bang"

    error                                       shift, and go to state 213
    "closing brace"                             shift, and go to state 214
    "closing brace-bang"                        shift, and go to state 215
    "or operator"                               shift, and go to state 172
    "xor operator"                              shift, and go to state 173
    "and operator"                              shift, and go to state 174
    "short and operator"                        shift, and go to state 175
    "implication operator"                      shift, and go to state 176
    "equivalent operator"                       shift, and go to state 177
    "star operator"                             shift, and go to state 59
    "bracket star operator"                     shift, and go to state 60
    "bracket fusion-star operator"              shift, and go to state 178
    "plus operator"                             shift, and go to state 61
    "fusion-plus operator"                      shift, and go to state 179
    "opening bracket for star operator"         shift, and go to state 62
    "opening bracket for fusion-star operator"  shift, and go to state 180
    "opening bracket for equal operator"        shift, and go to state 181
    "opening bracket for goto operator"         shift, and go to state 182
    "concat operator"                           shift, and go to state 183
    ":"                                         shift, and go to state 184
    "end of formula"                            shift, and go to state 216
    "SVA delay operator"                        shift, and go to state 186
    "opening bracket for SVA delay operator"    shift, and go to state 65
    "##[+] operator"                            shift, and go to state 66
    "##[*] operator"                            shift, and go to state 67

    gotoargs    go to state 188
    kleen_star  go to state 70
    starargs    go to state 189
    fstarargs   go to state 190
    equalargs   go to state 191
    delayargs   go to state 192


State 89

  179 subformula: "sometimes operator" error •

    $default  reduce using rule 179 (subformula)


State 90

  156 subformula: subformula • "and operator" subformula
  157           | subformula • "and operator" error
  158           | subformula • "short and operator" subformula
  159           | subformula • "short and operator" error
  160           | subformula • "star operator" subformula
  161           | subformula • "star operator" error
  162           | subformula • "or operator" subformula
  163           | subformula • "or operator" error
  164           | subformula • "xor operator" subformula
  165           | subformula • "xor operator" error
  166           | subformula • "implication operator" subformula
  167           | subformula • "implication operator" error
  168           | subformula • "equivalent operator" subformula
  169           | subformula • "equivalent operator" error
  170           | subformula • "until operator" subformula
  171           | subformula • "until operator" error
  172           | subformula • "release operator" subformula
  173           | subformula • "release operator" error
  174           | subformula • "weak until operator" subformula
  175           | subformula • "weak until operator" error
  176           | subformula • "strong release operator" subformula
  177           | subformula • "strong release operator" error
  178           | "sometimes operator" subformula •  [error, "closing parenthesis", "or operator", "xor operator", "and operator", "short and operator", "implication operator", "equivalent operator", "until operator", "release operator", "weak until operator", "strong release operator", "star operator", "end of formula"]

    $default  reduce using rule 178 (subformula)

    Conflict between rule 178 and token "or operator" resolved as reduce ("or operator" < "sometimes operator").
    Conflict between rule 178 and token "xor operator" resolved as reduce ("xor operator" < "sometimes operator").
    Conflict between rule 178 and token "and operator" resolved as reduce ("and operator" < "sometimes operator").
    Conflict between rule 178 and token "short and operator" resolved as reduce ("short and operator" < "sometimes operator").
    Conflict between rule 178 and token "implication operator" resolved as reduce ("implication operator" < "sometimes operator").
    Conflict between rule 178 and token "equivalent operator" resolved as reduce ("equivalent operator" < "sometimes operator").
    Conflict between rule 178 and token "until operator" resolved as reduce ("until operator" < "sometimes operator").
    Conflict between rule 178 and token "release operator" resolved as reduce ("release operator" < "sometimes operator").
    Conflict between rule 178 and token "weak until operator" resolved as reduce ("weak until operator" < "sometimes operator").
    Conflict between rule 178 and token "strong release operator" resolved as reduce ("strong release operator" < "sometimes operator").
    Conflict between rule 178 and token "star operator" resolved as reduce ("star operator" < "sometimes operator").


State 91

  192 subformula: "always operator" error •

    $default  reduce using rule 192 (subformula)


State 92

  156 subformula: subformula • "and operator" subformula
  157           | subformula • "and operator" error
  158           | subformula • "short and operator" subformula
  159           | subformula • "short and operator" error
  160           | subformula • "star operator" subformula
  161           | subformula • "star operator" error
  162           | subformula • "or operator" subformula
  163           | subformula • "or operator" error
  164           | subformula • "xor operator" subformula
  165           | subformula • "xor operator" error
  166           | subformula • "implication operator" subformula
  167           | subformula • "implication operator" error
  168           | subformula • "equivalent operator" subformula
  169           | subformula • "equivalent operator" error
  170           | subformula • "until operator" subformula
  171           | subformula • "until operator" error
  172           | subformula • "release operator" subformula
  173           | subformula • "release operator" error
  174           | subformula • "weak until operator" subformula
  175           | subformula • "weak until operator" error
  176           | subformula • "strong release operator" subformula
  177           | subformula • "strong release operator" error
  191           | "always operator" subformula •  [error, "closing parenthesis", "or operator", "xor operator", "and operator", "short and operator", "implication operator", "equivalent operator", "until operator", "release operator", "weak until operator", "strong release operator", "star operator", "end of formula"]

    $default  reduce using rule 191 (subformula)

    Conflict between rule 191 and token "or operator" resolved as reduce ("or operator" < "always operator").
    Conflict between rule 191 and token "xor operator" resolved as reduce ("xor operator" < "always operator").
    Conflict between rule 191 and token "and operator" resolved as reduce ("and operator" < "always operator").
    Conflict between rule 191 and token "short and operator" resolved as reduce ("short and operator" < "always operator").
    Conflict between rule 191 and token "implication operator" resolved as reduce ("implication operator" < "always operator").
    Conflict between rule 191 and token "equivalent operator" resolved as reduce ("equivalent operator" < "always operator").
    Conflict between rule 191 and token "until operator" resolved as reduce ("until operator" < "always operator").
    Conflict between rule 191 and token "release operator" resolved as reduce ("release operator" < "always operator").
    Conflict between rule 191 and token "weak until operator" resolved as reduce ("weak until operator" < "always operator").
    Conflict between rule 191 and token "strong release operator" resolved as reduce ("strong release operator" < "always operator").
    Conflict between rule 191 and token "star operator" resolved as reduce ("star operator" < "always operator").


State 93

  205 subformula: "next operator" error •

    $default  reduce using rule 205 (subformula)


State 94

  156 subformula: subformula • "and operator" subformula
  157           | subformula • "and operator" error
  158           | subformula • "short and operator" subformula
  159           | subformula • "short and operator" error
  160           | subformula • "star operator" subformula
  161           | subformula • "star operator" error
  162           | subformula • "or operator" subformula
  163           | subformula • "or operator" error
  164           | subformula • "xor operator" subformula
  165           | subformula • "xor operator" error
  166           | subformula • "implication operator" subformula
  167           | subformula • "implication operator" error
  168           | subformula • "equivalent operator" subformula
  169           | subformula • "equivalent operator" error
  170           | subformula • "until operator" subformula
  171           | subformula • "until operator" error
  172           | subformula • "release operator" subformula
  173           | subformula • "release operator" error
  174           | subformula • "weak until operator" subformula
  175           | subformula • "weak until operator" error
  176           | subformula • "strong release operator" subformula
  177           | subformula • "strong release operator" error
  204           | "next operator" subformula •  [error, "closing parenthesis", "or operator", "xor operator", "and operator", "short and operator", "implication operator", "equivalent operator", "until operator", "release operator", "weak until operator", "strong release operator", "star operator", "end of formula"]

    $default  reduce using rule 204 (subformula)

    Conflict between rule 204 and token "or operator" resolved as reduce ("or operator" < "next operator").
    Conflict between rule 204 and token "xor operator" resolved as reduce ("xor operator" < "next operator").
    Conflict between rule 204 and token "and operator" resolved as reduce ("and operator" < "next operator").
    Conflict between rule 204 and token "short and operator" resolved as reduce ("short and operator" < "next operator").
    Conflict between rule 204 and token "implication operator" resolved as reduce ("implication operator" < "next operator").
    Conflict between rule 204 and token "equivalent operator" resolved as reduce ("equivalent operator" < "next operator").
    Conflict between rule 204 and token "until operator" resolved as reduce ("until operator" < "next operator").
    Conflict between rule 204 and token "release operator" resolved as reduce ("release operator" < "next operator").
    Conflict between rule 204 and token "weak until operator" resolved as reduce ("weak until operator" < "next operator").
    Conflict between rule 204 and token "strong release operator" resolved as reduce ("strong release operator" < "next operator").
    Conflict between rule 204 and token "star operator" resolved as reduce ("star operator" < "next operator").


State 95

  207 subformula: "strong next operator" error •

    $default  reduce using rule 207 (subformula)


State 96

  156 subformula: subformula • "and operator" subformula
  157           | subformula • "and operator" error
  158           | subformula • "short and operator" subformula
  159           | subformula • "short and operator" error
  160           | subformula • "star operator" subformula
  161           | subformula • "star operator" error
  162           | subformula • "or operator" subformula
  163           | subformula • "or operator" error
  164           | subformula • "xor operator" subformula
  165           | subformula • "xor operator" error
  166           | subformula • "implication operator" subformula
  167           | subformula • "implication operator" error
  168           | subformula • "equivalent operator" subformula
  169           | subformula • "equivalent operator" error
  170           | subformula • "until operator" subformula
  171           | subformula • "until operator" error
  172           | subformula • "release operator" subformula
  173           | subformula • "release operator" error
  174           | subformula • "weak until operator" subformula
  175           | subformula • "weak until operator" error
  176           | subformula • "strong release operator" subformula
  177           | subformula • "strong release operator" error
  206           | "strong next operator" subformula •  [error, "closing parenthesis", "or operator", "xor operator", "and operator", "short and operator", "implication operator", "equivalent operator", "until operator", "release operator", "weak until operator", "strong release operator", "star operator", "end of formula"]

    $default  reduce using rule 206 (subformula)

    Conflict between rule 206 and token "or operator" resolved as reduce ("or operator" < "strong next operator").
    Conflict between rule 206 and token "xor operator" resolved as reduce ("xor operator" < "strong next operator").
    Conflict between rule 206 and token "and operator" resolved as reduce ("and operator" < "strong next operator").
    Conflict between rule 206 and token "short and operator" resolved as reduce ("short and operator" < "strong next operator").
    Conflict between rule 206 and token "implication operator" resolved as reduce ("implication operator" < "strong next operator").
    Conflict between rule 206 and token "equivalent operator" resolved as reduce ("equivalent operator" < "strong next operator").
    Conflict between rule 206 and token "until operator" resolved as reduce ("until operator" < "strong next operator").
    Conflict between rule 206 and token "release operator" resolved as reduce ("release operator" < "strong next operator").
    Conflict between rule 206 and token "weak until operator" resolved as reduce ("weak until operator" < "strong next operator").
    Conflict between rule 206 and token "strong release operator" resolved as reduce ("strong release operator" < "strong next operator").
    Conflict between rule 206 and token "star operator" resolved as reduce ("star operator" < "strong next operator").


State 97

  143 aplist: atomprop •

    $default  reduce using rule 143 (aplist)


State 98

   61 atomprop: • "atomic proposition"
  144 aplist: aplist • atomprop
  145       | aplist • "," atomprop
  150 quantifiedformula: "exists operator" aplist • ":" maybequantifiedformula

    ","                   shift, and go to state 217
    "atomic proposition"  shift, and go to state 22
    ":"                   shift, and go to state 218

    atomprop  go to state 219


State 99

   61 atomprop: • "atomic proposition"
  144 aplist: aplist • atomprop
  145       | aplist • "," atomprop
  151 quantifiedformula: "forall operator" aplist • ":" maybequantifiedformula

    ","                   shift, and go to state 217
    "atomic proposition"  shift, and go to state 22
    ":"                   shift, and go to state 220

    atomprop  go to state 219


State 100

  216 subformula: "not operator" error •

    $default  reduce using rule 216 (subformula)


State 101

  156 subformula: subformula • "and operator" subformula
  157           | subformula • "and operator" error
  158           | subformula • "short and operator" subformula
  159           | subformula • "short and operator" error
  160           | subformula • "star operator" subformula
  161           | subformula • "star operator" error
  162           | subformula • "or operator" subformula
  163           | subformula • "or operator" error
  164           | subformula • "xor operator" subformula
  165           | subformula • "xor operator" error
  166           | subformula • "implication operator" subformula
  167           | subformula • "implication operator" error
  168           | subformula • "equivalent operator" subformula
  169           | subformula • "equivalent operator" error
  170           | subformula • "until operator" subformula
  171           | subformula • "until operator" error
  172           | subformula • "release operator" subformula
  173           | subformula • "release operator" error
  174           | subformula • "weak until operator" subformula
  175           | subformula • "weak until operator" error
  176           | subformula • "strong release operator" subformula
  177           | subformula • "strong release operator" error
  215           | "not operator" subformula •  [error, "closing parenthesis", "or operator", "xor operator", "and operator", "short and operator", "implication operator", "equivalent operator", "until operator", "release operator", "weak until operator", "strong release operator", "star operator", "end of formula"]

    $default  reduce using rule 215 (subformula)

    Conflict between rule 215 and token "or operator" resolved as reduce ("or operator" < "not operator").
    Conflict between rule 215 and token "xor operator" resolved as reduce ("xor operator" < "not operator").
    Conflict between rule 215 and token "and operator" resolved as reduce ("and operator" < "not operator").
    Conflict between rule 215 and token "short and operator" resolved as reduce ("short and operator" < "not operator").
    Conflict between rule 215 and token "implication operator" resolved as reduce ("implication operator" < "not operator").
    Conflict between rule 215 and token "equivalent operator" resolved as reduce ("equivalent operator" < "not operator").
    Conflict between rule 215 and token "until operator" resolved as reduce ("until operator" < "not operator").
    Conflict between rule 215 and token "release operator" resolved as reduce ("release operator" < "not operator").
    Conflict between rule 215 and token "weak until operator" resolved as reduce ("weak until operator" < "not operator").
    Conflict between rule 215 and token "strong release operator" resolved as reduce ("strong release operator" < "not operator").
    Conflict between rule 215 and token "star operator" resolved as reduce ("star operator" < "not operator").


State 102

   26 error_opt: error •  ["end of formula"]
  210 subformula: "X[.] operator" error • "closing bracket" subformula
  213           | "X[.] operator" error • "closing !]" subformula

    "closing bracket"  shift, and go to state 221
    "closing !]"       shift, and go to state 222

    $default  reduce using rule 26 (error_opt)


State 103

   61 atomprop: • "atomic proposition"
   62 booleanatom: • atomprop
   63            | • atomprop "positive suffix"
   64            | • atomprop "negative suffix"
   65            | • "constant true"
   66            | • "constant false"
  105 bracedsere: • "opening brace" sere "closing brace"
  106           | • "opening brace" sere error "closing brace"
  107           | • "opening brace" error "closing brace"
  108           | • "opening brace" sere "end of formula"
  109           | • "opening brace" sere error "end of formula"
  110           | • "opening brace" error "end of formula"
  111           | • "{...} block"
  112 parenthesedsubformula: • "(...) block"
  113                      | • "opening parenthesis" subformula "closing parenthesis"
  114                      | • "opening parenthesis" subformula error "closing parenthesis"
  115                      | • "opening parenthesis" error "closing parenthesis"
  116                      | • "opening parenthesis" subformula "end of formula"
  117                      | • "opening parenthesis" subformula error "end of formula"
  118                      | • "opening parenthesis" error "end of formula"
  154 subformula: • booleanatom
  155           | • parenthesedsubformula
  156           | • subformula "and operator" subformula
  157           | • subformula "and operator" error
  158           | • subformula "short and operator" subformula
  159           | • subformula "short and operator" error
  160           | • subformula "star operator" subformula
  161           | • subformula "star operator" error
  162           | • subformula "or operator" subformula
  163           | • subformula "or operator" error
  164           | • subformula "xor operator" subformula
  165           | • subformula "xor operator" error
  166           | • subformula "implication operator" subformula
  167           | • subformula "implication operator" error
  168           | • subformula "equivalent operator" subformula
  169           | • subformula "equivalent operator" error
  170           | • subformula "until operator" subformula
  171           | • subformula "until operator" error
  172           | • subformula "release operator" subformula
  173           | • subformula "release operator" error
  174           | • subformula "weak until operator" subformula
  175           | • subformula "weak until operator" error
  176           | • subformula "strong release operator" subformula
  177           | • subformula "strong release operator" error
  178           | • "sometimes operator" subformula
  179           | • "sometimes operator" error
  180           | • "F[.] operator" sqbkt_num "closing bracket" subformula
  181           | • "F[.] operator" sqbkt_num "closing !]" subformula
  182           | • "F[.] operator" sqbkt_num "separator for square bracket operator" sqbkt_num "closing bracket" subformula
  183           | • "F[.] operator" sqbkt_num "separator for square bracket operator" sqbkt_num "closing !]" subformula
  184           | • "F[.] operator" sqbkt_num OP_SQBKT_SEP_unbounded "closing bracket" subformula
  185           | • "F[.] operator" sqbkt_num OP_SQBKT_SEP_unbounded "closing !]" subformula
  186           | • "F[.] operator" sqbkt_num "separator for square bracket operator" sqbkt_num "closing bracket" error
  187           | • "F[.] operator" sqbkt_num "separator for square bracket operator" sqbkt_num "closing !]" error
  188           | • "F[.] operator" error_opt "end of formula"
  189           | • "F[.] operator" error "closing bracket" subformula
  190           | • "F[.] operator" error "closing !]" subformula
  191           | • "always operator" subformula
  192           | • "always operator" error
  193           | • "G[.] operator" sqbkt_num "separator for square bracket operator" sqbkt_num "closing bracket" subformula
  194           | • "G[.] operator" sqbkt_num "separator for square bracket operator" sqbkt_num "closing !]" subformula
  195           | • "G[.] operator" sqbkt_num OP_SQBKT_SEP_unbounded "closing bracket" subformula
  196           | • "G[.] operator" sqbkt_num OP_SQBKT_SEP_unbounded "closing !]" subformula
  197           | • "G[.] operator" sqbkt_num "closing bracket" subformula
  198           | • "G[.] operator" sqbkt_num "closing !]" subformula
  199           | • "G[.] operator" sqbkt_num "separator for square bracket operator" sqbkt_num "closing bracket" error
  200           | • "G[.] operator" sqbkt_num "separator for square bracket operator" sqbkt_num "closing !]" error
  201           | • "G[.] operator" error_opt "end of formula"
  202           | • "G[.] operator" error "closing bracket" subformula
  203           | • "G[.] operator" error "closing !]" subformula
  204           | • "next operator" subformula
  205           | • "next operator" error
  206           | • "strong next operator" subformula
  207           | • "strong next operator" error
  208           | • "X[.] operator" sqbkt_num "closing bracket" subformula
  209           | • "X[.] operator" sqbkt_num "closing bracket" error
  210           | • "X[.] operator" error "closing bracket" subformula
  211           | • "X[.] operator" "closing !]" subformula
  211           | "X[.] operator" "closing !]" • subformula
  212           | • "X[.] operator" sqbkt_num "closing !]" subformula
  213           | • "X[.] operator" error "closing !]" subformula
  214           | • "X[.] operator" error_opt "end of formula"
  215           | • "not operator" subformula
  216           | • "not operator" error
  217           | • bracedsere
  218           | • bracedsere "universal concat operator" subformula
  219           | • bracedsere parenthesedsubformula
  220           | • bracedsere "universal concat operator" error
  221           | • bracedsere "existential concat operator" subformula
  222           | • bracedsere "existential concat operator" error
  223           | • bracedsere "universal non-overlapping concat operator" subformula
  224           | • bracedsere "universal non-overlapping concat operator" error
  225           | • bracedsere "existential non-overlapping concat operator" subformula
  226           | • bracedsere "existential non-overlapping concat operator" error
  227           | • "opening brace" sere "closing brace-bang"
  228           | • "{...}! block"

    "opening parenthesis"   shift, and go to state 7
    "(...) block"           shift, and go to state 8
    "{...} block"           shift, and go to state 9
    "{...}! block"          shift, and go to state 10
    "opening brace"         shift, and go to state 11
    "sometimes operator"    shift, and go to state 12
    "always operator"       shift, and go to state 13
    "next operator"         shift, and go to state 14
    "strong next operator"  shift, and go to state 15
    "not operator"          shift, and go to state 18
    "X[.] operator"         shift, and go to state 19
    "F[.] operator"         shift, and go to state 20
    "G[.] operator"         shift, and go to state 21
    "atomic proposition"    shift, and go to state 22
    "constant true"         shift, and go to state 23
    "constant false"        shift, and go to state 24

    atomprop               go to state 28
    booleanatom            go to state 29
    bracedsere             go to state 30
    parenthesedsubformula  go to state 31
    subformula             go to state 223


State 104

   27 sqbkt_num: "number for square bracket operator" •

    $default  reduce using rule 27 (sqbkt_num)


State 105

  214 subformula: "X[.] operator" error_opt • "end of formula"

    "end of formula"  shift, and go to state 224


State 106

  208 subformula: "X[.] operator" sqbkt_num • "closing bracket" subformula
  209           | "X[.] operator" sqbkt_num • "closing bracket" error
  212           | "X[.] operator" sqbkt_num • "closing !]" subformula

    "closing bracket"  shift, and go to state 225
    "closing !]"       shift, and go to state 226


State 107

   26 error_opt: error •  ["end of formula"]
  189 subformula: "F[.] operator" error • "closing bracket" subformula
  190           | "F[.] operator" error • "closing !]" subformula

    "closing bracket"  shift, and go to state 227
    "closing !]"       shift, and go to state 228

    $default  reduce using rule 26 (error_opt)


State 108

  188 subformula: "F[.] operator" error_opt • "end of formula"

    "end of formula"  shift, and go to state 229


State 109

   21 OP_SQBKT_SEP_unbounded: • "separator for square bracket operator"
   22                       | • "separator for square bracket operator" "unbounded mark"
  180 subformula: "F[.] operator" sqbkt_num • "closing bracket" subformula
  181           | "F[.] operator" sqbkt_num • "closing !]" subformula
  182           | "F[.] operator" sqbkt_num • "separator for square bracket operator" sqbkt_num "closing bracket" subformula
  183           | "F[.] operator" sqbkt_num • "separator for square bracket operator" sqbkt_num "closing !]" subformula
  184           | "F[.] operator" sqbkt_num • OP_SQBKT_SEP_unbounded "closing bracket" subformula
  185           | "F[.] operator" sqbkt_num • OP_SQBKT_SEP_unbounded "closing !]" subformula
  186           | "F[.] operator" sqbkt_num • "separator for square bracket operator" sqbkt_num "closing bracket" error
  187           | "F[.] operator" sqbkt_num • "separator for square bracket operator" sqbkt_num "closing !]" error

    "closing bracket"                        shift, and go to state 230
    "closing !]"                             shift, and go to state 231
    "separator for square bracket operator"  shift, and go to state 232

    OP_SQBKT_SEP_unbounded  go to state 233


State 110

   26 error_opt: error •  ["end of formula"]
  202 subformula: "G[.] operator" error • "closing bracket" subformula
  203           | "G[.] operator" error • "closing !]" subformula

    "closing bracket"  shift, and go to state 234
    "closing !]"       shift, and go to state 235

    $default  reduce using rule 26 (error_opt)


State 111

  201 subformula: "G[.] operator" error_opt • "end of formula"

    "end of formula"  shift, and go to state 236


State 112

   21 OP_SQBKT_SEP_unbounded: • "separator for square bracket operator"
   22                       | • "separator for square bracket operator" "unbounded mark"
  193 subformula: "G[.] operator" sqbkt_num • "separator for square bracket operator" sqbkt_num "closing bracket" subformula
  194           | "G[.] operator" sqbkt_num • "separator for square bracket operator" sqbkt_num "closing !]" subformula
  195           | "G[.] operator" sqbkt_num • OP_SQBKT_SEP_unbounded "closing bracket" subformula
  196           | "G[.] operator" sqbkt_num • OP_SQBKT_SEP_unbounded "closing !]" subformula
  197           | "G[.] operator" sqbkt_num • "closing bracket" subformula
  198           | "G[.] operator" sqbkt_num • "closing !]" subformula
  199           | "G[.] operator" sqbkt_num • "separator for square bracket operator" sqbkt_num "closing bracket" error
  200           | "G[.] operator" sqbkt_num • "separator for square bracket operator" sqbkt_num "closing !]" error

    "closing bracket"                        shift, and go to state 237
    "closing !]"                             shift, and go to state 238
    "separator for square bracket operator"  shift, and go to state 239

    OP_SQBKT_SEP_unbounded  go to state 240


State 113

   64 booleanatom: atomprop "negative suffix" •

    $default  reduce using rule 64 (booleanatom)


State 114

   63 booleanatom: atomprop "positive suffix" •

    $default  reduce using rule 63 (booleanatom)


State 115

   61 atomprop: • "atomic proposition"
   62 booleanatom: • atomprop
   63            | • atomprop "positive suffix"
   64            | • atomprop "negative suffix"
   65            | • "constant true"
   66            | • "constant false"
  105 bracedsere: • "opening brace" sere "closing brace"
  106           | • "opening brace" sere error "closing brace"
  107           | • "opening brace" error "closing brace"
  108           | • "opening brace" sere "end of formula"
  109           | • "opening brace" sere error "end of formula"
  110           | • "opening brace" error "end of formula"
  111           | • "{...} block"
  112 parenthesedsubformula: • "(...) block"
  113                      | • "opening parenthesis" subformula "closing parenthesis"
  114                      | • "opening parenthesis" subformula error "closing parenthesis"
  115                      | • "opening parenthesis" error "closing parenthesis"
  116                      | • "opening parenthesis" subformula "end of formula"
  117                      | • "opening parenthesis" subformula error "end of formula"
  118                      | • "opening parenthesis" error "end of formula"
  154 subformula: • booleanatom
  155           | • parenthesedsubformula
  156           | • subformula "and operator" subformula
  157           | • subformula "and operator" error
  158           | • subformula "short and operator" subformula
  159           | • subformula "short and operator" error
  160           | • subformula "star operator" subformula
  161           | • subformula "star operator" error
  162           | • subformula "or operator" subformula
  163           | • subformula "or operator" error
  164           | • subformula "xor operator" subformula
  165           | • subformula "xor operator" error
  166           | • subformula "implication operator" subformula
  167           | • subformula "implication operator" error
  168           | • subformula "equivalent operator" subformula
  169           | • subformula "equivalent operator" error
  170           | • subformula "until operator" subformula
  171           | • subformula "until operator" error
  172           | • subformula "release operator" subformula
  173           | • subformula "release operator" error
  174           | • subformula "weak until operator" subformula
  175           | • subformula "weak until operator" error
  176           | • subformula "strong release operator" subformula
  177           | • subformula "strong release operator" error
  178           | • "sometimes operator" subformula
  179           | • "sometimes operator" error
  180           | • "F[.] operator" sqbkt_num "closing bracket" subformula
  181           | • "F[.] operator" sqbkt_num "closing !]" subformula
  182           | • "F[.] operator" sqbkt_num "separator for square bracket operator" sqbkt_num "closing bracket" subformula
  183           | • "F[.] operator" sqbkt_num "separator for square bracket operator" sqbkt_num "closing !]" subformula
  184           | • "F[.] operator" sqbkt_num OP_SQBKT_SEP_unbounded "closing bracket" subformula
  185           | • "F[.] operator" sqbkt_num OP_SQBKT_SEP_unbounded "closing !]" subformula
  186           | • "F[.] operator" sqbkt_num "separator for square bracket operator" sqbkt_num "closing bracket" error
  187           | • "F[.] operator" sqbkt_num "separator for square bracket operator" sqbkt_num "closing !]" error
  188           | • "F[.] operator" error_opt "end of formula"
  189           | • "F[.] operator" error "closing bracket" subformula
  190           | • "F[.] operator" error "closing !]" subformula
  191           | • "always operator" subformula
  192           | • "always operator" error
  193           | • "G[.] operator" sqbkt_num "separator for square bracket operator" sqbkt_num "closing bracket" subformula
  194           | • "G[.] operator" sqbkt_num "separator for square bracket operator" sqbkt_num "closing !]" subformula
  195           | • "G[.] operator" sqbkt_num OP_SQBKT_SEP_unbounded "closing bracket" subformula
  196           | • "G[.] operator" sqbkt_num OP_SQBKT_SEP_unbounded "closing !]" subformula
  197           | • "G[.] operator" sqbkt_num "closing bracket" subformula
  198           | • "G[.] operator" sqbkt_num "closing !]" subformula
  199           | • "G[.] operator" sqbkt_num "separator for square bracket operator" sqbkt_num "closing bracket" error
  200           | • "G[.] operator" sqbkt_num "separator for square bracket operator" sqbkt_num "closing !]" error
  201           | • "G[.] operator" error_opt "end of formula"
  202           | • "G[.] operator" error "closing bracket" subformula
  203           | • "G[.] operator" error "closing !]" subformula
  204           | • "next operator" subformula
  205           | • "next operator" error
  206           | • "strong next operator" subformula
  207           | • "strong next operator" error
  208           | • "X[.] operator" sqbkt_num "closing bracket" subformula
  209           | • "X[.] operator" sqbkt_num "closing bracket" error
  210           | • "X[.] operator" error "closing bracket" subformula
  211           | • "X[.] operator" "closing !]" subformula
  212           | • "X[.] operator" sqbkt_num "closing !]" subformula
  213           | • "X[.] operator" error "closing !]" subformula
  214           | • "X[.] operator" error_opt "end of formula"
  215           | • "not operator" subformula
  216           | • "not operator" error
  217           | • bracedsere
  218           | • bracedsere "universal concat operator" subformula
  218           | bracedsere "universal concat operator" • subformula
  219           | • bracedsere parenthesedsubformula
  220           | • bracedsere "universal concat operator" error
  220           | bracedsere "universal concat operator" • error
  221           | • bracedsere "existential concat operator" subformula
  222           | • bracedsere "existential concat operator" error
  223           | • bracedsere "universal non-overlapping concat operator" subformula
  224           | • bracedsere "universal non-overlapping concat operator" error
  225           | • bracedsere "existential non-overlapping concat operator" subformula
  226           | • bracedsere "existential non-overlapping concat operator" error
  227           | • "opening brace" sere "closing brace-bang"
  228           | • "{...}! block"

    error                   shift, and go to state 241
    "opening parenthesis"   shift, and go to state 7
    "(...) block"           shift, and go to state 8
    "{...} block"           shift, and go to state 9
    "{...}! block"          shift, and go to state 10
    "opening brace"         shift, and go to state 11
    "sometimes operator"    shift, and go to state 12
    "always operator"       shift, and go to state 13
    "next operator"         shift, and go to state 14
    "strong next operator"  shift, and go to state 15
    "not operator"          shift, and go to state 18
    "X[.] operator"         shift, and go to state 19
    "F[.] operator"         shift, and go to state 20
    "G[.] operator"         shift, and go to state 21
    "atomic proposition"    shift, and go to state 22
    "constant true"         shift, and go to state 23
    "constant false"        shift, and go to state 24

    atomprop               go to state 28
    booleanatom            go to state 29
    bracedsere             go to state 30
    parenthesedsubformula  go to state 31
    subformula             go to state 242


State 116

   61 atomprop: • "atomic proposition"
   62 booleanatom: • atomprop
   63            | • atomprop "positive suffix"
   64            | • atomprop "negative suffix"
   65            | • "constant true"
   66            | • "constant false"
  105 bracedsere: • "opening brace" sere "closing brace"
  106           | • "opening brace" sere error "closing brace"
  107           | • "opening brace" error "closing brace"
  108           | • "opening brace" sere "end of formula"
  109           | • "opening brace" sere error "end of formula"
  110           | • "opening brace" error "end of formula"
  111           | • "{...} block"
  112 parenthesedsubformula: • "(...) block"
  113                      | • "opening parenthesis" subformula "closing parenthesis"
  114                      | • "opening parenthesis" subformula error "closing parenthesis"
  115                      | • "opening parenthesis" error "closing parenthesis"
  116                      | • "opening parenthesis" subformula "end of formula"
  117                      | • "opening parenthesis" subformula error "end of formula"
  118                      | • "opening parenthesis" error "end of formula"
  154 subformula: • booleanatom
  155           | • parenthesedsubformula
  156           | • subformula "and operator" subformula
  157           | • subformula "and operator" error
  158           | • subformula "short and operator" subformula
  159           | • subformula "short and operator" error
  160           | • subformula "star operator" subformula
  161           | • subformula "star operator" error
  162           | • subformula "or operator" subformula
  163           | • subformula "or operator" error
  164           | • subformula "xor operator" subformula
  165           | • subformula "xor operator" error
  166           | • subformula "implication operator" subformula
  167           | • subformula "implication operator" error
  168           | • subformula "equivalent operator" subformula
  169           | • subformula "equivalent operator" error
  170           | • subformula "until operator" subformula
  171           | • subformula "until operator" error
  172           | • subformula "release operator" subformula
  173           | • subformula "release operator" error
  174           | • subformula "weak until operator" subformula
  175           | • subformula "weak until operator" error
  176           | • subformula "strong release operator" subformula
  177           | • subformula "strong release operator" error
  178           | • "sometimes operator" subformula
  179           | • "sometimes operator" error
  180           | • "F[.] operator" sqbkt_num "closing bracket" subformula
  181           | • "F[.] operator" sqbkt_num "closing !]" subformula
  182           | • "F[.] operator" sqbkt_num "separator for square bracket operator" sqbkt_num "closing bracket" subformula
  183           | • "F[.] operator" sqbkt_num "separator for square bracket operator" sqbkt_num "closing !]" subformula
  184           | • "F[.] operator" sqbkt_num OP_SQBKT_SEP_unbounded "closing bracket" subformula
  185           | • "F[.] operator" sqbkt_num OP_SQBKT_SEP_unbounded "closing !]" subformula
  186           | • "F[.] operator" sqbkt_num "separator for square bracket operator" sqbkt_num "closing bracket" error
  187           | • "F[.] operator" sqbkt_num "separator for square bracket operator" sqbkt_num "closing !]" error
  188           | • "F[.] operator" error_opt "end of formula"
  189           | • "F[.] operator" error "closing bracket" subformula
  190           | • "F[.] operator" error "closing !]" subformula
  191           | • "always operator" subformula
  192           | • "always operator" error
  193           | • "G[.] operator" sqbkt_num "separator for square bracket operator" sqbkt_num "closing bracket" subformula
  194           | • "G[.] operator" sqbkt_num "separator for square bracket operator" sqbkt_num "closing !]" subformula
  195           | • "G[.] operator" sqbkt_num OP_SQBKT_SEP_unbounded "closing bracket" subformula
  196           | • "G[.] operator" sqbkt_num OP_SQBKT_SEP_unbounded "closing !]" subformula
  197           | • "G[.] operator" sqbkt_num "closing bracket" subformula
  198           | • "G[.] operator" sqbkt_num "closing !]" subformula
  199           | • "G[.] operator" sqbkt_num "separator for square bracket operator" sqbkt_num "closing bracket" error
  200           | • "G[.] operator" sqbkt_num "separator for square bracket operator" sqbkt_num "closing !]" error
  201           | • "G[.] operator" error_opt "end of formula"
  202           | • "G[.] operator" error "closing bracket" subformula
  203           | • "G[.] operator" error "closing !]" subformula
  204           | • "next operator" subformula
  205           | • "next operator" error
  206           | • "strong next operator" subformula
  207           | • "strong next operator" error
  208           | • "X[.] operator" sqbkt_num "closing bracket" subformula
  209           | • "X[.] operator" sqbkt_num "closing bracket" error
  210           | • "X[.] operator" error "closing bracket" subformula
  211           | • "X[.] operator" "closing !]" subformula
  212           | • "X[.] operator" sqbkt_num "closing !]" subformula
  213           | • "X[.] operator" error "closing !]" subformula
  214           | • "X[.] operator" error_opt "end of formula"
  215           | • "not operator" subformula
  216           | • "not operator" error
  217           | • bracedsere
  218           | • bracedsere "universal concat operator" subformula
  219           | • bracedsere parenthesedsubformula
  220           | • bracedsere "universal concat operator" error
  221           | • bracedsere "existential concat operator" subformula
  221           | bracedsere "existential concat operator" • subformula
  222           | • bracedsere "existential concat operator" error
  222           | bracedsere "existential concat operator" • error
  223           | • bracedsere "universal non-overlapping concat operator" subformula
  224           | • bracedsere "universal non-overlapping concat operator" error
  225           | • bracedsere "existential non-overlapping concat operator" subformula
  226           | • bracedsere "existential non-overlapping concat operator" error
  227           | • "opening brace" sere "closing brace-bang"
  228           | • "{...}! block"

    error                   shift, and go to state 243
    "opening parenthesis"   shift, and go to state 7
    "(...) block"           shift, and go to state 8
    "{...} block"           shift, and go to state 9
    "{...}! block"          shift, and go to state 10
    "opening brace"         shift, and go to state 11
    "sometimes operator"    shift, and go to state 12
    "always operator"       shift, and go to state 13
    "next operator"         shift, and go to state 14
    "strong next operator"  shift, and go to state 15
    "not operator"          shift, and go to state 18
    "X[.] operator"         shift, and go to state 19
    "F[.] operator"         shift, and go to state 20
    "G[.] operator"         shift, and go to state 21
    "atomic proposition"    shift, and go to state 22
    "constant true"         shift, and go to state 23
    "constant false"        shift, and go to state 24

    atomprop               go to state 28
    booleanatom            go to state 29
    bracedsere             go to state 30
    parenthesedsubformula  go to state 31
    subformula             go to state 244


State 117

   61 atomprop: • "atomic proposition"
   62 booleanatom: • atomprop
   63            | • atomprop "positive suffix"
   64            | • atomprop "negative suffix"
   65            | • "constant true"
   66            | • "constant false"
  105 bracedsere: • "opening brace" sere "closing brace"
  106           | • "opening brace" sere error "closing brace"
  107           | • "opening brace" error "closing brace"
  108           | • "opening brace" sere "end of formula"
  109           | • "opening brace" sere error "end of formula"
  110           | • "opening brace" error "end of formula"
  111           | • "{...} block"
  112 parenthesedsubformula: • "(...) block"
  113                      | • "opening parenthesis" subformula "closing parenthesis"
  114                      | • "opening parenthesis" subformula error "closing parenthesis"
  115                      | • "opening parenthesis" error "closing parenthesis"
  116                      | • "opening parenthesis" subformula "end of formula"
  117                      | • "opening parenthesis" subformula error "end of formula"
  118                      | • "opening parenthesis" error "end of formula"
  154 subformula: • booleanatom
  155           | • parenthesedsubformula
  156           | • subformula "and operator" subformula
  157           | • subformula "and operator" error
  158           | • subformula "short and operator" subformula
  159           | • subformula "short and operator" error
  160           | • subformula "star operator" subformula
  161           | • subformula "star operator" error
  162           | • subformula "or operator" subformula
  163           | • subformula "or operator" error
  164           | • subformula "xor operator" subformula
  165           | • subformula "xor operator" error
  166           | • subformula "implication operator" subformula
  167           | • subformula "implication operator" error
  168           | • subformula "equivalent operator" subformula
  169           | • subformula "equivalent operator" error
  170           | • subformula "until operator" subformula
  171           | • subformula "until operator" error
  172           | • subformula "release operator" subformula
  173           | • subformula "release operator" error
  174           | • subformula "weak until operator" subformula
  175           | • subformula "weak until operator" error
  176           | • subformula "strong release operator" subformula
  177           | • subformula "strong release operator" error
  178           | • "sometimes operator" subformula
  179           | • "sometimes operator" error
  180           | • "F[.] operator" sqbkt_num "closing bracket" subformula
  181           | • "F[.] operator" sqbkt_num "closing !]" subformula
  182           | • "F[.] operator" sqbkt_num "separator for square bracket operator" sqbkt_num "closing bracket" subformula
  183           | • "F[.] operator" sqbkt_num "separator for square bracket operator" sqbkt_num "closing !]" subformula
  184           | • "F[.] operator" sqbkt_num OP_SQBKT_SEP_unbounded "closing bracket" subformula
  185           | • "F[.] operator" sqbkt_num OP_SQBKT_SEP_unbounded "closing !]" subformula
  186           | • "F[.] operator" sqbkt_num "separator for square bracket operator" sqbkt_num "closing bracket" error
  187           | • "F[.] operator" sqbkt_num "separator for square bracket operator" sqbkt_num "closing !]" error
  188           | • "F[.] operator" error_opt "end of formula"
  189           | • "F[.] operator" error "closing bracket" subformula
  190           | • "F[.] operator" error "closing !]" subformula
  191           | • "always operator" subformula
  192           | • "always operator" error
  193           | • "G[.] operator" sqbkt_num "separator for square bracket operator" sqbkt_num "closing bracket" subformula
  194           | • "G[.] operator" sqbkt_num "separator for square bracket operator" sqbkt_num "closing !]" subformula
  195           | • "G[.] operator" sqbkt_num OP_SQBKT_SEP_unbounded "closing bracket" subformula
  196           | • "G[.] operator" sqbkt_num OP_SQBKT_SEP_unbounded "closing !]" subformula
  197           | • "G[.] operator" sqbkt_num "closing bracket" subformula
  198           | • "G[.] operator" sqbkt_num "closing !]" subformula
  199           | • "G[.] operator" sqbkt_num "separator for square bracket operator" sqbkt_num "closing bracket" error
  200           | • "G[.] operator" sqbkt_num "separator for square bracket operator" sqbkt_num "closing !]" error
  201           | • "G[.] operator" error_opt "end of formula"
  202           | • "G[.] operator" error "closing bracket" subformula
  203           | • "G[.] operator" error "closing !]" subformula
  204           | • "next operator" subformula
  205           | • "next operator" error
  206           | • "strong next operator" subformula
  207           | • "strong next operator" error
  208           | • "X[.] operator" sqbkt_num "closing bracket" subformula
  209           | • "X[.] operator" sqbkt_num "closing bracket" error
  210           | • "X[.] operator" error "closing bracket" subformula
  211           | • "X[.] operator" "closing !]" subformula
  212           | • "X[.] operator" sqbkt_num "closing !]" subformula
  213           | • "X[.] operator" error "closing !]" subformula
  214           | • "X[.] operator" error_opt "end of formula"
  215           | • "not operator" subformula
  216           | • "not operator" error
  217           | • bracedsere
  218           | • bracedsere "universal concat operator" subformula
  219           | • bracedsere parenthesedsubformula
  220           | • bracedsere "universal concat operator" error
  221           | • bracedsere "existential concat operator" subformula
  222           | • bracedsere "existential concat operator" error
  223           | • bracedsere "universal non-overlapping concat operator" subformula
  223           | bracedsere "universal non-overlapping concat operator" • subformula
  224           | • bracedsere "universal non-overlapping concat operator" error
  224           | bracedsere "universal non-overlapping concat operator" • error
  225           | • bracedsere "existential non-overlapping concat operator" subformula
  226           | • bracedsere "existential non-overlapping concat operator" error
  227           | • "opening brace" sere "closing brace-bang"
  228           | • "{...}! block"

    error                   shift, and go to state 245
    "opening parenthesis"   shift, and go to state 7
    "(...) block"           shift, and go to state 8
    "{...} block"           shift, and go to state 9
    "{...}! block"          shift, and go to state 10
    "opening brace"         shift, and go to state 11
    "sometimes operator"    shift, and go to state 12
    "always operator"       shift, and go to state 13
    "next operator"         shift, and go to state 14
    "strong next operator"  shift, and go to state 15
    "not operator"          shift, and go to state 18
    "X[.] operator"         shift, and go to state 19
    "F[.] operator"         shift, and go to state 20
    "G[.] operator"         shift, and go to state 21
    "atomic proposition"    shift, and go to state 22
    "constant true"         shift, and go to state 23
    "constant false"        shift, and go to state 24

    atomprop               go to state 28
    booleanatom            go to state 29
    bracedsere             go to state 30
    parenthesedsubformula  go to state 31
    subformula             go to state 246


State 118

   61 atomprop: • "atomic proposition"
   62 booleanatom: • atomprop
   63            | • atomprop "positive suffix"
   64            | • atomprop "negative suffix"
   65            | • "constant true"
   66            | • "constant false"
  105 bracedsere: • "opening brace" sere "closing brace"
  106           | • "opening brace" sere error "closing brace"
  107           | • "opening brace" error "closing brace"
  108           | • "opening brace" sere "end of formula"
  109           | • "opening brace" sere error "end of formula"
  110           | • "opening brace" error "end of formula"
  111           | • "{...} block"
  112 parenthesedsubformula: • "(...) block"
  113                      | • "opening parenthesis" subformula "closing parenthesis"
  114                      | • "opening parenthesis" subformula error "closing parenthesis"
  115                      | • "opening parenthesis" error "closing parenthesis"
  116                      | • "opening parenthesis" subformula "end of formula"
  117                      | • "opening parenthesis" subformula error "end of formula"
  118                      | • "opening parenthesis" error "end of formula"
  154 subformula: • booleanatom
  155           | • parenthesedsubformula
  156           | • subformula "and operator" subformula
  157           | • subformula "and operator" error
  158           | • subformula "short and operator" subformula
  159           | • subformula "short and operator" error
  160           | • subformula "star operator" subformula
  161           | • subformula "star operator" error
  162           | • subformula "or operator" subformula
  163           | • subformula "or operator" error
  164           | • subformula "xor operator" subformula
  165           | • subformula "xor operator" error
  166           | • subformula "implication operator" subformula
  167           | • subformula "implication operator" error
  168           | • subformula "equivalent operator" subformula
  169           | • subformula "equivalent operator" error
  170           | • subformula "until operator" subformula
  171           | • subformula "until operator" error
  172           | • subformula "release operator" subformula
  173           | • subformula "release operator" error
  174           | • subformula "weak until operator" subformula
  175           | • subformula "weak until operator" error
  176           | • subformula "strong release operator" subformula
  177           | • subformula "strong release operator" error
  178           | • "sometimes operator" subformula
  179           | • "sometimes operator" error
  180           | • "F[.] operator" sqbkt_num "closing bracket" subformula
  181           | • "F[.] operator" sqbkt_num "closing !]" subformula
  182           | • "F[.] operator" sqbkt_num "separator for square bracket operator" sqbkt_num "closing bracket" subformula
  183           | • "F[.] operator" sqbkt_num "separator for square bracket operator" sqbkt_num "closing !]" subformula
  184           | • "F[.] operator" sqbkt_num OP_SQBKT_SEP_unbounded "closing bracket" subformula
  185           | • "F[.] operator" sqbkt_num OP_SQBKT_SEP_unbounded "closing !]" subformula
  186           | • "F[.] operator" sqbkt_num "separator for square bracket operator" sqbkt_num "closing bracket" error
  187           | • "F[.] operator" sqbkt_num "separator for square bracket operator" sqbkt_num "closing !]" error
  188           | • "F[.] operator" error_opt "end of formula"
  189           | • "F[.] operator" error "closing bracket" subformula
  190           | • "F[.] operator" error "closing !]" subformula
  191           | • "always operator" subformula
  192           | • "always operator" error
  193           | • "G[.] operator" sqbkt_num "separator for square bracket operator" sqbkt_num "closing bracket" subformula
  194           | • "G[.] operator" sqbkt_num "separator for square bracket operator" sqbkt_num "closing !]" subformula
  195           | • "G[.] operator" sqbkt_num OP_SQBKT_SEP_unbounded "closing bracket" subformula
  196           | • "G[.] operator" sqbkt_num OP_SQBKT_SEP_unbounded "closing !]" subformula
  197           | • "G[.] operator" sqbkt_num "closing bracket" subformula
  198           | • "G[.] operator" sqbkt_num "closing !]" subformula
  199           | • "G[.] operator" sqbkt_num "separator for square bracket operator" sqbkt_num "closing bracket" error
  200           | • "G[.] operator" sqbkt_num "separator for square bracket operator" sqbkt_num "closing !]" error
  201           | • "G[.] operator" error_opt "end of formula"
  202           | • "G[.] operator" error "closing bracket" subformula
  203           | • "G[.] operator" error "closing !]" subformula
  204           | • "next operator" subformula
  205           | • "next operator" error
  206           | • "strong next operator" subformula
  207           | • "strong next operator" error
  208           | • "X[.] operator" sqbkt_num "closing bracket" subformula
  209           | • "X[.] operator" sqbkt_num "closing bracket" error
  210           | • "X[.] operator" error "closing bracket" subformula
  211           | • "X[.] operator" "closing !]" subformula
  212           | • "X[.] operator" sqbkt_num "closing !]" subformula
  213           | • "X[.] operator" error "closing !]" subformula
  214           | • "X[.] operator" error_opt "end of formula"
  215           | • "not operator" subformula
  216           | • "not operator" error
  217           | • bracedsere
  218           | • bracedsere "universal concat operator" subformula
  219           | • bracedsere parenthesedsubformula
  220           | • bracedsere "universal concat operator" error
  221           | • bracedsere "existential concat operator" subformula
  222           | • bracedsere "existential concat operator" error
  223           | • bracedsere "universal non-overlapping concat operator" subformula
  224           | • bracedsere "universal non-overlapping concat operator" error
  225           | • bracedsere "existential non-overlapping concat operator" subformula
  225           | bracedsere "existential non-overlapping concat operator" • subformula
  226           | • bracedsere "existential non-overlapping concat operator" error
  226           | bracedsere "existential non-overlapping concat operator" • error
  227           | • "opening brace" sere "closing brace-bang"
  228           | • "{...}! block"

    error                   shift, and go to state 247
    "opening parenthesis"   shift, and go to state 7
    "(...) block"           shift, and go to state 8
    "{...} block"           shift, and go to state 9
    "{...}! block"          shift, and go to state 10
    "opening brace"         shift, and go to state 11
    "sometimes operator"    shift, and go to state 12
    "always operator"       shift, and go to state 13
    "next operator"         shift, and go to state 14
    "strong next operator"  shift, and go to state 15
    "not operator"          shift, and go to state 18
    "X[.] operator"         shift, and go to state 19
    "F[.] operator"         shift, and go to state 20
    "G[.] operator"         shift, and go to state 21
    "atomic proposition"    shift, and go to state 22
    "constant true"         shift, and go to state 23
    "constant false"        shift, and go to state 24

    atomprop               go to state 28
    booleanatom            go to state 29
    bracedsere             go to state 30
    parenthesedsubformula  go to state 31
    subformula             go to state 248


State 119

  219 subformula: bracedsere parenthesedsubformula •

    $default  reduce using rule 219 (subformula)


State 120

   26 error_opt: error •  ["end of formula"]
  152 quantifiedformula: exists_or_forall error • ":" maybequantifiedformula

    ":"  shift, and go to state 249

    $default  reduce using rule 26 (error_opt)


State 121

  153 quantifiedformula: exists_or_forall error_opt • "end of formula"

    "end of formula"  shift, and go to state 250


State 122

    4 result: "LTL start marker" quantifiedformula "end of formula" •

    $default  reduce using rule 4 (result)


State 123

    5 result: "LTL start marker" quantifiedformula enderror •

    $default  reduce using rule 5 (result)


State 124

   61 atomprop: • "atomic proposition"
   62 booleanatom: • atomprop
   63            | • atomprop "positive suffix"
   64            | • atomprop "negative suffix"
   65            | • "constant true"
   66            | • "constant false"
  105 bracedsere: • "opening brace" sere "closing brace"
  106           | • "opening brace" sere error "closing brace"
  107           | • "opening brace" error "closing brace"
  108           | • "opening brace" sere "end of formula"
  109           | • "opening brace" sere error "end of formula"
  110           | • "opening brace" error "end of formula"
  111           | • "{...} block"
  112 parenthesedsubformula: • "(...) block"
  113                      | • "opening parenthesis" subformula "closing parenthesis"
  114                      | • "opening parenthesis" subformula error "closing parenthesis"
  115                      | • "opening parenthesis" error "closing parenthesis"
  116                      | • "opening parenthesis" subformula "end of formula"
  117                      | • "opening parenthesis" subformula error "end of formula"
  118                      | • "opening parenthesis" error "end of formula"
  154 subformula: • booleanatom
  155           | • parenthesedsubformula
  156           | • subformula "and operator" subformula
  157           | • subformula "and operator" error
  158           | • subformula "short and operator" subformula
  159           | • subformula "short and operator" error
  160           | • subformula "star operator" subformula
  161           | • subformula "star operator" error
  162           | • subformula "or operator" subformula
  162           | subformula "or operator" • subformula
  163           | • subformula "or operator" error
  163           | subformula "or operator" • error
  164           | • subformula "xor operator" subformula
  165           | • subformula "xor operator" error
  166           | • subformula "implication operator" subformula
  167           | • subformula "implication operator" error
  168           | • subformula "equivalent operator" subformula
  169           | • subformula "equivalent operator" error
  170           | • subformula "until operator" subformula
  171           | • subformula "until operator" error
  172           | • subformula "release operator" subformula
  173           | • subformula "release operator" error
  174           | • subformula "weak until operator" subformula
  175           | • subformula "weak until operator" error
  176           | • subformula "strong release operator" subformula
  177           | • subformula "strong release operator" error
  178           | • "sometimes operator" subformula
  179           | • "sometimes operator" error
  180           | • "F[.] operator" sqbkt_num "closing bracket" subformula
  181           | • "F[.] operator" sqbkt_num "closing !]" subformula
  182           | • "F[.] operator" sqbkt_num "separator for square bracket operator" sqbkt_num "closing bracket" subformula
  183           | • "F[.] operator" sqbkt_num "separator for square bracket operator" sqbkt_num "closing !]" subformula
  184           | • "F[.] operator" sqbkt_num OP_SQBKT_SEP_unbounded "closing bracket" subformula
  185           | • "F[.] operator" sqbkt_num OP_SQBKT_SEP_unbounded "closing !]" subformula
  186           | • "F[.] operator" sqbkt_num "separator for square bracket operator" sqbkt_num "closing bracket" error
  187           | • "F[.] operator" sqbkt_num "separator for square bracket operator" sqbkt_num "closing !]" error
  188           | • "F[.] operator" error_opt "end of formula"
  189           | • "F[.] operator" error "closing bracket" subformula
  190           | • "F[.] operator" error "closing !]" subformula
  191           | • "always operator" subformula
  192           | • "always operator" error
  193           | • "G[.] operator" sqbkt_num "separator for square bracket operator" sqbkt_num "closing bracket" subformula
  194           | • "G[.] operator" sqbkt_num "separator for square bracket operator" sqbkt_num "closing !]" subformula
  195           | • "G[.] operator" sqbkt_num OP_SQBKT_SEP_unbounded "closing bracket" subformula
  196           | • "G[.] operator" sqbkt_num OP_SQBKT_SEP_unbounded "closing !]" subformula
  197           | • "G[.] operator" sqbkt_num "closing bracket" subformula
  198           | • "G[.] operator" sqbkt_num "closing !]" subformula
  199           | • "G[.] operator" sqbkt_num "separator for square bracket operator" sqbkt_num "closing bracket" error
  200           | • "G[.] operator" sqbkt_num "separator for square bracket operator" sqbkt_num "closing !]" error
  201           | • "G[.] operator" error_opt "end of formula"
  202           | • "G[.] operator" error "closing bracket" subformula
  203           | • "G[.] operator" error "closing !]" subformula
  204           | • "next operator" subformula
  205           | • "next operator" error
  206           | • "strong next operator" subformula
  207           | • "strong next operator" error
  208           | • "X[.] operator" sqbkt_num "closing bracket" subformula
  209           | • "X[.] operator" sqbkt_num "closing bracket" error
  210           | • "X[.] operator" error "closing bracket" subformula
  211           | • "X[.] operator" "closing !]" subformula
  212           | • "X[.] operator" sqbkt_num "closing !]" subformula
  213           | • "X[.] operator" error "closing !]" subformula
  214           | • "X[.] operator" error_opt "end of formula"
  215           | • "not operator" subformula
  216           | • "not operator" error
  217           | • bracedsere
  218           | • bracedsere "universal concat operator" subformula
  219           | • bracedsere parenthesedsubformula
  220           | • bracedsere "universal concat operator" error
  221           | • bracedsere "existential concat operator" subformula
  222           | • bracedsere "existential concat operator" error
  223           | • bracedsere "universal non-overlapping concat operator" subformula
  224           | • bracedsere "universal non-overlapping concat operator" error
  225           | • bracedsere "existential non-overlapping concat operator" subformula
  226           | • bracedsere "existential non-overlapping concat operator" error
  227           | • "opening brace" sere "closing brace-bang"
  228           | • "{...}! block"

    error                   shift, and go to state 251
    "opening parenthesis"   shift, and go to state 7
    "(...) block"           shift, and go to state 8
    "{...} block"           shift, and go to state 9
    "{...}! block"          shift, and go to state 10
    "opening brace"         shift, and go to state 11
    "sometimes operator"    shift, and go to state 12
    "always operator"       shift, and go to state 13
    "next operator"         shift, and go to state 14
    "strong next operator"  shift, and go to state 15
    "not operator"          shift, and go to state 18
    "X[.] operator"         shift, and go to state 19
    "F[.] operator"         shift, and go to state 20
    "G[.] operator"         shift, and go to state 21
    "atomic proposition"    shift, and go to state 22
    "constant true"         shift, and go to state 23
    "constant false"        shift, and go to state 24

    atomprop               go to state 28
    booleanatom            go to state 29
    bracedsere             go to state 30
    parenthesedsubformula  go to state 31
    subformula             go to state 252


State 125

   61 atomprop: • "atomic proposition"
   62 booleanatom: • atomprop
   63            | • atomprop "positive suffix"
   64            | • atomprop "negative suffix"
   65            | • "constant true"
   66            | • "constant false"
  105 bracedsere: • "opening brace" sere "closing brace"
  106           | • "opening brace" sere error "closing brace"
  107           | • "opening brace" error "closing brace"
  108           | • "opening brace" sere "end of formula"
  109           | • "opening brace" sere error "end of formula"
  110           | • "opening brace" error "end of formula"
  111           | • "{...} block"
  112 parenthesedsubformula: • "(...) block"
  113                      | • "opening parenthesis" subformula "closing parenthesis"
  114                      | • "opening parenthesis" subformula error "closing parenthesis"
  115                      | • "opening parenthesis" error "closing parenthesis"
  116                      | • "opening parenthesis" subformula "end of formula"
  117                      | • "opening parenthesis" subformula error "end of formula"
  118                      | • "opening parenthesis" error "end of formula"
  154 subformula: • booleanatom
  155           | • parenthesedsubformula
  156           | • subformula "and operator" subformula
  157           | • subformula "and operator" error
  158           | • subformula "short and operator" subformula
  159           | • subformula "short and operator" error
  160           | • subformula "star operator" subformula
  161           | • subformula "star operator" error
  162           | • subformula "or operator" subformula
  163           | • subformula "or operator" error
  164           | • subformula "xor operator" subformula
  164           | subformula "xor operator" • subformula
  165           | • subformula "xor operator" error
  165           | subformula "xor operator" • error
  166           | • subformula "implication operator" subformula
  167           | • subformula "implication operator" error
  168           | • subformula "equivalent operator" subformula
  169           | • subformula "equivalent operator" error
  170           | • subformula "until operator" subformula
  171           | • subformula "until operator" error
  172           | • subformula "release operator" subformula
  173           | • subformula "release operator" error
  174           | • subformula "weak until operator" subformula
  175           | • subformula "weak until operator" error
  176           | • subformula "strong release operator" subformula
  177           | • subformula "strong release operator" error
  178           | • "sometimes operator" subformula
  179           | • "sometimes operator" error
  180           | • "F[.] operator" sqbkt_num "closing bracket" subformula
  181           | • "F[.] operator" sqbkt_num "closing !]" subformula
  182           | • "F[.] operator" sqbkt_num "separator for square bracket operator" sqbkt_num "closing bracket" subformula
  183           | • "F[.] operator" sqbkt_num "separator for square bracket operator" sqbkt_num "closing !]" subformula
  184           | • "F[.] operator" sqbkt_num OP_SQBKT_SEP_unbounded "closing bracket" subformula
  185           | • "F[.] operator" sqbkt_num OP_SQBKT_SEP_unbounded "closing !]" subformula
  186           | • "F[.] operator" sqbkt_num "separator for square bracket operator" sqbkt_num "closing bracket" error
  187           | • "F[.] operator" sqbkt_num "separator for square bracket operator" sqbkt_num "closing !]" error
  188           | • "F[.] operator" error_opt "end of formula"
  189           | • "F[.] operator" error "closing bracket" subformula
  190           | • "F[.] operator" error "closing !]" subformula
  191           | • "always operator" subformula
  192           | • "always operator" error
  193           | • "G[.] operator" sqbkt_num "separator for square bracket operator" sqbkt_num "closing bracket" subformula
  194           | • "G[.] operator" sqbkt_num "separator for square bracket operator" sqbkt_num "closing !]" subformula
  195           | • "G[.] operator" sqbkt_num OP_SQBKT_SEP_unbounded "closing bracket" subformula
  196           | • "G[.] operator" sqbkt_num OP_SQBKT_SEP_unbounded "closing !]" subformula
  197           | • "G[.] operator" sqbkt_num "closing bracket" subformula
  198           | • "G[.] operator" sqbkt_num "closing !]" subformula
  199           | • "G[.] operator" sqbkt_num "separator for square bracket operator" sqbkt_num "closing bracket" error
  200           | • "G[.] operator" sqbkt_num "separator for square bracket operator" sqbkt_num "closing !]" error
  201           | • "G[.] operator" error_opt "end of formula"
  202           | • "G[.] operator" error "closing bracket" subformula
  203           | • "G[.] operator" error "closing !]" subformula
  204           | • "next operator" subformula
  205           | • "next operator" error
  206           | • "strong next operator" subformula
  207           | • "strong next operator" error
  208           | • "X[.] operator" sqbkt_num "closing bracket" subformula
  209           | • "X[.] operator" sqbkt_num "closing bracket" error
  210           | • "X[.] operator" error "closing bracket" subformula
  211           | • "X[.] operator" "closing !]" subformula
  212           | • "X[.] operator" sqbkt_num "closing !]" subformula
  213           | • "X[.] operator" error "closing !]" subformula
  214           | • "X[.] operator" error_opt "end of formula"
  215           | • "not operator" subformula
  216           | • "not operator" error
  217           | • bracedsere
  218           | • bracedsere "universal concat operator" subformula
  219           | • bracedsere parenthesedsubformula
  220           | • bracedsere "universal concat operator" error
  221           | • bracedsere "existential concat operator" subformula
  222           | • bracedsere "existential concat operator" error
  223           | • bracedsere "universal non-overlapping concat operator" subformula
  224           | • bracedsere "universal non-overlapping concat operator" error
  225           | • bracedsere "existential non-overlapping concat operator" subformula
  226           | • bracedsere "existential non-overlapping concat operator" error
  227           | • "opening brace" sere "closing brace-bang"
  228           | • "{...}! block"

    error                   shift, and go to state 253
    "opening parenthesis"   shift, and go to state 7
    "(...) block"           shift, and go to state 8
    "{...} block"           shift, and go to state 9
    "{...}! block"          shift, and go to state 10
    "opening brace"         shift, and go to state 11
    "sometimes operator"    shift, and go to state 12
    "always operator"       shift, and go to state 13
    "next operator"         shift, and go to state 14
    "strong next operator"  shift, and go to state 15
    "not operator"          shift, and go to state 18
    "X[.] operator"         shift, and go to state 19
    "F[.] operator"         shift, and go to state 20
    "G[.] operator"         shift, and go to state 21
    "atomic proposition"    shift, and go to state 22
    "constant true"         shift, and go to state 23
    "constant false"        shift, and go to state 24

    atomprop               go to state 28
    booleanatom            go to state 29
    bracedsere             go to state 30
    parenthesedsubformula  go to state 31
    subformula             go to state 254


State 126

   61 atomprop: • "atomic proposition"
   62 booleanatom: • atomprop
   63            | • atomprop "positive suffix"
   64            | • atomprop "negative suffix"
   65            | • "constant true"
   66            | • "constant false"
  105 bracedsere: • "opening brace" sere "closing brace"
  106           | • "opening brace" sere error "closing brace"
  107           | • "opening brace" error "closing brace"
  108           | • "opening brace" sere "end of formula"
  109           | • "opening brace" sere error "end of formula"
  110           | • "opening brace" error "end of formula"
  111           | • "{...} block"
  112 parenthesedsubformula: • "(...) block"
  113                      | • "opening parenthesis" subformula "closing parenthesis"
  114                      | • "opening parenthesis" subformula error "closing parenthesis"
  115                      | • "opening parenthesis" error "closing parenthesis"
  116                      | • "opening parenthesis" subformula "end of formula"
  117                      | • "opening parenthesis" subformula error "end of formula"
  118                      | • "opening parenthesis" error "end of formula"
  154 subformula: • booleanatom
  155           | • parenthesedsubformula
  156           | • subformula "and operator" subformula
  156           | subformula "and operator" • subformula
  157           | • subformula "and operator" error
  157           | subformula "and operator" • error
  158           | • subformula "short and operator" subformula
  159           | • subformula "short and operator" error
  160           | • subformula "star operator" subformula
  161           | • subformula "star operator" error
  162           | • subformula "or operator" subformula
  163           | • subformula "or operator" error
  164           | • subformula "xor operator" subformula
  165           | • subformula "xor operator" error
  166           | • subformula "implication operator" subformula
  167           | • subformula "implication operator" error
  168           | • subformula "equivalent operator" subformula
  169           | • subformula "equivalent operator" error
  170           | • subformula "until operator" subformula
  171           | • subformula "until operator" error
  172           | • subformula "release operator" subformula
  173           | • subformula "release operator" error
  174           | • subformula "weak until operator" subformula
  175           | • subformula "weak until operator" error
  176           | • subformula "strong release operator" subformula
  177           | • subformula "strong release operator" error
  178           | • "sometimes operator" subformula
  179           | • "sometimes operator" error
  180           | • "F[.] operator" sqbkt_num "closing bracket" subformula
  181           | • "F[.] operator" sqbkt_num "closing !]" subformula
  182           | • "F[.] operator" sqbkt_num "separator for square bracket operator" sqbkt_num "closing bracket" subformula
  183           | • "F[.] operator" sqbkt_num "separator for square bracket operator" sqbkt_num "closing !]" subformula
  184           | • "F[.] operator" sqbkt_num OP_SQBKT_SEP_unbounded "closing bracket" subformula
  185           | • "F[.] operator" sqbkt_num OP_SQBKT_SEP_unbounded "closing !]" subformula
  186           | • "F[.] operator" sqbkt_num "separator for square bracket operator" sqbkt_num "closing bracket" error
  187           | • "F[.] operator" sqbkt_num "separator for square bracket operator" sqbkt_num "closing !]" error
  188           | • "F[.] operator" error_opt "end of formula"
  189           | • "F[.] operator" error "closing bracket" subformula
  190           | • "F[.] operator" error "closing !]" subformula
  191           | • "always operator" subformula
  192           | • "always operator" error
  193           | • "G[.] operator" sqbkt_num "separator for square bracket operator" sqbkt_num "closing bracket" subformula
  194           | • "G[.] operator" sqbkt_num "separator for square bracket operator" sqbkt_num "closing !]" subformula
  195           | • "G[.] operator" sqbkt_num OP_SQBKT_SEP_unbounded "closing bracket" subformula
  196           | • "G[.] operator" sqbkt_num OP_SQBKT_SEP_unbounded "closing !]" subformula
  197           | • "G[.] operator" sqbkt_num "closing bracket" subformula
  198           | • "G[.] operator" sqbkt_num "closing !]" subformula
  199           | • "G[.] operator" sqbkt_num "separator for square bracket operator" sqbkt_num "closing bracket" error
  200           | • "G[.] operator" sqbkt_num "separator for square bracket operator" sqbkt_num "closing !]" error
  201           | • "G[.] operator" error_opt "end of formula"
  202           | • "G[.] operator" error "closing bracket" subformula
  203           | • "G[.] operator" error "closing !]" subformula
  204           | • "next operator" subformula
  205           | • "next operator" error
  206           | • "strong next operator" subformula
  207           | • "strong next operator" error
  208           | • "X[.] operator" sqbkt_num "closing bracket" subformula
  209           | • "X[.] operator" sqbkt_num "closing bracket" error
  210           | • "X[.] operator" error "closing bracket" subformula
  211           | • "X[.] operator" "closing !]" subformula
  212           | • "X[.] operator" sqbkt_num "closing !]" subformula
  213           | • "X[.] operator" error "closing !]" subformula
  214           | • "X[.] operator" error_opt "end of formula"
  215           | • "not operator" subformula
  216           | • "not operator" error
  217           | • bracedsere
  218           | • bracedsere "universal concat operator" subformula
  219           | • bracedsere parenthesedsubformula
  220           | • bracedsere "universal concat operator" error
  221           | • bracedsere "existential concat operator" subformula
  222           | • bracedsere "existential concat operator" error
  223           | • bracedsere "universal non-overlapping concat operator" subformula
  224           | • bracedsere "universal non-overlapping concat operator" error
  225           | • bracedsere "existential non-overlapping concat operator" subformula
  226           | • bracedsere "existential non-overlapping concat operator" error
  227           | • "opening brace" sere "closing brace-bang"
  228           | • "{...}! block"

    error                   shift, and go to state 255
    "opening parenthesis"   shift, and go to state 7
    "(...) block"           shift, and go to state 8
    "{...} block"           shift, and go to state 9
    "{...}! block"          shift, and go to state 10
    "opening brace"         shift, and go to state 11
    "sometimes operator"    shift, and go to state 12
    "always operator"       shift, and go to state 13
    "next operator"         shift, and go to state 14
    "strong next operator"  shift, and go to state 15
    "not operator"          shift, and go to state 18
    "X[.] operator"         shift, and go to state 19
    "F[.] operator"         shift, and go to state 20
    "G[.] operator"         shift, and go to state 21
    "atomic proposition"    shift, and go to state 22
    "constant true"         shift, and go to state 23
    "constant false"        shift, and go to state 24

    atomprop               go to state 28
    booleanatom            go to state 29
    bracedsere             go to state 30
    parenthesedsubformula  go to state 31
    subformula             go to state 256


State 127

   61 atomprop: • "atomic proposition"
   62 booleanatom: • atomprop
   63            | • atomprop "positive suffix"
   64            | • atomprop "negative suffix"
   65            | • "constant true"
   66            | • "constant false"
  105 bracedsere: • "opening brace" sere "closing brace"
  106           | • "opening brace" sere error "closing brace"
  107           | • "opening brace" error "closing brace"
  108           | • "opening brace" sere "end of formula"
  109           | • "opening brace" sere error "end of formula"
  110           | • "opening brace" error "end of formula"
  111           | • "{...} block"
  112 parenthesedsubformula: • "(...) block"
  113                      | • "opening parenthesis" subformula "closing parenthesis"
  114                      | • "opening parenthesis" subformula error "closing parenthesis"
  115                      | • "opening parenthesis" error "closing parenthesis"
  116                      | • "opening parenthesis" subformula "end of formula"
  117                      | • "opening parenthesis" subformula error "end of formula"
  118                      | • "opening parenthesis" error "end of formula"
  154 subformula: • booleanatom
  155           | • parenthesedsubformula
  156           | • subformula "and operator" subformula
  157           | • subformula "and operator" error
  158           | • subformula "short and operator" subformula
  158           | subformula "short and operator" • subformula
  159           | • subformula "short and operator" error
  159           | subformula "short and operator" • error
  160           | • subformula "star operator" subformula
  161           | • subformula "star operator" error
  162           | • subformula "or operator" subformula
  163           | • subformula "or operator" error
  164           | • subformula "xor operator" subformula
  165           | • subformula "xor operator" error
  166           | • subformula "implication operator" subformula
  167           | • subformula "implication operator" error
  168           | • subformula "equivalent operator" subformula
  169           | • subformula "equivalent operator" error
  170           | • subformula "until operator" subformula
  171           | • subformula "until operator" error
  172           | • subformula "release operator" subformula
  173           | • subformula "release operator" error
  174           | • subformula "weak until operator" subformula
  175           | • subformula "weak until operator" error
  176           | • subformula "strong release operator" subformula
  177           | • subformula "strong release operator" error
  178           | • "sometimes operator" subformula
  179           | • "sometimes operator" error
  180           | • "F[.] operator" sqbkt_num "closing bracket" subformula
  181           | • "F[.] operator" sqbkt_num "closing !]" subformula
  182           | • "F[.] operator" sqbkt_num "separator for square bracket operator" sqbkt_num "closing bracket" subformula
  183           | • "F[.] operator" sqbkt_num "separator for square bracket operator" sqbkt_num "closing !]" subformula
  184           | • "F[.] operator" sqbkt_num OP_SQBKT_SEP_unbounded "closing bracket" subformula
  185           | • "F[.] operator" sqbkt_num OP_SQBKT_SEP_unbounded "closing !]" subformula
  186           | • "F[.] operator" sqbkt_num "separator for square bracket operator" sqbkt_num "closing bracket" error
  187           | • "F[.] operator" sqbkt_num "separator for square bracket operator" sqbkt_num "closing !]" error
  188           | • "F[.] operator" error_opt "end of formula"
  189           | • "F[.] operator" error "closing bracket" subformula
  190           | • "F[.] operator" error "closing !]" subformula
  191           | • "always operator" subformula
  192           | • "always operator" error
  193           | • "G[.] operator" sqbkt_num "separator for square bracket operator" sqbkt_num "closing bracket" subformula
  194           | • "G[.] operator" sqbkt_num "separator for square bracket operator" sqbkt_num "closing !]" subformula
  195           | • "G[.] operator" sqbkt_num OP_SQBKT_SEP_unbounded "closing bracket" subformula
  196           | • "G[.] operator" sqbkt_num OP_SQBKT_SEP_unbounded "closing !]" subformula
  197           | • "G[.] operator" sqbkt_num "closing bracket" subformula
  198           | • "G[.] operator" sqbkt_num "closing !]" subformula
  199           | • "G[.] operator" sqbkt_num "separator for square bracket operator" sqbkt_num "closing bracket" error
  200           | • "G[.] operator" sqbkt_num "separator for square bracket operator" sqbkt_num "closing !]" error
  201           | • "G[.] operator" error_opt "end of formula"
  202           | • "G[.] operator" error "closing bracket" subformula
  203           | • "G[.] operator" error "closing !]" subformula
  204           | • "next operator" subformula
  205           | • "next operator" error
  206           | • "strong next operator" subformula
  207           | • "strong next operator" error
  208           | • "X[.] operator" sqbkt_num "closing bracket" subformula
  209           | • "X[.] operator" sqbkt_num "closing bracket" error
  210           | • "X[.] operator" error "closing bracket" subformula
  211           | • "X[.] operator" "closing !]" subformula
  212           | • "X[.] operator" sqbkt_num "closing !]" subformula
  213           | • "X[.] operator" error "closing !]" subformula
  214           | • "X[.] operator" error_opt "end of formula"
  215           | • "not operator" subformula
  216           | • "not operator" error
  217           | • bracedsere
  218           | • bracedsere "universal concat operator" subformula
  219           | • bracedsere parenthesedsubformula
  220           | • bracedsere "universal concat operator" error
  221           | • bracedsere "existential concat operator" subformula
  222           | • bracedsere "existential concat operator" error
  223           | • bracedsere "universal non-overlapping concat operator" subformula
  224           | • bracedsere "universal non-overlapping concat operator" error
  225           | • bracedsere "existential non-overlapping concat operator" subformula
  226           | • bracedsere "existential non-overlapping concat operator" error
  227           | • "opening brace" sere "closing brace-bang"
  228           | • "{...}! block"

    error                   shift, and go to state 257
    "opening parenthesis"   shift, and go to state 7
    "(...) block"           shift, and go to state 8
    "{...} block"           shift, and go to state 9
    "{...}! block"          shift, and go to state 10
    "opening brace"         shift, and go to state 11
    "sometimes operator"    shift, and go to state 12
    "always operator"       shift, and go to state 13
    "next operator"         shift, and go to state 14
    "strong next operator"  shift, and go to state 15
    "not operator"          shift, and go to state 18
    "X[.] operator"         shift, and go to state 19
    "F[.] operator"         shift, and go to state 20
    "G[.] operator"         shift, and go to state 21
    "atomic proposition"    shift, and go to state 22
    "constant true"         shift, and go to state 23
    "constant false"        shift, and go to state 24

    atomprop               go to state 28
    booleanatom            go to state 29
    bracedsere             go to state 30
    parenthesedsubformula  go to state 31
    subformula             go to state 258


State 128

   61 atomprop: • "atomic proposition"
   62 booleanatom: • atomprop
   63            | • atomprop "positive suffix"
   64            | • atomprop "negative suffix"
   65            | • "constant true"
   66            | • "constant false"
  105 bracedsere: • "opening brace" sere "closing brace"
  106           | • "opening brace" sere error "closing brace"
  107           | • "opening brace" error "closing brace"
  108           | • "opening brace" sere "end of formula"
  109           | • "opening brace" sere error "end of formula"
  110           | • "opening brace" error "end of formula"
  111           | • "{...} block"
  112 parenthesedsubformula: • "(...) block"
  113                      | • "opening parenthesis" subformula "closing parenthesis"
  114                      | • "opening parenthesis" subformula error "closing parenthesis"
  115                      | • "opening parenthesis" error "closing parenthesis"
  116                      | • "opening parenthesis" subformula "end of formula"
  117                      | • "opening parenthesis" subformula error "end of formula"
  118                      | • "opening parenthesis" error "end of formula"
  154 subformula: • booleanatom
  155           | • parenthesedsubformula
  156           | • subformula "and operator" subformula
  157           | • subformula "and operator" error
  158           | • subformula "short and operator" subformula
  159           | • subformula "short and operator" error
  160           | • subformula "star operator" subformula
  161           | • subformula "star operator" error
  162           | • subformula "or operator" subformula
  163           | • subformula "or operator" error
  164           | • subformula "xor operator" subformula
  165           | • subformula "xor operator" error
  166           | • subformula "implication operator" subformula
  166           | subformula "implication operator" • subformula
  167           | • subformula "implication operator" error
  167           | subformula "implication operator" • error
  168           | • subformula "equivalent operator" subformula
  169           | • subformula "equivalent operator" error
  170           | • subformula "until operator" subformula
  171           | • subformula "until operator" error
  172           | • subformula "release operator" subformula
  173           | • subformula "release operator" error
  174           | • subformula "weak until operator" subformula
  175           | • subformula "weak until operator" error
  176           | • subformula "strong release operator" subformula
  177           | • subformula "strong release operator" error
  178           | • "sometimes operator" subformula
  179           | • "sometimes operator" error
  180           | • "F[.] operator" sqbkt_num "closing bracket" subformula
  181           | • "F[.] operator" sqbkt_num "closing !]" subformula
  182           | • "F[.] operator" sqbkt_num "separator for square bracket operator" sqbkt_num "closing bracket" subformula
  183           | • "F[.] operator" sqbkt_num "separator for square bracket operator" sqbkt_num "closing !]" subformula
  184           | • "F[.] operator" sqbkt_num OP_SQBKT_SEP_unbounded "closing bracket" subformula
  185           | • "F[.] operator" sqbkt_num OP_SQBKT_SEP_unbounded "closing !]" subformula
  186           | • "F[.] operator" sqbkt_num "separator for square bracket operator" sqbkt_num "closing bracket" error
  187           | • "F[.] operator" sqbkt_num "separator for square bracket operator" sqbkt_num "closing !]" error
  188           | • "F[.] operator" error_opt "end of formula"
  189           | • "F[.] operator" error "closing bracket" subformula
  190           | • "F[.] operator" error "closing !]" subformula
  191           | • "always operator" subformula
  192           | • "always operator" error
  193           | • "G[.] operator" sqbkt_num "separator for square bracket operator" sqbkt_num "closing bracket" subformula
  194           | • "G[.] operator" sqbkt_num "separator for square bracket operator" sqbkt_num "closing !]" subformula
  195           | • "G[.] operator" sqbkt_num OP_SQBKT_SEP_unbounded "closing bracket" subformula
  196           | • "G[.] operator" sqbkt_num OP_SQBKT_SEP_unbounded "closing !]" subformula
  197           | • "G[.] operator" sqbkt_num "closing bracket" subformula
  198           | • "G[.] operator" sqbkt_num "closing !]" subformula
  199           | • "G[.] operator" sqbkt_num "separator for square bracket operator" sqbkt_num "closing bracket" error
  200           | • "G[.] operator" sqbkt_num "separator for square bracket operator" sqbkt_num "closing !]" error
  201           | • "G[.] operator" error_opt "end of formula"
  202           | • "G[.] operator" error "closing bracket" subformula
  203           | • "G[.] operator" error "closing !]" subformula
  204           | • "next operator" subformula
  205           | • "next operator" error
  206           | • "strong next operator" subformula
  207           | • "strong next operator" error
  208           | • "X[.] operator" sqbkt_num "closing bracket" subformula
  209           | • "X[.] operator" sqbkt_num "closing bracket" error
  210           | • "X[.] operator" error "closing bracket" subformula
  211           | • "X[.] operator" "closing !]" subformula
  212           | • "X[.] operator" sqbkt_num "closing !]" subformula
  213           | • "X[.] operator" error "closing !]" subformula
  214           | • "X[.] operator" error_opt "end of formula"
  215           | • "not operator" subformula
  216           | • "not operator" error
  217           | • bracedsere
  218           | • bracedsere "universal concat operator" subformula
  219           | • bracedsere parenthesedsubformula
  220           | • bracedsere "universal concat operator" error
  221           | • bracedsere "existential concat operator" subformula
  222           | • bracedsere "existential concat operator" error
  223           | • bracedsere "universal non-overlapping concat operator" subformula
  224           | • bracedsere "universal non-overlapping concat operator" error
  225           | • bracedsere "existential non-overlapping concat operator" subformula
  226           | • bracedsere "existential non-overlapping concat operator" error
  227           | • "opening brace" sere "closing brace-bang"
  228           | • "{...}! block"

    error                   shift, and go to state 259
    "opening parenthesis"   shift, and go to state 7
    "(...) block"           shift, and go to state 8
    "{...} block"           shift, and go to state 9
    "{...}! block"          shift, and go to state 10
    "opening brace"         shift, and go to state 11
    "sometimes operator"    shift, and go to state 12
    "always operator"       shift, and go to state 13
    "next operator"         shift, and go to state 14
    "strong next operator"  shift, and go to state 15
    "not operator"          shift, and go to state 18
    "X[.] operator"         shift, and go to state 19
    "F[.] operator"         shift, and go to state 20
    "G[.] operator"         shift, and go to state 21
    "atomic proposition"    shift, and go to state 22
    "constant true"         shift, and go to state 23
    "constant false"        shift, and go to state 24

    atomprop               go to state 28
    booleanatom            go to state 29
    bracedsere             go to state 30
    parenthesedsubformula  go to state 31
    subformula             go to state 260


State 129

   61 atomprop: • "atomic proposition"
   62 booleanatom: • atomprop
   63            | • atomprop "positive suffix"
   64            | • atomprop "negative suffix"
   65            | • "constant true"
   66            | • "constant false"
  105 bracedsere: • "opening brace" sere "closing brace"
  106           | • "opening brace" sere error "closing brace"
  107           | • "opening brace" error "closing brace"
  108           | • "opening brace" sere "end of formula"
  109           | • "opening brace" sere error "end of formula"
  110           | • "opening brace" error "end of formula"
  111           | • "{...} block"
  112 parenthesedsubformula: • "(...) block"
  113                      | • "opening parenthesis" subformula "closing parenthesis"
  114                      | • "opening parenthesis" subformula error "closing parenthesis"
  115                      | • "opening parenthesis" error "closing parenthesis"
  116                      | • "opening parenthesis" subformula "end of formula"
  117                      | • "opening parenthesis" subformula error "end of formula"
  118                      | • "opening parenthesis" error "end of formula"
  154 subformula: • booleanatom
  155           | • parenthesedsubformula
  156           | • subformula "and operator" subformula
  157           | • subformula "and operator" error
  158           | • subformula "short and operator" subformula
  159           | • subformula "short and operator" error
  160           | • subformula "star operator" subformula
  161           | • subformula "star operator" error
  162           | • subformula "or operator" subformula
  163           | • subformula "or operator" error
  164           | • subformula "xor operator" subformula
  165           | • subformula "xor operator" error
  166           | • subformula "implication operator" subformula
  167           | • subformula "implication operator" error
  168           | • subformula "equivalent operator" subformula
  168           | subformula "equivalent operator" • subformula
  169           | • subformula "equivalent operator" error
  169           | subformula "equivalent operator" • error
  170           | • subformula "until operator" subformula
  171           | • subformula "until operator" error
  172           | • subformula "release operator" subformula
  173           | • subformula "release operator" error
  174           | • subformula "weak until operator" subformula
  175           | • subformula "weak until operator" error
  176           | • subformula "strong release operator" subformula
  177           | • subformula "strong release operator" error
  178           | • "sometimes operator" subformula
  179           | • "sometimes operator" error
  180           | • "F[.] operator" sqbkt_num "closing bracket" subformula
  181           | • "F[.] operator" sqbkt_num "closing !]" subformula
  182           | • "F[.] operator" sqbkt_num "separator for square bracket operator" sqbkt_num "closing bracket" subformula
  183           | • "F[.] operator" sqbkt_num "separator for square bracket operator" sqbkt_num "closing !]" subformula
  184           | • "F[.] operator" sqbkt_num OP_SQBKT_SEP_unbounded "closing bracket" subformula
  185           | • "F[.] operator" sqbkt_num OP_SQBKT_SEP_unbounded "closing !]" subformula
  186           | • "F[.] operator" sqbkt_num "separator for square bracket operator" sqbkt_num "closing bracket" error
  187           | • "F[.] operator" sqbkt_num "separator for square bracket operator" sqbkt_num "closing !]" error
  188           | • "F[.] operator" error_opt "end of formula"
  189           | • "F[.] operator" error "closing bracket" subformula
  190           | • "F[.] operator" error "closing !]" subformula
  191           | • "always operator" subformula
  192           | • "always operator" error
  193           | • "G[.] operator" sqbkt_num "separator for square bracket operator" sqbkt_num "closing bracket" subformula
  194           | • "G[.] operator" sqbkt_num "separator for square bracket operator" sqbkt_num "closing !]" subformula
  195           | • "G[.] operator" sqbkt_num OP_SQBKT_SEP_unbounded "closing bracket" subformula
  196           | • "G[.] operator" sqbkt_num OP_SQBKT_SEP_unbounded "closing !]" subformula
  197           | • "G[.] operator" sqbkt_num "closing bracket" subformula
  198           | • "G[.] operator" sqbkt_num "closing !]" subformula
  199           | • "G[.] operator" sqbkt_num "separator for square bracket operator" sqbkt_num "closing bracket" error
  200           | • "G[.] operator" sqbkt_num "separator for square bracket operator" sqbkt_num "closing !]" error
  201           | • "G[.] operator" error_opt "end of formula"
  202           | • "G[.] operator" error "closing bracket" subformula
  203           | • "G[.] operator" error "closing !]" subformula
  204           | • "next operator" subformula
  205           | • "next operator" error
  206           | • "strong next operator" subformula
  207           | • "strong next operator" error
  208           | • "X[.] operator" sqbkt_num "closing bracket" subformula
  209           | • "X[.] operator" sqbkt_num "closing bracket" error
  210           | • "X[.] operator" error "closing bracket" subformula
  211           | • "X[.] operator" "closing !]" subformula
  212           | • "X[.] operator" sqbkt_num "closing !]" subformula
  213           | • "X[.] operator" error "closing !]" subformula
  214           | • "X[.] operator" error_opt "end of formula"
  215           | • "not operator" subformula
  216           | • "not operator" error
  217           | • bracedsere
  218           | • bracedsere "universal concat operator" subformula
  219           | • bracedsere parenthesedsubformula
  220           | • bracedsere "universal concat operator" error
  221           | • bracedsere "existential concat operator" subformula
  222           | • bracedsere "existential concat operator" error
  223           | • bracedsere "universal non-overlapping concat operator" subformula
  224           | • bracedsere "universal non-overlapping concat operator" error
  225           | • bracedsere "existential non-overlapping concat operator" subformula
  226           | • bracedsere "existential non-overlapping concat operator" error
  227           | • "opening brace" sere "closing brace-bang"
  228           | • "{...}! block"

    error                   shift, and go to state 261
    "opening parenthesis"   shift, and go to state 7
    "(...) block"           shift, and go to state 8
    "{...} block"           shift, and go to state 9
    "{...}! block"          shift, and go to state 10
    "opening brace"         shift, and go to state 11
    "sometimes operator"    shift, and go to state 12
    "always operator"       shift, and go to state 13
    "next operator"         shift, and go to state 14
    "strong next operator"  shift, and go to state 15
    "not operator"          shift, and go to state 18
    "X[.] operator"         shift, and go to state 19
    "F[.] operator"         shift, and go to state 20
    "G[.] operator"         shift, and go to state 21
    "atomic proposition"    shift, and go to state 22
    "constant true"         shift, and go to state 23
    "constant false"        shift, and go to state 24

    atomprop               go to state 28
    booleanatom            go to state 29
    bracedsere             go to state 30
    parenthesedsubformula  go to state 31
    subformula             go to state 262


State 130

   61 atomprop: • "atomic proposition"
   62 booleanatom: • atomprop
   63            | • atomprop "positive suffix"
   64            | • atomprop "negative suffix"
   65            | • "constant true"
   66            | • "constant false"
  105 bracedsere: • "opening brace" sere "closing brace"
  106           | • "opening brace" sere error "closing brace"
  107           | • "opening brace" error "closing brace"
  108           | • "opening brace" sere "end of formula"
  109           | • "opening brace" sere error "end of formula"
  110           | • "opening brace" error "end of formula"
  111           | • "{...} block"
  112 parenthesedsubformula: • "(...) block"
  113                      | • "opening parenthesis" subformula "closing parenthesis"
  114                      | • "opening parenthesis" subformula error "closing parenthesis"
  115                      | • "opening parenthesis" error "closing parenthesis"
  116                      | • "opening parenthesis" subformula "end of formula"
  117                      | • "opening parenthesis" subformula error "end of formula"
  118                      | • "opening parenthesis" error "end of formula"
  154 subformula: • booleanatom
  155           | • parenthesedsubformula
  156           | • subformula "and operator" subformula
  157           | • subformula "and operator" error
  158           | • subformula "short and operator" subformula
  159           | • subformula "short and operator" error
  160           | • subformula "star operator" subformula
  161           | • subformula "star operator" error
  162           | • subformula "or operator" subformula
  163           | • subformula "or operator" error
  164           | • subformula "xor operator" subformula
  165           | • subformula "xor operator" error
  166           | • subformula "implication operator" subformula
  167           | • subformula "implication operator" error
  168           | • subformula "equivalent operator" subformula
  169           | • subformula "equivalent operator" error
  170           | • subformula "until operator" subformula
  170           | subformula "until operator" • subformula
  171           | • subformula "until operator" error
  171           | subformula "until operator" • error
  172           | • subformula "release operator" subformula
  173           | • subformula "release operator" error
  174           | • subformula "weak until operator" subformula
  175           | • subformula "weak until operator" error
  176           | • subformula "strong release operator" subformula
  177           | • subformula "strong release operator" error
  178           | • "sometimes operator" subformula
  179           | • "sometimes operator" error
  180           | • "F[.] operator" sqbkt_num "closing bracket" subformula
  181           | • "F[.] operator" sqbkt_num "closing !]" subformula
  182           | • "F[.] operator" sqbkt_num "separator for square bracket operator" sqbkt_num "closing bracket" subformula
  183           | • "F[.] operator" sqbkt_num "separator for square bracket operator" sqbkt_num "closing !]" subformula
  184           | • "F[.] operator" sqbkt_num OP_SQBKT_SEP_unbounded "closing bracket" subformula
  185           | • "F[.] operator" sqbkt_num OP_SQBKT_SEP_unbounded "closing !]" subformula
  186           | • "F[.] operator" sqbkt_num "separator for square bracket operator" sqbkt_num "closing bracket" error
  187           | • "F[.] operator" sqbkt_num "separator for square bracket operator" sqbkt_num "closing !]" error
  188           | • "F[.] operator" error_opt "end of formula"
  189           | • "F[.] operator" error "closing bracket" subformula
  190           | • "F[.] operator" error "closing !]" subformula
  191           | • "always operator" subformula
  192           | • "always operator" error
  193           | • "G[.] operator" sqbkt_num "separator for square bracket operator" sqbkt_num "closing bracket" subformula
  194           | • "G[.] operator" sqbkt_num "separator for square bracket operator" sqbkt_num "closing !]" subformula
  195           | • "G[.] operator" sqbkt_num OP_SQBKT_SEP_unbounded "closing bracket" subformula
  196           | • "G[.] operator" sqbkt_num OP_SQBKT_SEP_unbounded "closing !]" subformula
  197           | • "G[.] operator" sqbkt_num "closing bracket" subformula
  198           | • "G[.] operator" sqbkt_num "closing !]" subformula
  199           | • "G[.] operator" sqbkt_num "separator for square bracket operator" sqbkt_num "closing bracket" error
  200           | • "G[.] operator" sqbkt_num "separator for square bracket operator" sqbkt_num "closing !]" error
  201           | • "G[.] operator" error_opt "end of formula"
  202           | • "G[.] operator" error "closing bracket" subformula
  203           | • "G[.] operator" error "closing !]" subformula
  204           | • "next operator" subformula
  205           | • "next operator" error
  206           | • "strong next operator" subformula
  207           | • "strong next operator" error
  208           | • "X[.] operator" sqbkt_num "closing bracket" subformula
  209           | • "X[.] operator" sqbkt_num "closing bracket" error
  210           | • "X[.] operator" error "closing bracket" subformula
  211           | • "X[.] operator" "closing !]" subformula
  212           | • "X[.] operator" sqbkt_num "closing !]" subformula
  213           | • "X[.] operator" error "closing !]" subformula
  214           | • "X[.] operator" error_opt "end of formula"
  215           | • "not operator" subformula
  216           | • "not operator" error
  217           | • bracedsere
  218           | • bracedsere "universal concat operator" subformula
  219           | • bracedsere parenthesedsubformula
  220           | • bracedsere "universal concat operator" error
  221           | • bracedsere "existential concat operator" subformula
  222           | • bracedsere "existential concat operator" error
  223           | • bracedsere "universal non-overlapping concat operator" subformula
  224           | • bracedsere "universal non-overlapping concat operator" error
  225           | • bracedsere "existential non-overlapping concat operator" subformula
  226           | • bracedsere "existential non-overlapping concat operator" error
  227           | • "opening brace" sere "closing brace-bang"
  228           | • "{...}! block"

    error                   shift, and go to state 263
    "opening parenthesis"   shift, and go to state 7
    "(...) block"           shift, and go to state 8
    "{...} block"           shift, and go to state 9
    "{...}! block"          shift, and go to state 10
    "opening brace"         shift, and go to state 11
    "sometimes operator"    shift, and go to state 12
    "always operator"       shift, and go to state 13
    "next operator"         shift, and go to state 14
    "strong next operator"  shift, and go to state 15
    "not operator"          shift, and go to state 18
    "X[.] operator"         shift, and go to state 19
    "F[.] operator"         shift, and go to state 20
    "G[.] operator"         shift, and go to state 21
    "atomic proposition"    shift, and go to state 22
    "constant true"         shift, and go to state 23
    "constant false"        shift, and go to state 24

    atomprop               go to state 28
    booleanatom            go to state 29
    bracedsere             go to state 30
    parenthesedsubformula  go to state 31
    subformula             go to state 264


State 131

   61 atomprop: • "atomic proposition"
   62 booleanatom: • atomprop
   63            | • atomprop "positive suffix"
   64            | • atomprop "negative suffix"
   65            | • "constant true"
   66            | • "constant false"
  105 bracedsere: • "opening brace" sere "closing brace"
  106           | • "opening brace" sere error "closing brace"
  107           | • "opening brace" error "closing brace"
  108           | • "opening brace" sere "end of formula"
  109           | • "opening brace" sere error "end of formula"
  110           | • "opening brace" error "end of formula"
  111           | • "{...} block"
  112 parenthesedsubformula: • "(...) block"
  113                      | • "opening parenthesis" subformula "closing parenthesis"
  114                      | • "opening parenthesis" subformula error "closing parenthesis"
  115                      | • "opening parenthesis" error "closing parenthesis"
  116                      | • "opening parenthesis" subformula "end of formula"
  117                      | • "opening parenthesis" subformula error "end of formula"
  118                      | • "opening parenthesis" error "end of formula"
  154 subformula: • booleanatom
  155           | • parenthesedsubformula
  156           | • subformula "and operator" subformula
  157           | • subformula "and operator" error
  158           | • subformula "short and operator" subformula
  159           | • subformula "short and operator" error
  160           | • subformula "star operator" subformula
  161           | • subformula "star operator" error
  162           | • subformula "or operator" subformula
  163           | • subformula "or operator" error
  164           | • subformula "xor operator" subformula
  165           | • subformula "xor operator" error
  166           | • subformula "implication operator" subformula
  167           | • subformula "implication operator" error
  168           | • subformula "equivalent operator" subformula
  169           | • subformula "equivalent operator" error
  170           | • subformula "until operator" subformula
  171           | • subformula "until operator" error
  172           | • subformula "release operator" subformula
  172           | subformula "release operator" • subformula
  173           | • subformula "release operator" error
  173           | subformula "release operator" • error
  174           | • subformula "weak until operator" subformula
  175           | • subformula "weak until operator" error
  176           | • subformula "strong release operator" subformula
  177           | • subformula "strong release operator" error
  178           | • "sometimes operator" subformula
  179           | • "sometimes operator" error
  180           | • "F[.] operator" sqbkt_num "closing bracket" subformula
  181           | • "F[.] operator" sqbkt_num "closing !]" subformula
  182           | • "F[.] operator" sqbkt_num "separator for square bracket operator" sqbkt_num "closing bracket" subformula
  183           | • "F[.] operator" sqbkt_num "separator for square bracket operator" sqbkt_num "closing !]" subformula
  184           | • "F[.] operator" sqbkt_num OP_SQBKT_SEP_unbounded "closing bracket" subformula
  185           | • "F[.] operator" sqbkt_num OP_SQBKT_SEP_unbounded "closing !]" subformula
  186           | • "F[.] operator" sqbkt_num "separator for square bracket operator" sqbkt_num "closing bracket" error
  187           | • "F[.] operator" sqbkt_num "separator for square bracket operator" sqbkt_num "closing !]" error
  188           | • "F[.] operator" error_opt "end of formula"
  189           | • "F[.] operator" error "closing bracket" subformula
  190           | • "F[.] operator" error "closing !]" subformula
  191           | • "always operator" subformula
  192           | • "always operator" error
  193           | • "G[.] operator" sqbkt_num "separator for square bracket operator" sqbkt_num "closing bracket" subformula
  194           | • "G[.] operator" sqbkt_num "separator for square bracket operator" sqbkt_num "closing !]" subformula
  195           | • "G[.] operator" sqbkt_num OP_SQBKT_SEP_unbounded "closing bracket" subformula
  196           | • "G[.] operator" sqbkt_num OP_SQBKT_SEP_unbounded "closing !]" subformula
  197           | • "G[.] operator" sqbkt_num "closing bracket" subformula
  198           | • "G[.] operator" sqbkt_num "closing !]" subformula
  199           | • "G[.] operator" sqbkt_num "separator for square bracket operator" sqbkt_num "closing bracket" error
  200           | • "G[.] operator" sqbkt_num "separator for square bracket operator" sqbkt_num "closing !]" error
  201           | • "G[.] operator" error_opt "end of formula"
  202           | • "G[.] operator" error "closing bracket" subformula
  203           | • "G[.] operator" error "closing !]" subformula
  204           | • "next operator" subformula
  205           | • "next operator" error
  206           | • "strong next operator" subformula
  207           | • "strong next operator" error
  208           | • "X[.] operator" sqbkt_num "closing bracket" subformula
  209           | • "X[.] operator" sqbkt_num "closing bracket" error
  210           | • "X[.] operator" error "closing bracket" subformula
  211           | • "X[.] operator" "closing !]" subformula
  212           | • "X[.] operator" sqbkt_num "closing !]" subformula
  213           | • "X[.] operator" error "closing !]" subformula
  214           | • "X[.] operator" error_opt "end of formula"
  215           | • "not operator" subformula
  216           | • "not operator" error
  217           | • bracedsere
  218           | • bracedsere "universal concat operator" subformula
  219           | • bracedsere parenthesedsubformula
  220           | • bracedsere "universal concat operator" error
  221           | • bracedsere "existential concat operator" subformula
  222           | • bracedsere "existential concat operator" error
  223           | • bracedsere "universal non-overlapping concat operator" subformula
  224           | • bracedsere "universal non-overlapping concat operator" error
  225           | • bracedsere "existential non-overlapping concat operator" subformula
  226           | • bracedsere "existential non-overlapping concat operator" error
  227           | • "opening brace" sere "closing brace-bang"
  228           | • "{...}! block"

    error                   shift, and go to state 265
    "opening parenthesis"   shift, and go to state 7
    "(...) block"           shift, and go to state 8
    "{...} block"           shift, and go to state 9
    "{...}! block"          shift, and go to state 10
    "opening brace"         shift, and go to state 11
    "sometimes operator"    shift, and go to state 12
    "always operator"       shift, and go to state 13
    "next operator"         shift, and go to state 14
    "strong next operator"  shift, and go to state 15
    "not operator"          shift, and go to state 18
    "X[.] operator"         shift, and go to state 19
    "F[.] operator"         shift, and go to state 20
    "G[.] operator"         shift, and go to state 21
    "atomic proposition"    shift, and go to state 22
    "constant true"         shift, and go to state 23
    "constant false"        shift, and go to state 24

    atomprop               go to state 28
    booleanatom            go to state 29
    bracedsere             go to state 30
    parenthesedsubformula  go to state 31
    subformula             go to state 266


State 132

   61 atomprop: • "atomic proposition"
   62 booleanatom: • atomprop
   63            | • atomprop "positive suffix"
   64            | • atomprop "negative suffix"
   65            | • "constant true"
   66            | • "constant false"
  105 bracedsere: • "opening brace" sere "closing brace"
  106           | • "opening brace" sere error "closing brace"
  107           | • "opening brace" error "closing brace"
  108           | • "opening brace" sere "end of formula"
  109           | • "opening brace" sere error "end of formula"
  110           | • "opening brace" error "end of formula"
  111           | • "{...} block"
  112 parenthesedsubformula: • "(...) block"
  113                      | • "opening parenthesis" subformula "closing parenthesis"
  114                      | • "opening parenthesis" subformula error "closing parenthesis"
  115                      | • "opening parenthesis" error "closing parenthesis"
  116                      | • "opening parenthesis" subformula "end of formula"
  117                      | • "opening parenthesis" subformula error "end of formula"
  118                      | • "opening parenthesis" error "end of formula"
  154 subformula: • booleanatom
  155           | • parenthesedsubformula
  156           | • subformula "and operator" subformula
  157           | • subformula "and operator" error
  158           | • subformula "short and operator" subformula
  159           | • subformula "short and operator" error
  160           | • subformula "star operator" subformula
  161           | • subformula "star operator" error
  162           | • subformula "or operator" subformula
  163           | • subformula "or operator" error
  164           | • subformula "xor operator" subformula
  165           | • subformula "xor operator" error
  166           | • subformula "implication operator" subformula
  167           | • subformula "implication operator" error
  168           | • subformula "equivalent operator" subformula
  169           | • subformula "equivalent operator" error
  170           | • subformula "until operator" subformula
  171           | • subformula "until operator" error
  172           | • subformula "release operator" subformula
  173           | • subformula "release operator" error
  174           | • subformula "weak until operator" subformula
  174           | subformula "weak until operator" • subformula
  175           | • subformula "weak until operator" error
  175           | subformula "weak until operator" • error
  176           | • subformula "strong release operator" subformula
  177           | • subformula "strong release operator" error
  178           | • "sometimes operator" subformula
  179           | • "sometimes operator" error
  180           | • "F[.] operator" sqbkt_num "closing bracket" subformula
  181           | • "F[.] operator" sqbkt_num "closing !]" subformula
  182           | • "F[.] operator" sqbkt_num "separator for square bracket operator" sqbkt_num "closing bracket" subformula
  183           | • "F[.] operator" sqbkt_num "separator for square bracket operator" sqbkt_num "closing !]" subformula
  184           | • "F[.] operator" sqbkt_num OP_SQBKT_SEP_unbounded "closing bracket" subformula
  185           | • "F[.] operator" sqbkt_num OP_SQBKT_SEP_unbounded "closing !]" subformula
  186           | • "F[.] operator" sqbkt_num "separator for square bracket operator" sqbkt_num "closing bracket" error
  187           | • "F[.] operator" sqbkt_num "separator for square bracket operator" sqbkt_num "closing !]" error
  188           | • "F[.] operator" error_opt "end of formula"
  189           | • "F[.] operator" error "closing bracket" subformula
  190           | • "F[.] operator" error "closing !]" subformula
  191           | • "always operator" subformula
  192           | • "always operator" error
  193           | • "G[.] operator" sqbkt_num "separator for square bracket operator" sqbkt_num "closing bracket" subformula
  194           | • "G[.] operator" sqbkt_num "separator for square bracket operator" sqbkt_num "closing !]" subformula
  195           | • "G[.] operator" sqbkt_num OP_SQBKT_SEP_unbounded "closing bracket" subformula
  196           | • "G[.] operator" sqbkt_num OP_SQBKT_SEP_unbounded "closing !]" subformula
  197           | • "G[.] operator" sqbkt_num "closing bracket" subformula
  198           | • "G[.] operator" sqbkt_num "closing !]" subformula
  199           | • "G[.] operator" sqbkt_num "separator for square bracket operator" sqbkt_num "closing bracket" error
  200           | • "G[.] operator" sqbkt_num "separator for square bracket operator" sqbkt_num "closing !]" error
  201           | • "G[.] operator" error_opt "end of formula"
  202           | • "G[.] operator" error "closing bracket" subformula
  203           | • "G[.] operator" error "closing !]" subformula
  204           | • "next operator" subformula
  205           | • "next operator" error
  206           | • "strong next operator" subformula
  207           | • "strong next operator" error
  208           | • "X[.] operator" sqbkt_num "closing bracket" subformula
  209           | • "X[.] operator" sqbkt_num "closing bracket" error
  210           | • "X[.] operator" error "closing bracket" subformula
  211           | • "X[.] operator" "closing !]" subformula
  212           | • "X[.] operator" sqbkt_num "closing !]" subformula
  213           | • "X[.] operator" error "closing !]" subformula
  214           | • "X[.] operator" error_opt "end of formula"
  215           | • "not operator" subformula
  216           | • "not operator" error
  217           | • bracedsere
  218           | • bracedsere "universal concat operator" subformula
  219           | • bracedsere parenthesedsubformula
  220           | • bracedsere "universal concat operator" error
  221           | • bracedsere "existential concat operator" subformula
  222           | • bracedsere "existential concat operator" error
  223           | • bracedsere "universal non-overlapping concat operator" subformula
  224           | • bracedsere "universal non-overlapping concat operator" error
  225           | • bracedsere "existential non-overlapping concat operator" subformula
  226           | • bracedsere "existential non-overlapping concat operator" error
  227           | • "opening brace" sere "closing brace-bang"
  228           | • "{...}! block"

    error                   shift, and go to state 267
    "opening parenthesis"   shift, and go to state 7
    "(...) block"           shift, and go to state 8
    "{...} block"           shift, and go to state 9
    "{...}! block"          shift, and go to state 10
    "opening brace"         shift, and go to state 11
    "sometimes operator"    shift, and go to state 12
    "always operator"       shift, and go to state 13
    "next operator"         shift, and go to state 14
    "strong next operator"  shift, and go to state 15
    "not operator"          shift, and go to state 18
    "X[.] operator"         shift, and go to state 19
    "F[.] operator"         shift, and go to state 20
    "G[.] operator"         shift, and go to state 21
    "atomic proposition"    shift, and go to state 22
    "constant true"         shift, and go to state 23
    "constant false"        shift, and go to state 24

    atomprop               go to state 28
    booleanatom            go to state 29
    bracedsere             go to state 30
    parenthesedsubformula  go to state 31
    subformula             go to state 268


State 133

   61 atomprop: • "atomic proposition"
   62 booleanatom: • atomprop
   63            | • atomprop "positive suffix"
   64            | • atomprop "negative suffix"
   65            | • "constant true"
   66            | • "constant false"
  105 bracedsere: • "opening brace" sere "closing brace"
  106           | • "opening brace" sere error "closing brace"
  107           | • "opening brace" error "closing brace"
  108           | • "opening brace" sere "end of formula"
  109           | • "opening brace" sere error "end of formula"
  110           | • "opening brace" error "end of formula"
  111           | • "{...} block"
  112 parenthesedsubformula: • "(...) block"
  113                      | • "opening parenthesis" subformula "closing parenthesis"
  114                      | • "opening parenthesis" subformula error "closing parenthesis"
  115                      | • "opening parenthesis" error "closing parenthesis"
  116                      | • "opening parenthesis" subformula "end of formula"
  117                      | • "opening parenthesis" subformula error "end of formula"
  118                      | • "opening parenthesis" error "end of formula"
  154 subformula: • booleanatom
  155           | • parenthesedsubformula
  156           | • subformula "and operator" subformula
  157           | • subformula "and operator" error
  158           | • subformula "short and operator" subformula
  159           | • subformula "short and operator" error
  160           | • subformula "star operator" subformula
  161           | • subformula "star operator" error
  162           | • subformula "or operator" subformula
  163           | • subformula "or operator" error
  164           | • subformula "xor operator" subformula
  165           | • subformula "xor operator" error
  166           | • subformula "implication operator" subformula
  167           | • subformula "implication operator" error
  168           | • subformula "equivalent operator" subformula
  169           | • subformula "equivalent operator" error
  170           | • subformula "until operator" subformula
  171           | • subformula "until operator" error
  172           | • subformula "release operator" subformula
  173           | • subformula "release operator" error
  174           | • subformula "weak until operator" subformula
  175           | • subformula "weak until operator" error
  176           | • subformula "strong release operator" subformula
  176           | subformula "strong release operator" • subformula
  177           | • subformula "strong release operator" error
  177           | subformula "strong release operator" • error
  178           | • "sometimes operator" subformula
  179           | • "sometimes operator" error
  180           | • "F[.] operator" sqbkt_num "closing bracket" subformula
  181           | • "F[.] operator" sqbkt_num "closing !]" subformula
  182           | • "F[.] operator" sqbkt_num "separator for square bracket operator" sqbkt_num "closing bracket" subformula
  183           | • "F[.] operator" sqbkt_num "separator for square bracket operator" sqbkt_num "closing !]" subformula
  184           | • "F[.] operator" sqbkt_num OP_SQBKT_SEP_unbounded "closing bracket" subformula
  185           | • "F[.] operator" sqbkt_num OP_SQBKT_SEP_unbounded "closing !]" subformula
  186           | • "F[.] operator" sqbkt_num "separator for square bracket operator" sqbkt_num "closing bracket" error
  187           | • "F[.] operator" sqbkt_num "separator for square bracket operator" sqbkt_num "closing !]" error
  188           | • "F[.] operator" error_opt "end of formula"
  189           | • "F[.] operator" error "closing bracket" subformula
  190           | • "F[.] operator" error "closing !]" subformula
  191           | • "always operator" subformula
  192           | • "always operator" error
  193           | • "G[.] operator" sqbkt_num "separator for square bracket operator" sqbkt_num "closing bracket" subformula
  194           | • "G[.] operator" sqbkt_num "separator for square bracket operator" sqbkt_num "closing !]" subformula
  195           | • "G[.] operator" sqbkt_num OP_SQBKT_SEP_unbounded "closing bracket" subformula
  196           | • "G[.] operator" sqbkt_num OP_SQBKT_SEP_unbounded "closing !]" subformula
  197           | • "G[.] operator" sqbkt_num "closing bracket" subformula
  198           | • "G[.] operator" sqbkt_num "closing !]" subformula
  199           | • "G[.] operator" sqbkt_num "separator for square bracket operator" sqbkt_num "closing bracket" error
  200           | • "G[.] operator" sqbkt_num "separator for square bracket operator" sqbkt_num "closing !]" error
  201           | • "G[.] operator" error_opt "end of formula"
  202           | • "G[.] operator" error "closing bracket" subformula
  203           | • "G[.] operator" error "closing !]" subformula
  204           | • "next operator" subformula
  205           | • "next operator" error
  206           | • "strong next operator" subformula
  207           | • "strong next operator" error
  208           | • "X[.] operator" sqbkt_num "closing bracket" subformula
  209           | • "X[.] operator" sqbkt_num "closing bracket" error
  210           | • "X[.] operator" error "closing bracket" subformula
  211           | • "X[.] operator" "closing !]" subformula
  212           | • "X[.] operator" sqbkt_num "closing !]" subformula
  213           | • "X[.] operator" error "closing !]" subformula
  214           | • "X[.] operator" error_opt "end of formula"
  215           | • "not operator" subformula
  216           | • "not operator" error
  217           | • bracedsere
  218           | • bracedsere "universal concat operator" subformula
  219           | • bracedsere parenthesedsubformula
  220           | • bracedsere "universal concat operator" error
  221           | • bracedsere "existential concat operator" subformula
  222           | • bracedsere "existential concat operator" error
  223           | • bracedsere "universal non-overlapping concat operator" subformula
  224           | • bracedsere "universal non-overlapping concat operator" error
  225           | • bracedsere "existential non-overlapping concat operator" subformula
  226           | • bracedsere "existential non-overlapping concat operator" error
  227           | • "opening brace" sere "closing brace-bang"
  228           | • "{...}! block"

    error                   shift, and go to state 269
    "opening parenthesis"   shift, and go to state 7
    "(...) block"           shift, and go to state 8
    "{...} block"           shift, and go to state 9
    "{...}! block"          shift, and go to state 10
    "opening brace"         shift, and go to state 11
    "sometimes operator"    shift, and go to state 12
    "always operator"       shift, and go to state 13
    "next operator"         shift, and go to state 14
    "strong next operator"  shift, and go to state 15
    "not operator"          shift, and go to state 18
    "X[.] operator"         shift, and go to state 19
    "F[.] operator"         shift, and go to state 20
    "G[.] operator"         shift, and go to state 21
    "atomic proposition"    shift, and go to state 22
    "constant true"         shift, and go to state 23
    "constant false"        shift, and go to state 24

    atomprop               go to state 28
    booleanatom            go to state 29
    bracedsere             go to state 30
    parenthesedsubformula  go to state 31
    subformula             go to state 270


State 134

   61 atomprop: • "atomic proposition"
   62 booleanatom: • atomprop
   63            | • atomprop "positive suffix"
   64            | • atomprop "negative suffix"
   65            | • "constant true"
   66            | • "constant false"
  105 bracedsere: • "opening brace" sere "closing brace"
  106           | • "opening brace" sere error "closing brace"
  107           | • "opening brace" error "closing brace"
  108           | • "opening brace" sere "end of formula"
  109           | • "opening brace" sere error "end of formula"
  110           | • "opening brace" error "end of formula"
  111           | • "{...} block"
  112 parenthesedsubformula: • "(...) block"
  113                      | • "opening parenthesis" subformula "closing parenthesis"
  114                      | • "opening parenthesis" subformula error "closing parenthesis"
  115                      | • "opening parenthesis" error "closing parenthesis"
  116                      | • "opening parenthesis" subformula "end of formula"
  117                      | • "opening parenthesis" subformula error "end of formula"
  118                      | • "opening parenthesis" error "end of formula"
  154 subformula: • booleanatom
  155           | • parenthesedsubformula
  156           | • subformula "and operator" subformula
  157           | • subformula "and operator" error
  158           | • subformula "short and operator" subformula
  159           | • subformula "short and operator" error
  160           | • subformula "star operator" subformula
  160           | subformula "star operator" • subformula
  161           | • subformula "star operator" error
  161           | subformula "star operator" • error
  162           | • subformula "or operator" subformula
  163           | • subformula "or operator" error
  164           | • subformula "xor operator" subformula
  165           | • subformula "xor operator" error
  166           | • subformula "implication operator" subformula
  167           | • subformula "implication operator" error
  168           | • subformula "equivalent operator" subformula
  169           | • subformula "equivalent operator" error
  170           | • subformula "until operator" subformula
  171           | • subformula "until operator" error
  172           | • subformula "release operator" subformula
  173           | • subformula "release operator" error
  174           | • subformula "weak until operator" subformula
  175           | • subformula "weak until operator" error
  176           | • subformula "strong release operator" subformula
  177           | • subformula "strong release operator" error
  178           | • "sometimes operator" subformula
  179           | • "sometimes operator" error
  180           | • "F[.] operator" sqbkt_num "closing bracket" subformula
  181           | • "F[.] operator" sqbkt_num "closing !]" subformula
  182           | • "F[.] operator" sqbkt_num "separator for square bracket operator" sqbkt_num "closing bracket" subformula
  183           | • "F[.] operator" sqbkt_num "separator for square bracket operator" sqbkt_num "closing !]" subformula
  184           | • "F[.] operator" sqbkt_num OP_SQBKT_SEP_unbounded "closing bracket" subformula
  185           | • "F[.] operator" sqbkt_num OP_SQBKT_SEP_unbounded "closing !]" subformula
  186           | • "F[.] operator" sqbkt_num "separator for square bracket operator" sqbkt_num "closing bracket" error
  187           | • "F[.] operator" sqbkt_num "separator for square bracket operator" sqbkt_num "closing !]" error
  188           | • "F[.] operator" error_opt "end of formula"
  189           | • "F[.] operator" error "closing bracket" subformula
  190           | • "F[.] operator" error "closing !]" subformula
  191           | • "always operator" subformula
  192           | • "always operator" error
  193           | • "G[.] operator" sqbkt_num "separator for square bracket operator" sqbkt_num "closing bracket" subformula
  194           | • "G[.] operator" sqbkt_num "separator for square bracket operator" sqbkt_num "closing !]" subformula
  195           | • "G[.] operator" sqbkt_num OP_SQBKT_SEP_unbounded "closing bracket" subformula
  196           | • "G[.] operator" sqbkt_num OP_SQBKT_SEP_unbounded "closing !]" subformula
  197           | • "G[.] operator" sqbkt_num "closing bracket" subformula
  198           | • "G[.] operator" sqbkt_num "closing !]" subformula
  199           | • "G[.] operator" sqbkt_num "separator for square bracket operator" sqbkt_num "closing bracket" error
  200           | • "G[.] operator" sqbkt_num "separator for square bracket operator" sqbkt_num "closing !]" error
  201           | • "G[.] operator" error_opt "end of formula"
  202           | • "G[.] operator" error "closing bracket" subformula
  203           | • "G[.] operator" error "closing !]" subformula
  204           | • "next operator" subformula
  205           | • "next operator" error
  206           | • "strong next operator" subformula
  207           | • "strong next operator" error
  208           | • "X[.] operator" sqbkt_num "closing bracket" subformula
  209           | • "X[.] operator" sqbkt_num "closing bracket" error
  210           | • "X[.] operator" error "closing bracket" subformula
  211           | • "X[.] operator" "closing !]" subformula
  212           | • "X[.] operator" sqbkt_num "closing !]" subformula
  213           | • "X[.] operator" error "closing !]" subformula
  214           | • "X[.] operator" error_opt "end of formula"
  215           | • "not operator" subformula
  216           | • "not operator" error
  217           | • bracedsere
  218           | • bracedsere "universal concat operator" subformula
  219           | • bracedsere parenthesedsubformula
  220           | • bracedsere "universal concat operator" error
  221           | • bracedsere "existential concat operator" subformula
  222           | • bracedsere "existential concat operator" error
  223           | • bracedsere "universal non-overlapping concat operator" subformula
  224           | • bracedsere "universal non-overlapping concat operator" error
  225           | • bracedsere "existential non-overlapping concat operator" subformula
  226           | • bracedsere "existential non-overlapping concat operator" error
  227           | • "opening brace" sere "closing brace-bang"
  228           | • "{...}! block"

    error                   shift, and go to state 271
    "opening parenthesis"   shift, and go to state 7
    "(...) block"           shift, and go to state 8
    "{...} block"           shift, and go to state 9
    "{...}! block"          shift, and go to state 10
    "opening brace"         shift, and go to state 11
    "sometimes operator"    shift, and go to state 12
    "always operator"       shift, and go to state 13
    "next operator"         shift, and go to state 14
    "strong next operator"  shift, and go to state 15
    "not operator"          shift, and go to state 18
    "X[.] operator"         shift, and go to state 19
    "F[.] operator"         shift, and go to state 20
    "G[.] operator"         shift, and go to state 21
    "atomic proposition"    shift, and go to state 22
    "constant true"         shift, and go to state 23
    "constant false"        shift, and go to state 24

    atomprop               go to state 28
    booleanatom            go to state 29
    bracedsere             go to state 30
    parenthesedsubformula  go to state 31
    subformula             go to state 272


State 135

    1 result: "LTL start marker" subformula "end of formula" •

    $default  reduce using rule 1 (result)


State 136

    3 result: "LTL start marker" subformula enderror •

    $default  reduce using rule 3 (result)


State 137

  230 lbtformula: '!' lbtformula •

    $default  reduce using rule 230 (lbtformula)


State 138

   61 atomprop: • "atomic proposition"
  229 lbtformula: • atomprop
  230           | • '!' lbtformula
  231           | • '&' lbtformula lbtformula
  231           | '&' lbtformula • lbtformula
  232           | • '|' lbtformula lbtformula
  233           | • '^' lbtformula lbtformula
  234           | • 'i' lbtformula lbtformula
  235           | • 'e' lbtformula lbtformula
  236           | • 'X' lbtformula
  237           | • 'F' lbtformula
  238           | • 'G' lbtformula
  239           | • 'U' lbtformula lbtformula
  240           | • 'V' lbtformula lbtformula
  241           | • 'R' lbtformula lbtformula
  242           | • 'W' lbtformula lbtformula
  243           | • 'M' lbtformula lbtformula
  244           | • 't'
  245           | • 'f'

    "atomic proposition"  shift, and go to state 22
    '!'                   shift, and go to state 35
    '&'                   shift, and go to state 36
    '|'                   shift, and go to state 37
    '^'                   shift, and go to state 38
    'i'                   shift, and go to state 39
    'e'                   shift, and go to state 40
    'X'                   shift, and go to state 41
    'F'                   shift, and go to state 42
    'G'                   shift, and go to state 43
    'U'                   shift, and go to state 44
    'V'                   shift, and go to state 45
    'R'                   shift, and go to state 46
    'W'                   shift, and go to state 47
    'M'                   shift, and go to state 48
    't'                   shift, and go to state 49
    'f'                   shift, and go to state 50

    atomprop    go to state 53
    lbtformula  go to state 273


State 139

   61 atomprop: • "atomic proposition"
  229 lbtformula: • atomprop
  230           | • '!' lbtformula
  231           | • '&' lbtformula lbtformula
  232           | • '|' lbtformula lbtformula
  232           | '|' lbtformula • lbtformula
  233           | • '^' lbtformula lbtformula
  234           | • 'i' lbtformula lbtformula
  235           | • 'e' lbtformula lbtformula
  236           | • 'X' lbtformula
  237           | • 'F' lbtformula
  238           | • 'G' lbtformula
  239           | • 'U' lbtformula lbtformula
  240           | • 'V' lbtformula lbtformula
  241           | • 'R' lbtformula lbtformula
  242           | • 'W' lbtformula lbtformula
  243           | • 'M' lbtformula lbtformula
  244           | • 't'
  245           | • 'f'

    "atomic proposition"  shift, and go to state 22
    '!'                   shift, and go to state 35
    '&'                   shift, and go to state 36
    '|'                   shift, and go to state 37
    '^'                   shift, and go to state 38
    'i'                   shift, and go to state 39
    'e'                   shift, and go to state 40
    'X'                   shift, and go to state 41
    'F'                   shift, and go to state 42
    'G'                   shift, and go to state 43
    'U'                   shift, and go to state 44
    'V'                   shift, and go to state 45
    'R'                   shift, and go to state 46
    'W'                   shift, and go to state 47
    'M'                   shift, and go to state 48
    't'                   shift, and go to state 49
    'f'                   shift, and go to state 50

    atomprop    go to state 53
    lbtformula  go to state 274


State 140

   61 atomprop: • "atomic proposition"
  229 lbtformula: • atomprop
  230           | • '!' lbtformula
  231           | • '&' lbtformula lbtformula
  232           | • '|' lbtformula lbtformula
  233           | • '^' lbtformula lbtformula
  233           | '^' lbtformula • lbtformula
  234           | • 'i' lbtformula lbtformula
  235           | • 'e' lbtformula lbtformula
  236           | • 'X' lbtformula
  237           | • 'F' lbtformula
  238           | • 'G' lbtformula
  239           | • 'U' lbtformula lbtformula
  240           | • 'V' lbtformula lbtformula
  241           | • 'R' lbtformula lbtformula
  242           | • 'W' lbtformula lbtformula
  243           | • 'M' lbtformula lbtformula
  244           | • 't'
  245           | • 'f'

    "atomic proposition"  shift, and go to state 22
    '!'                   shift, and go to state 35
    '&'                   shift, and go to state 36
    '|'                   shift, and go to state 37
    '^'                   shift, and go to state 38
    'i'                   shift, and go to state 39
    'e'                   shift, and go to state 40
    'X'                   shift, and go to state 41
    'F'                   shift, and go to state 42
    'G'                   shift, and go to state 43
    'U'                   shift, and go to state 44
    'V'                   shift, and go to state 45
    'R'                   shift, and go to state 46
    'W'                   shift, and go to state 47
    'M'                   shift, and go to state 48
    't'                   shift, and go to state 49
    'f'                   shift, and go to state 50

    atomprop    go to state 53
    lbtformula  go to state 275


State 141

   61 atomprop: • "atomic proposition"
  229 lbtformula: • atomprop
  230           | • '!' lbtformula
  231           | • '&' lbtformula lbtformula
  232           | • '|' lbtformula lbtformula
  233           | • '^' lbtformula lbtformula
  234           | • 'i' lbtformula lbtformula
  234           | 'i' lbtformula • lbtformula
  235           | • 'e' lbtformula lbtformula
  236           | • 'X' lbtformula
  237           | • 'F' lbtformula
  238           | • 'G' lbtformula
  239           | • 'U' lbtformula lbtformula
  240           | • 'V' lbtformula lbtformula
  241           | • 'R' lbtformula lbtformula
  242           | • 'W' lbtformula lbtformula
  243           | • 'M' lbtformula lbtformula
  244           | • 't'
  245           | • 'f'

    "atomic proposition"  shift, and go to state 22
    '!'                   shift, and go to state 35
    '&'                   shift, and go to state 36
    '|'                   shift, and go to state 37
    '^'                   shift, and go to state 38
    'i'                   shift, and go to state 39
    'e'                   shift, and go to state 40
    'X'                   shift, and go to state 41
    'F'                   shift, and go to state 42
    'G'                   shift, and go to state 43
    'U'                   shift, and go to state 44
    'V'                   shift, and go to state 45
    'R'                   shift, and go to state 46
    'W'                   shift, and go to state 47
    'M'                   shift, and go to state 48
    't'                   shift, and go to state 49
    'f'                   shift, and go to state 50

    atomprop    go to state 53
    lbtformula  go to state 276


State 142

   61 atomprop: • "atomic proposition"
  229 lbtformula: • atomprop
  230           | • '!' lbtformula
  231           | • '&' lbtformula lbtformula
  232           | • '|' lbtformula lbtformula
  233           | • '^' lbtformula lbtformula
  234           | • 'i' lbtformula lbtformula
  235           | • 'e' lbtformula lbtformula
  235           | 'e' lbtformula • lbtformula
  236           | • 'X' lbtformula
  237           | • 'F' lbtformula
  238           | • 'G' lbtformula
  239           | • 'U' lbtformula lbtformula
  240           | • 'V' lbtformula lbtformula
  241           | • 'R' lbtformula lbtformula
  242           | • 'W' lbtformula lbtformula
  243           | • 'M' lbtformula lbtformula
  244           | • 't'
  245           | • 'f'

    "atomic proposition"  shift, and go to state 22
    '!'                   shift, and go to state 35
    '&'                   shift, and go to state 36
    '|'                   shift, and go to state 37
    '^'                   shift, and go to state 38
    'i'                   shift, and go to state 39
    'e'                   shift, and go to state 40
    'X'                   shift, and go to state 41
    'F'                   shift, and go to state 42
    'G'                   shift, and go to state 43
    'U'                   shift, and go to state 44
    'V'                   shift, and go to state 45
    'R'                   shift, and go to state 46
    'W'                   shift, and go to state 47
    'M'                   shift, and go to state 48
    't'                   shift, and go to state 49
    'f'                   shift, and go to state 50

    atomprop    go to state 53
    lbtformula  go to state 277


State 143

  236 lbtformula: 'X' lbtformula •

    $default  reduce using rule 236 (lbtformula)


State 144

  237 lbtformula: 'F' lbtformula •

    $default  reduce using rule 237 (lbtformula)


State 145

  238 lbtformula: 'G' lbtformula •

    $default  reduce using rule 238 (lbtformula)


State 146

   61 atomprop: • "atomic proposition"
  229 lbtformula: • atomprop
  230           | • '!' lbtformula
  231           | • '&' lbtformula lbtformula
  232           | • '|' lbtformula lbtformula
  233           | • '^' lbtformula lbtformula
  234           | • 'i' lbtformula lbtformula
  235           | • 'e' lbtformula lbtformula
  236           | • 'X' lbtformula
  237           | • 'F' lbtformula
  238           | • 'G' lbtformula
  239           | • 'U' lbtformula lbtformula
  239           | 'U' lbtformula • lbtformula
  240           | • 'V' lbtformula lbtformula
  241           | • 'R' lbtformula lbtformula
  242           | • 'W' lbtformula lbtformula
  243           | • 'M' lbtformula lbtformula
  244           | • 't'
  245           | • 'f'

    "atomic proposition"  shift, and go to state 22
    '!'                   shift, and go to state 35
    '&'                   shift, and go to state 36
    '|'                   shift, and go to state 37
    '^'                   shift, and go to state 38
    'i'                   shift, and go to state 39
    'e'                   shift, and go to state 40
    'X'                   shift, and go to state 41
    'F'                   shift, and go to state 42
    'G'                   shift, and go to state 43
    'U'                   shift, and go to state 44
    'V'                   shift, and go to state 45
    'R'                   shift, and go to state 46
    'W'                   shift, and go to state 47
    'M'                   shift, and go to state 48
    't'                   shift, and go to state 49
    'f'                   shift, and go to state 50

    atomprop    go to state 53
    lbtformula  go to state 278


State 147

   61 atomprop: • "atomic proposition"
  229 lbtformula: • atomprop
  230           | • '!' lbtformula
  231           | • '&' lbtformula lbtformula
  232           | • '|' lbtformula lbtformula
  233           | • '^' lbtformula lbtformula
  234           | • 'i' lbtformula lbtformula
  235           | • 'e' lbtformula lbtformula
  236           | • 'X' lbtformula
  237           | • 'F' lbtformula
  238           | • 'G' lbtformula
  239           | • 'U' lbtformula lbtformula
  240           | • 'V' lbtformula lbtformula
  240           | 'V' lbtformula • lbtformula
  241           | • 'R' lbtformula lbtformula
  242           | • 'W' lbtformula lbtformula
  243           | • 'M' lbtformula lbtformula
  244           | • 't'
  245           | • 'f'

    "atomic proposition"  shift, and go to state 22
    '!'                   shift, and go to state 35
    '&'                   shift, and go to state 36
    '|'                   shift, and go to state 37
    '^'                   shift, and go to state 38
    'i'                   shift, and go to state 39
    'e'                   shift, and go to state 40
    'X'                   shift, and go to state 41
    'F'                   shift, and go to state 42
    'G'                   shift, and go to state 43
    'U'                   shift, and go to state 44
    'V'                   shift, and go to state 45
    'R'                   shift, and go to state 46
    'W'                   shift, and go to state 47
    'M'                   shift, and go to state 48
    't'                   shift, and go to state 49
    'f'                   shift, and go to state 50

    atomprop    go to state 53
    lbtformula  go to state 279


State 148

   61 atomprop: • "atomic proposition"
  229 lbtformula: • atomprop
  230           | • '!' lbtformula
  231           | • '&' lbtformula lbtformula
  232           | • '|' lbtformula lbtformula
  233           | • '^' lbtformula lbtformula
  234           | • 'i' lbtformula lbtformula
  235           | • 'e' lbtformula lbtformula
  236           | • 'X' lbtformula
  237           | • 'F' lbtformula
  238           | • 'G' lbtformula
  239           | • 'U' lbtformula lbtformula
  240           | • 'V' lbtformula lbtformula
  241           | • 'R' lbtformula lbtformula
  241           | 'R' lbtformula • lbtformula
  242           | • 'W' lbtformula lbtformula
  243           | • 'M' lbtformula lbtformula
  244           | • 't'
  245           | • 'f'

    "atomic proposition"  shift, and go to state 22
    '!'                   shift, and go to state 35
    '&'                   shift, and go to state 36
    '|'                   shift, and go to state 37
    '^'                   shift, and go to state 38
    'i'                   shift, and go to state 39
    'e'                   shift, and go to state 40
    'X'                   shift, and go to state 41
    'F'                   shift, and go to state 42
    'G'                   shift, and go to state 43
    'U'                   shift, and go to state 44
    'V'                   shift, and go to state 45
    'R'                   shift, and go to state 46
    'W'                   shift, and go to state 47
    'M'                   shift, and go to state 48
    't'                   shift, and go to state 49
    'f'                   shift, and go to state 50

    atomprop    go to state 53
    lbtformula  go to state 280


State 149

   61 atomprop: • "atomic proposition"
  229 lbtformula: • atomprop
  230           | • '!' lbtformula
  231           | • '&' lbtformula lbtformula
  232           | • '|' lbtformula lbtformula
  233           | • '^' lbtformula lbtformula
  234           | • 'i' lbtformula lbtformula
  235           | • 'e' lbtformula lbtformula
  236           | • 'X' lbtformula
  237           | • 'F' lbtformula
  238           | • 'G' lbtformula
  239           | • 'U' lbtformula lbtformula
  240           | • 'V' lbtformula lbtformula
  241           | • 'R' lbtformula lbtformula
  242           | • 'W' lbtformula lbtformula
  242           | 'W' lbtformula • lbtformula
  243           | • 'M' lbtformula lbtformula
  244           | • 't'
  245           | • 'f'

    "atomic proposition"  shift, and go to state 22
    '!'                   shift, and go to state 35
    '&'                   shift, and go to state 36
    '|'                   shift, and go to state 37
    '^'                   shift, and go to state 38
    'i'                   shift, and go to state 39
    'e'                   shift, and go to state 40
    'X'                   shift, and go to state 41
    'F'                   shift, and go to state 42
    'G'                   shift, and go to state 43
    'U'                   shift, and go to state 44
    'V'                   shift, and go to state 45
    'R'                   shift, and go to state 46
    'W'                   shift, and go to state 47
    'M'                   shift, and go to state 48
    't'                   shift, and go to state 49
    'f'                   shift, and go to state 50

    atomprop    go to state 53
    lbtformula  go to state 281


State 150

   61 atomprop: • "atomic proposition"
  229 lbtformula: • atomprop
  230           | • '!' lbtformula
  231           | • '&' lbtformula lbtformula
  232           | • '|' lbtformula lbtformula
  233           | • '^' lbtformula lbtformula
  234           | • 'i' lbtformula lbtformula
  235           | • 'e' lbtformula lbtformula
  236           | • 'X' lbtformula
  237           | • 'F' lbtformula
  238           | • 'G' lbtformula
  239           | • 'U' lbtformula lbtformula
  240           | • 'V' lbtformula lbtformula
  241           | • 'R' lbtformula lbtformula
  242           | • 'W' lbtformula lbtformula
  243           | • 'M' lbtformula lbtformula
  243           | 'M' lbtformula • lbtformula
  244           | • 't'
  245           | • 'f'

    "atomic proposition"  shift, and go to state 22
    '!'                   shift, and go to state 35
    '&'                   shift, and go to state 36
    '|'                   shift, and go to state 37
    '^'                   shift, and go to state 38
    'i'                   shift, and go to state 39
    'e'                   shift, and go to state 40
    'X'                   shift, and go to state 41
    'F'                   shift, and go to state 42
    'G'                   shift, and go to state 43
    'U'                   shift, and go to state 44
    'V'                   shift, and go to state 45
    'R'                   shift, and go to state 46
    'W'                   shift, and go to state 47
    'M'                   shift, and go to state 48
    't'                   shift, and go to state 49
    'f'                   shift, and go to state 50

    atomprop    go to state 53
    lbtformula  go to state 282


State 151

   15 result: "LBT start marker" lbtformula "end of formula" •

    $default  reduce using rule 15 (result)


State 152

   17 result: "LBT start marker" lbtformula enderror •

    $default  reduce using rule 17 (result)


State 153

   72 sere: "opening parenthesis" error • "closing parenthesis"
   74     | "opening parenthesis" error • "end of formula"

    "closing parenthesis"  shift, and go to state 283
    "end of formula"       shift, and go to state 284


State 154

   33 gotoargs: • "opening bracket for goto operator" sqbkt_num "separator for square bracket operator" sqbkt_num "closing bracket"
   34         | • "opening bracket for goto operator" sqbkt_num OP_SQBKT_SEP_unbounded "closing bracket"
   35         | • "opening bracket for goto operator" "separator for square bracket operator" sqbkt_num "closing bracket"
   36         | • "opening bracket for goto operator" OP_SQBKT_SEP_unbounded "closing bracket"
   37         | • "opening bracket for goto operator" "closing bracket"
   38         | • "opening bracket for goto operator" sqbkt_num "closing bracket"
   39         | • "opening bracket for goto operator" error "closing bracket"
   40         | • "opening bracket for goto operator" error_opt "end of formula"
   41 kleen_star: • "star operator"
   42           | • "bracket star operator"
   43 starargs: • kleen_star
   44         | • "plus operator"
   45         | • "opening bracket for star operator" sqbracketargs
   46         | • "opening bracket for star operator" error "closing bracket"
   47         | • "opening bracket for star operator" error_opt "end of formula"
   48 fstarargs: • "bracket fusion-star operator"
   49          | • "fusion-plus operator"
   50          | • "opening bracket for fusion-star operator" sqbracketargs
   51          | • "opening bracket for fusion-star operator" error "closing bracket"
   52          | • "opening bracket for fusion-star operator" error_opt "end of formula"
   53 equalargs: • "opening bracket for equal operator" sqbracketargs
   54          | • "opening bracket for equal operator" error "closing bracket"
   55          | • "opening bracket for equal operator" error_opt "end of formula"
   56 delayargs: • "opening bracket for SVA delay operator" sqbracketargs
   57          | • "opening bracket for SVA delay operator" error "closing bracket"
   58          | • "opening bracket for SVA delay operator" error_opt "end of formula"
   59          | • "##[+] operator"
   60          | • "##[*] operator"
   71 sere: "opening parenthesis" sere • "closing parenthesis"
   73     | "opening parenthesis" sere • "end of formula"
   75     | sere • "and operator" sere
   76     | sere • "and operator" error
   77     | sere • "short and operator" sere
   78     | sere • "short and operator" error
   79     | sere • "or operator" sere
   80     | sere • "or operator" error
   81     | sere • "concat operator" sere
   82     | sere • "concat operator" error
   83     | sere • ":" sere
   84     | sere • ":" error
   87     | sere • "SVA delay operator" sere
   88     | sere • "SVA delay operator" error
   91     | sere • delayargs sere
   92     | sere • delayargs error
   94     | sere • starargs
   95     | sere • fstarargs
   96     | sere • equalargs
   97     | sere • gotoargs
   98     | sere • "xor operator" sere
   99     | sere • "xor operator" error
  100     | sere • "implication operator" sere
  101     | sere • "implication operator" error
  102     | sere • "equivalent operator" sere
  103     | sere • "equivalent operator" error

    "closing parenthesis"                       shift, and go to state 285
    "or operator"                               shift, and go to state 172
    "xor operator"                              shift, and go to state 173
    "and operator"                              shift, and go to state 174
    "short and operator"                        shift, and go to state 175
    "implication operator"                      shift, and go to state 176
    "equivalent operator"                       shift, and go to state 177
    "star operator"                             shift, and go to state 59
    "bracket star operator"                     shift, and go to state 60
    "bracket fusion-star operator"              shift, and go to state 178
    "plus operator"                             shift, and go to state 61
    "fusion-plus operator"                      shift, and go to state 179
    "opening bracket for star operator"         shift, and go to state 62
    "opening bracket for fusion-star operator"  shift, and go to state 180
    "opening bracket for equal operator"        shift, and go to state 181
    "opening bracket for goto operator"         shift, and go to state 182
    "concat operator"                           shift, and go to state 183
    ":"                                         shift, and go to state 184
    "end of formula"                            shift, and go to state 286
    "SVA delay operator"                        shift, and go to state 186
    "opening bracket for SVA delay operator"    shift, and go to state 65
    "##[+] operator"                            shift, and go to state 66
    "##[*] operator"                            shift, and go to state 67

    gotoargs    go to state 188
    kleen_star  go to state 70
    starargs    go to state 189
    fstarargs   go to state 190
    equalargs   go to state 191
    delayargs   go to state 192


State 155

   33 gotoargs: • "opening bracket for goto operator" sqbkt_num "separator for square bracket operator" sqbkt_num "closing bracket"
   34         | • "opening bracket for goto operator" sqbkt_num OP_SQBKT_SEP_unbounded "closing bracket"
   35         | • "opening bracket for goto operator" "separator for square bracket operator" sqbkt_num "closing bracket"
   36         | • "opening bracket for goto operator" OP_SQBKT_SEP_unbounded "closing bracket"
   37         | • "opening bracket for goto operator" "closing bracket"
   38         | • "opening bracket for goto operator" sqbkt_num "closing bracket"
   39         | • "opening bracket for goto operator" error "closing bracket"
   40         | • "opening bracket for goto operator" error_opt "end of formula"
   41 kleen_star: • "star operator"
   42           | • "bracket star operator"
   43 starargs: • kleen_star
   44         | • "plus operator"
   45         | • "opening bracket for star operator" sqbracketargs
   46         | • "opening bracket for star operator" error "closing bracket"
   47         | • "opening bracket for star operator" error_opt "end of formula"
   48 fstarargs: • "bracket fusion-star operator"
   49          | • "fusion-plus operator"
   50          | • "opening bracket for fusion-star operator" sqbracketargs
   51          | • "opening bracket for fusion-star operator" error "closing bracket"
   52          | • "opening bracket for fusion-star operator" error_opt "end of formula"
   53 equalargs: • "opening bracket for equal operator" sqbracketargs
   54          | • "opening bracket for equal operator" error "closing bracket"
   55          | • "opening bracket for equal operator" error_opt "end of formula"
   56 delayargs: • "opening bracket for SVA delay operator" sqbracketargs
   57          | • "opening bracket for SVA delay operator" error "closing bracket"
   58          | • "opening bracket for SVA delay operator" error_opt "end of formula"
   59          | • "##[+] operator"
   60          | • "##[*] operator"
   75 sere: sere • "and operator" sere
   76     | sere • "and operator" error
   77     | sere • "short and operator" sere
   78     | sere • "short and operator" error
   79     | sere • "or operator" sere
   80     | sere • "or operator" error
   81     | sere • "concat operator" sere
   82     | sere • "concat operator" error
   83     | sere • ":" sere
   84     | sere • ":" error
   87     | sere • "SVA delay operator" sere
   88     | sere • "SVA delay operator" error
   91     | sere • delayargs sere
   92     | sere • delayargs error
   94     | sere • starargs
   95     | sere • fstarargs
   96     | sere • equalargs
   97     | sere • gotoargs
   98     | sere • "xor operator" sere
   99     | sere • "xor operator" error
  100     | sere • "implication operator" sere
  101     | sere • "implication operator" error
  102     | sere • "equivalent operator" sere
  103     | sere • "equivalent operator" error
  105 bracedsere: "opening brace" sere • "closing brace"
  106           | "opening brace" sere • error "closing brace"
  108           | "opening brace" sere • "end of formula"
  109           | "opening brace" sere • error "end of formula"

    error                                       shift, and go to state 213
    "closing brace"                             shift, and go to state 214
    "or operator"                               shift, and go to state 172
    "xor operator"                              shift, and go to state 173
    "and operator"                              shift, and go to state 174
    "short and operator"                        shift, and go to state 175
    "implication operator"                      shift, and go to state 176
    "equivalent operator"                       shift, and go to state 177
    "star operator"                             shift, and go to state 59
    "bracket star operator"                     shift, and go to state 60
    "bracket fusion-star operator"              shift, and go to state 178
    "plus operator"                             shift, and go to state 61
    "fusion-plus operator"                      shift, and go to state 179
    "opening bracket for star operator"         shift, and go to state 62
    "opening bracket for fusion-star operator"  shift, and go to state 180
    "opening bracket for equal operator"        shift, and go to state 181
    "opening bracket for goto operator"         shift, and go to state 182
    "concat operator"                           shift, and go to state 183
    ":"                                         shift, and go to state 184
    "end of formula"                            shift, and go to state 216
    "SVA delay operator"                        shift, and go to state 186
    "opening bracket for SVA delay operator"    shift, and go to state 65
    "##[+] operator"                            shift, and go to state 66
    "##[*] operator"                            shift, and go to state 67

    gotoargs    go to state 188
    kleen_star  go to state 70
    starargs    go to state 189
    fstarargs   go to state 190
    equalargs   go to state 191
    delayargs   go to state 192


State 156

   33 gotoargs: • "opening bracket for goto operator" sqbkt_num "separator for square bracket operator" sqbkt_num "closing bracket"
   34         | • "opening bracket for goto operator" sqbkt_num OP_SQBKT_SEP_unbounded "closing bracket"
   35         | • "opening bracket for goto operator" "separator for square bracket operator" sqbkt_num "closing bracket"
   36         | • "opening bracket for goto operator" OP_SQBKT_SEP_unbounded "closing bracket"
   37         | • "opening bracket for goto operator" "closing bracket"
   38         | • "opening bracket for goto operator" sqbkt_num "closing bracket"
   39         | • "opening bracket for goto operator" error "closing bracket"
   40         | • "opening bracket for goto operator" error_opt "end of formula"
   41 kleen_star: • "star operator"
   42           | • "bracket star operator"
   43 starargs: • kleen_star
   44         | • "plus operator"
   45         | • "opening bracket for star operator" sqbracketargs
   46         | • "opening bracket for star operator" error "closing bracket"
   47         | • "opening bracket for star operator" error_opt "end of formula"
   48 fstarargs: • "bracket fusion-star operator"
   49          | • "fusion-plus operator"
   50          | • "opening bracket for fusion-star operator" sqbracketargs
   51          | • "opening bracket for fusion-star operator" error "closing bracket"
   52          | • "opening bracket for fusion-star operator" error_opt "end of formula"
   53 equalargs: • "opening bracket for equal operator" sqbracketargs
   54          | • "opening bracket for equal operator" error "closing bracket"
   55          | • "opening bracket for equal operator" error_opt "end of formula"
   56 delayargs: • "opening bracket for SVA delay operator" sqbracketargs
   57          | • "opening bracket for SVA delay operator" error "closing bracket"
   58          | • "opening bracket for SVA delay operator" error_opt "end of formula"
   59          | • "##[+] operator"
   60          | • "##[*] operator"
   68 sere: "not operator" sere •  [error, "closing parenthesis", "closing brace", "closing brace-bang", "or operator", "xor operator", "and operator", "short and operator", "implication operator", "equivalent operator", "star operator", "bracket star operator", "bracket fusion-star operator", "plus operator", "fusion-plus operator", "opening bracket for star operator", "opening bracket for fusion-star operator", "opening bracket for equal operator", "opening bracket for goto operator", "concat operator", ":", "end of formula", "SVA delay operator", "opening bracket for SVA delay operator", "##[+] operator", "##[*] operator"]
   75     | sere • "and operator" sere
   76     | sere • "and operator" error
   77     | sere • "short and operator" sere
   78     | sere • "short and operator" error
   79     | sere • "or operator" sere
   80     | sere • "or operator" error
   81     | sere • "concat operator" sere
   82     | sere • "concat operator" error
   83     | sere • ":" sere
   84     | sere • ":" error
   87     | sere • "SVA delay operator" sere
   88     | sere • "SVA delay operator" error
   91     | sere • delayargs sere
   92     | sere • delayargs error
   94     | sere • starargs
   95     | sere • fstarargs
   96     | sere • equalargs
   97     | sere • gotoargs
   98     | sere • "xor operator" sere
   99     | sere • "xor operator" error
  100     | sere • "implication operator" sere
  101     | sere • "implication operator" error
  102     | sere • "equivalent operator" sere
  103     | sere • "equivalent operator" error

    $default  reduce using rule 68 (sere)

    gotoargs    go to state 188
    kleen_star  go to state 70
    starargs    go to state 189
    fstarargs   go to state 190
    equalargs   go to state 191
    delayargs   go to state 192

    Conflict between rule 68 and token "or operator" resolved as reduce ("or operator" < "not operator").
    Conflict between rule 68 and token "xor operator" resolved as reduce ("xor operator" < "not operator").
    Conflict between rule 68 and token "and operator" resolved as reduce ("and operator" < "not operator").
    Conflict between rule 68 and token "short and operator" resolved as reduce ("short and operator" < "not operator").
    Conflict between rule 68 and token "implication operator" resolved as reduce ("implication operator" < "not operator").
    Conflict between rule 68 and token "equivalent operator" resolved as reduce ("equivalent operator" < "not operator").
    Conflict between rule 68 and token "star operator" resolved as reduce ("star operator" < "not operator").
    Conflict between rule 68 and token "bracket star operator" resolved as reduce ("bracket star operator" < "not operator").
    Conflict between rule 68 and token "bracket fusion-star operator" resolved as reduce ("bracket fusion-star operator" < "not operator").
    Conflict between rule 68 and token "plus operator" resolved as reduce ("plus operator" < "not operator").
    Conflict between rule 68 and token "fusion-plus operator" resolved as reduce ("fusion-plus operator" < "not operator").
    Conflict between rule 68 and token "opening bracket for star operator" resolved as reduce ("opening bracket for star operator" < "not operator").
    Conflict between rule 68 and token "opening bracket for fusion-star operator" resolved as reduce ("opening bracket for fusion-star operator" < "not operator").
    Conflict between rule 68 and token "opening bracket for equal operator" resolved as reduce ("opening bracket for equal operator" < "not operator").
    Conflict between rule 68 and token "opening bracket for goto operator" resolved as reduce ("opening bracket for goto operator" < "not operator").
    Conflict between rule 68 and token "concat operator" resolved as reduce ("concat operator" < "not operator").
    Conflict between rule 68 and token ":" resolved as reduce (":" < "not operator").
    Conflict between rule 68 and token "SVA delay operator" resolved as reduce ("SVA delay operator" < "not operator").
    Conflict between rule 68 and token "opening bracket for SVA delay operator" resolved as reduce ("opening bracket for SVA delay operator" < "not operator").
    Conflict between rule 68 and token "##[+] operator" resolved as reduce ("##[+] operator" < "not operator").
    Conflict between rule 68 and token "##[*] operator" resolved as reduce ("##[*] operator" < "not operator").


State 157

   26 error_opt: error •  ["end of formula"]
   46 starargs: "opening bracket for star operator" error • "closing bracket"

    "closing bracket"  shift, and go to state 287

    $default  reduce using rule 26 (error_opt)


State 158

   21 OP_SQBKT_SEP_unbounded: "separator for square bracket operator" •  ["closing bracket"]
   22                       | "separator for square bracket operator" • "unbounded mark"
   27 sqbkt_num: • "number for square bracket operator"
   30 sqbracketargs: "separator for square bracket operator" • sqbkt_num "closing bracket"

    "number for square bracket operator"  shift, and go to state 104
    "unbounded mark"                      shift, and go to state 288

    $default  reduce using rule 21 (OP_SQBKT_SEP_unbounded)

    sqbkt_num  go to state 289


State 159

   24 OP_SQBKT_SEP_opt: OP_SQBKT_SEP_unbounded •

    $default  reduce using rule 24 (OP_SQBKT_SEP_opt)


State 160

   31 sqbracketargs: OP_SQBKT_SEP_opt • "closing bracket"

    "closing bracket"  shift, and go to state 290


State 161

   47 starargs: "opening bracket for star operator" error_opt • "end of formula"

    "end of formula"  shift, and go to state 291


State 162

   21 OP_SQBKT_SEP_unbounded: • "separator for square bracket operator"
   22                       | • "separator for square bracket operator" "unbounded mark"
   28 sqbracketargs: sqbkt_num • "separator for square bracket operator" sqbkt_num "closing bracket"
   29              | sqbkt_num • OP_SQBKT_SEP_unbounded "closing bracket"
   32              | sqbkt_num • "closing bracket"

    "closing bracket"                        shift, and go to state 292
    "separator for square bracket operator"  shift, and go to state 293

    OP_SQBKT_SEP_unbounded  go to state 294


State 163

   45 starargs: "opening bracket for star operator" sqbracketargs •

    $default  reduce using rule 45 (starargs)


State 164

   41 kleen_star: • "star operator"
   42           | • "bracket star operator"
   43 starargs: • kleen_star
   44         | • "plus operator"
   45         | • "opening bracket for star operator" sqbracketargs
   46         | • "opening bracket for star operator" error "closing bracket"
   47         | • "opening bracket for star operator" error_opt "end of formula"
   56 delayargs: • "opening bracket for SVA delay operator" sqbracketargs
   57          | • "opening bracket for SVA delay operator" error "closing bracket"
   58          | • "opening bracket for SVA delay operator" error_opt "end of formula"
   59          | • "##[+] operator"
   60          | • "##[*] operator"
   61 atomprop: • "atomic proposition"
   62 booleanatom: • atomprop
   63            | • atomprop "positive suffix"
   64            | • atomprop "negative suffix"
   65            | • "constant true"
   66            | • "constant false"
   67 sere: • booleanatom
   68     | • "not operator" sere
   69     | • bracedsere
   70     | • "(...) block"
   71     | • "opening parenthesis" sere "closing parenthesis"
   72     | • "opening parenthesis" error "closing parenthesis"
   73     | • "opening parenthesis" sere "end of formula"
   74     | • "opening parenthesis" error "end of formula"
   75     | • sere "and operator" sere
   76     | • sere "and operator" error
   77     | • sere "short and operator" sere
   78     | • sere "short and operator" error
   79     | • sere "or operator" sere
   80     | • sere "or operator" error
   81     | • sere "concat operator" sere
   82     | • sere "concat operator" error
   83     | • sere ":" sere
   84     | • sere ":" error
   85     | • "SVA delay operator" sere
   86     | • "SVA delay operator" error
   87     | • sere "SVA delay operator" sere
   88     | • sere "SVA delay operator" error
   89     | • delayargs sere
   90     | • delayargs error
   91     | • sere delayargs sere
   92     | • sere delayargs error
   93     | • starargs
   94     | • sere starargs
   95     | • sere fstarargs
   96     | • sere equalargs
   97     | • sere gotoargs
   98     | • sere "xor operator" sere
   99     | • sere "xor operator" error
  100     | • sere "implication operator" sere
  101     | • sere "implication operator" error
  102     | • sere "equivalent operator" sere
  103     | • sere "equivalent operator" error
  104     | • "first_match" "opening parenthesis" sere "closing parenthesis"
  104     | "first_match" "opening parenthesis" • sere "closing parenthesis"
  105 bracedsere: • "opening brace" sere "closing brace"
  106           | • "opening brace" sere error "closing brace"
  107           | • "opening brace" error "closing brace"
  108           | • "opening brace" sere "end of formula"
  109           | • "opening brace" sere error "end of formula"
  110           | • "opening brace" error "end of formula"
  111           | • "{...} block"

    "opening parenthesis"                     shift, and go to state 55
    "(...) block"                             shift, and go to state 56
    "{...} block"                             shift, and go to state 9
    "opening brace"                           shift, and go to state 57
    "not operator"                            shift, and go to state 58
    "star operator"                           shift, and go to state 59
    "bracket star operator"                   shift, and go to state 60
    "plus operator"                           shift, and go to state 61
    "opening bracket for star operator"       shift, and go to state 62
    "first_match"                             shift, and go to state 63
    "atomic proposition"                      shift, and go to state 22
    "constant true"                           shift, and go to state 23
    "constant false"                          shift, and go to state 24
    "SVA delay operator"                      shift, and go to state 64
    "opening bracket for SVA delay operator"  shift, and go to state 65
    "##[+] operator"                          shift, and go to state 66
    "##[*] operator"                          shift, and go to state 67

    kleen_star   go to state 70
    starargs     go to state 71
    delayargs    go to state 72
    atomprop     go to state 28
    booleanatom  go to state 73
    sere         go to state 295
    bracedsere   go to state 75


State 165

   86 sere: "SVA delay operator" error •

    $default  reduce using rule 86 (sere)


State 166

   33 gotoargs: • "opening bracket for goto operator" sqbkt_num "separator for square bracket operator" sqbkt_num "closing bracket"
   34         | • "opening bracket for goto operator" sqbkt_num OP_SQBKT_SEP_unbounded "closing bracket"
   35         | • "opening bracket for goto operator" "separator for square bracket operator" sqbkt_num "closing bracket"
   36         | • "opening bracket for goto operator" OP_SQBKT_SEP_unbounded "closing bracket"
   37         | • "opening bracket for goto operator" "closing bracket"
   38         | • "opening bracket for goto operator" sqbkt_num "closing bracket"
   39         | • "opening bracket for goto operator" error "closing bracket"
   40         | • "opening bracket for goto operator" error_opt "end of formula"
   41 kleen_star: • "star operator"
   42           | • "bracket star operator"
   43 starargs: • kleen_star
   44         | • "plus operator"
   45         | • "opening bracket for star operator" sqbracketargs
   46         | • "opening bracket for star operator" error "closing bracket"
   47         | • "opening bracket for star operator" error_opt "end of formula"
   48 fstarargs: • "bracket fusion-star operator"
   49          | • "fusion-plus operator"
   50          | • "opening bracket for fusion-star operator" sqbracketargs
   51          | • "opening bracket for fusion-star operator" error "closing bracket"
   52          | • "opening bracket for fusion-star operator" error_opt "end of formula"
   53 equalargs: • "opening bracket for equal operator" sqbracketargs
   54          | • "opening bracket for equal operator" error "closing bracket"
   55          | • "opening bracket for equal operator" error_opt "end of formula"
   56 delayargs: • "opening bracket for SVA delay operator" sqbracketargs
   57          | • "opening bracket for SVA delay operator" error "closing bracket"
   58          | • "opening bracket for SVA delay operator" error_opt "end of formula"
   59          | • "##[+] operator"
   60          | • "##[*] operator"
   75 sere: sere • "and operator" sere
   76     | sere • "and operator" error
   77     | sere • "short and operator" sere
   78     | sere • "short and operator" error
   79     | sere • "or operator" sere
   80     | sere • "or operator" error
   81     | sere • "concat operator" sere
   82     | sere • "concat operator" error
   83     | sere • ":" sere
   84     | sere • ":" error
   85     | "SVA delay operator" sere •  [error, "closing parenthesis", "closing brace", "closing brace-bang", "concat operator", ":", "end of formula", "SVA delay operator", "opening bracket for SVA delay operator", "##[+] operator", "##[*] operator"]
   87     | sere • "SVA delay operator" sere
   88     | sere • "SVA delay operator" error
   91     | sere • delayargs sere
   92     | sere • delayargs error
   94     | sere • starargs
   95     | sere • fstarargs
   96     | sere • equalargs
   97     | sere • gotoargs
   98     | sere • "xor operator" sere
   99     | sere • "xor operator" error
  100     | sere • "implication operator" sere
  101     | sere • "implication operator" error
  102     | sere • "equivalent operator" sere
  103     | sere • "equivalent operator" error

    "or operator"                               shift, and go to state 172
    "xor operator"                              shift, and go to state 173
    "and operator"                              shift, and go to state 174
    "short and operator"                        shift, and go to state 175
    "implication operator"                      shift, and go to state 176
    "equivalent operator"                       shift, and go to state 177
    "star operator"                             shift, and go to state 59
    "bracket star operator"                     shift, and go to state 60
    "bracket fusion-star operator"              shift, and go to state 178
    "plus operator"                             shift, and go to state 61
    "fusion-plus operator"                      shift, and go to state 179
    "opening bracket for star operator"         shift, and go to state 62
    "opening bracket for fusion-star operator"  shift, and go to state 180
    "opening bracket for equal operator"        shift, and go to state 181
    "opening bracket for goto operator"         shift, and go to state 182

    $default  reduce using rule 85 (sere)

    gotoargs    go to state 188
    kleen_star  go to state 70
    starargs    go to state 189
    fstarargs   go to state 190
    equalargs   go to state 191
    delayargs   go to state 192

    Conflict between rule 85 and token "or operator" resolved as shift ("SVA delay operator" < "or operator").
    Conflict between rule 85 and token "xor operator" resolved as shift ("SVA delay operator" < "xor operator").
    Conflict between rule 85 and token "and operator" resolved as shift ("SVA delay operator" < "and operator").
    Conflict between rule 85 and token "short and operator" resolved as shift ("SVA delay operator" < "short and operator").
    Conflict between rule 85 and token "implication operator" resolved as shift ("SVA delay operator" < "implication operator").
    Conflict between rule 85 and token "equivalent operator" resolved as shift ("SVA delay operator" < "equivalent operator").
    Conflict between rule 85 and token "star operator" resolved as shift ("SVA delay operator" < "star operator").
    Conflict between rule 85 and token "bracket star operator" resolved as shift ("SVA delay operator" < "bracket star operator").
    Conflict between rule 85 and token "bracket fusion-star operator" resolved as shift ("SVA delay operator" < "bracket fusion-star operator").
    Conflict between rule 85 and token "plus operator" resolved as shift ("SVA delay operator" < "plus operator").
    Conflict between rule 85 and token "fusion-plus operator" resolved as shift ("SVA delay operator" < "fusion-plus operator").
    Conflict between rule 85 and token "opening bracket for star operator" resolved as shift ("SVA delay operator" < "opening bracket for star operator").
    Conflict between rule 85 and token "opening bracket for fusion-star operator" resolved as shift ("SVA delay operator" < "opening bracket for fusion-star operator").
    Conflict between rule 85 and token "opening bracket for equal operator" resolved as shift ("SVA delay operator" < "opening bracket for equal operator").
    Conflict between rule 85 and token "opening bracket for goto operator" resolved as shift ("SVA delay operator" < "opening bracket for goto operator").
    Conflict between rule 85 and token "concat operator" resolved as reduce ("concat operator" < "SVA delay operator").
    Conflict between rule 85 and token ":" resolved as reduce (":" < "SVA delay operator").
    Conflict between rule 85 and token "SVA delay operator" resolved as reduce (%left "SVA delay operator").
    Conflict between rule 85 and token "opening bracket for SVA delay operator" resolved as reduce (%left "opening bracket for SVA delay operator").
    Conflict between rule 85 and token "##[+] operator" resolved as reduce (%left "##[+] operator").
    Conflict between rule 85 and token "##[*] operator" resolved as reduce (%left "##[*] operator").


State 167

   26 error_opt: error •  ["end of formula"]
   57 delayargs: "opening bracket for SVA delay operator" error • "closing bracket"

    "closing bracket"  shift, and go to state 296

    $default  reduce using rule 26 (error_opt)


State 168

   58 delayargs: "opening bracket for SVA delay operator" error_opt • "end of formula"

    "end of formula"  shift, and go to state 297


State 169

   56 delayargs: "opening bracket for SVA delay operator" sqbracketargs •

    $default  reduce using rule 56 (delayargs)


State 170

   90 sere: delayargs error •

    $default  reduce using rule 90 (sere)


State 171

   33 gotoargs: • "opening bracket for goto operator" sqbkt_num "separator for square bracket operator" sqbkt_num "closing bracket"
   34         | • "opening bracket for goto operator" sqbkt_num OP_SQBKT_SEP_unbounded "closing bracket"
   35         | • "opening bracket for goto operator" "separator for square bracket operator" sqbkt_num "closing bracket"
   36         | • "opening bracket for goto operator" OP_SQBKT_SEP_unbounded "closing bracket"
   37         | • "opening bracket for goto operator" "closing bracket"
   38         | • "opening bracket for goto operator" sqbkt_num "closing bracket"
   39         | • "opening bracket for goto operator" error "closing bracket"
   40         | • "opening bracket for goto operator" error_opt "end of formula"
   41 kleen_star: • "star operator"
   42           | • "bracket star operator"
   43 starargs: • kleen_star
   44         | • "plus operator"
   45         | • "opening bracket for star operator" sqbracketargs
   46         | • "opening bracket for star operator" error "closing bracket"
   47         | • "opening bracket for star operator" error_opt "end of formula"
   48 fstarargs: • "bracket fusion-star operator"
   49          | • "fusion-plus operator"
   50          | • "opening bracket for fusion-star operator" sqbracketargs
   51          | • "opening bracket for fusion-star operator" error "closing bracket"
   52          | • "opening bracket for fusion-star operator" error_opt "end of formula"
   53 equalargs: • "opening bracket for equal operator" sqbracketargs
   54          | • "opening bracket for equal operator" error "closing bracket"
   55          | • "opening bracket for equal operator" error_opt "end of formula"
   56 delayargs: • "opening bracket for SVA delay operator" sqbracketargs
   57          | • "opening bracket for SVA delay operator" error "closing bracket"
   58          | • "opening bracket for SVA delay operator" error_opt "end of formula"
   59          | • "##[+] operator"
   60          | • "##[*] operator"
   75 sere: sere • "and operator" sere
   76     | sere • "and operator" error
   77     | sere • "short and operator" sere
   78     | sere • "short and operator" error
   79     | sere • "or operator" sere
   80     | sere • "or operator" error
   81     | sere • "concat operator" sere
   82     | sere • "concat operator" error
   83     | sere • ":" sere
   84     | sere • ":" error
   87     | sere • "SVA delay operator" sere
   88     | sere • "SVA delay operator" error
   89     | delayargs sere •  [error, "closing parenthesis", "closing brace", "closing brace-bang", "concat operator", ":", "end of formula", "SVA delay operator", "opening bracket for SVA delay operator", "##[+] operator", "##[*] operator"]
   91     | sere • delayargs sere
   92     | sere • delayargs error
   94     | sere • starargs
   95     | sere • fstarargs
   96     | sere • equalargs
   97     | sere • gotoargs
   98     | sere • "xor operator" sere
   99     | sere • "xor operator" error
  100     | sere • "implication operator" sere
  101     | sere • "implication operator" error
  102     | sere • "equivalent operator" sere
  103     | sere • "equivalent operator" error

    "or operator"                               shift, and go to state 172
    "xor operator"                              shift, and go to state 173
    "and operator"                              shift, and go to state 174
    "short and operator"                        shift, and go to state 175
    "implication operator"                      shift, and go to state 176
    "equivalent operator"                       shift, and go to state 177
    "star operator"                             shift, and go to state 59
    "bracket star operator"                     shift, and go to state 60
    "bracket fusion-star operator"              shift, and go to state 178
    "plus operator"                             shift, and go to state 61
    "fusion-plus operator"                      shift, and go to state 179
    "opening bracket for star operator"         shift, and go to state 62
    "opening bracket for fusion-star operator"  shift, and go to state 180
    "opening bracket for equal operator"        shift, and go to state 181
    "opening bracket for goto operator"         shift, and go to state 182

    $default  reduce using rule 89 (sere)

    gotoargs    go to state 188
    kleen_star  go to state 70
    starargs    go to state 189
    fstarargs   go to state 190
    equalargs   go to state 191
    delayargs   go to state 192

    Conflict between rule 89 and token "or operator" resolved as shift ("opening bracket for SVA delay operator" < "or operator").
    Conflict between rule 89 and token "xor operator" resolved as shift ("opening bracket for SVA delay operator" < "xor operator").
    Conflict between rule 89 and token "and operator" resolved as shift ("opening bracket for SVA delay operator" < "and operator").
    Conflict between rule 89 and token "short and operator" resolved as shift ("opening bracket for SVA delay operator" < "short and operator").
    Conflict between rule 89 and token "implication operator" resolved as shift ("opening bracket for SVA delay operator" < "implication operator").
    Conflict between rule 89 and token "equivalent operator" resolved as shift ("opening bracket for SVA delay operator" < "equivalent operator").
    Conflict between rule 89 and token "star operator" resolved as shift ("opening bracket for SVA delay operator" < "star operator").
    Conflict between rule 89 and token "bracket star operator" resolved as shift ("opening bracket for SVA delay operator" < "bracket star operator").
    Conflict between rule 89 and token "bracket fusion-star operator" resolved as shift ("opening bracket for SVA delay operator" < "bracket fusion-star operator").
    Conflict between rule 89 and token "plus operator" resolved as shift ("opening bracket for SVA delay operator" < "plus operator").
    Conflict between rule 89 and token "fusion-plus operator" resolved as shift ("opening bracket for SVA delay operator" < "fusion-plus operator").
    Conflict between rule 89 and token "opening bracket for star operator" resolved as shift ("opening bracket for SVA delay operator" < "opening bracket for star operator").
    Conflict between rule 89 and token "opening bracket for fusion-star operator" resolved as shift ("opening bracket for SVA delay operator" < "opening bracket for fusion-star operator").
    Conflict between rule 89 and token "opening bracket for equal operator" resolved as shift ("opening bracket for SVA delay operator" < "opening bracket for equal operator").
    Conflict between rule 89 and token "opening bracket for goto operator" resolved as shift ("opening bracket for SVA delay operator" < "opening bracket for goto operator").
    Conflict between rule 89 and token "concat operator" resolved as reduce ("concat operator" < "opening bracket for SVA delay operator").
    Conflict between rule 89 and token ":" resolved as reduce (":" < "opening bracket for SVA delay operator").
    Conflict between rule 89 and token "SVA delay operator" resolved as reduce (%left "SVA delay operator").
    Conflict between rule 89 and token "opening bracket for SVA delay operator" resolved as reduce (%left "opening bracket for SVA delay operator").
    Conflict between rule 89 and token "##[+] operator" resolved as reduce (%left "##[+] operator").
    Conflict between rule 89 and token "##[*] operator" resolved as reduce (%left "##[*] operator").


State 172

   41 kleen_star: • "star operator"
   42           | • "bracket star operator"
   43 starargs: • kleen_star
   44         | • "plus operator"
   45         | • "opening bracket for star operator" sqbracketargs
   46         | • "opening bracket for star operator" error "closing bracket"
   47         | • "opening bracket for star operator" error_opt "end of formula"
   56 delayargs: • "opening bracket for SVA delay operator" sqbracketargs
   57          | • "opening bracket for SVA delay operator" error "closing bracket"
   58          | • "opening bracket for SVA delay operator" error_opt "end of formula"
   59          | • "##[+] operator"
   60          | • "##[*] operator"
   61 atomprop: • "atomic proposition"
   62 booleanatom: • atomprop
   63            | • atomprop "positive suffix"
   64            | • atomprop "negative suffix"
   65            | • "constant true"
   66            | • "constant false"
   67 sere: • booleanatom
   68     | • "not operator" sere
   69     | • bracedsere
   70     | • "(...) block"
   71     | • "opening parenthesis" sere "closing parenthesis"
   72     | • "opening parenthesis" error "closing parenthesis"
   73     | • "opening parenthesis" sere "end of formula"
   74     | • "opening parenthesis" error "end of formula"
   75     | • sere "and operator" sere
   76     | • sere "and operator" error
   77     | • sere "short and operator" sere
   78     | • sere "short and operator" error
   79     | • sere "or operator" sere
   79     | sere "or operator" • sere
   80     | • sere "or operator" error
   80     | sere "or operator" • error
   81     | • sere "concat operator" sere
   82     | • sere "concat operator" error
   83     | • sere ":" sere
   84     | • sere ":" error
   85     | • "SVA delay operator" sere
   86     | • "SVA delay operator" error
   87     | • sere "SVA delay operator" sere
   88     | • sere "SVA delay operator" error
   89     | • delayargs sere
   90     | • delayargs error
   91     | • sere delayargs sere
   92     | • sere delayargs error
   93     | • starargs
   94     | • sere starargs
   95     | • sere fstarargs
   96     | • sere equalargs
   97     | • sere gotoargs
   98     | • sere "xor operator" sere
   99     | • sere "xor operator" error
  100     | • sere "implication operator" sere
  101     | • sere "implication operator" error
  102     | • sere "equivalent operator" sere
  103     | • sere "equivalent operator" error
  104     | • "first_match" "opening parenthesis" sere "closing parenthesis"
  105 bracedsere: • "opening brace" sere "closing brace"
  106           | • "opening brace" sere error "closing brace"
  107           | • "opening brace" error "closing brace"
  108           | • "opening brace" sere "end of formula"
  109           | • "opening brace" sere error "end of formula"
  110           | • "opening brace" error "end of formula"
  111           | • "{...} block"

    error                                     shift, and go to state 298
    "opening parenthesis"                     shift, and go to state 55
    "(...) block"                             shift, and go to state 56
    "{...} block"                             shift, and go to state 9
    "opening brace"                           shift, and go to state 57
    "not operator"                            shift, and go to state 58
    "star operator"                           shift, and go to state 59
    "bracket star operator"                   shift, and go to state 60
    "plus operator"                           shift, and go to state 61
    "opening bracket for star operator"       shift, and go to state 62
    "first_match"                             shift, and go to state 63
    "atomic proposition"                      shift, and go to state 22
    "constant true"                           shift, and go to state 23
    "constant false"                          shift, and go to state 24
    "SVA delay operator"                      shift, and go to state 64
    "opening bracket for SVA delay operator"  shift, and go to state 65
    "##[+] operator"                          shift, and go to state 66
    "##[*] operator"                          shift, and go to state 67

    kleen_star   go to state 70
    starargs     go to state 71
    delayargs    go to state 72
    atomprop     go to state 28
    booleanatom  go to state 73
    sere         go to state 299
    bracedsere   go to state 75


State 173

   41 kleen_star: • "star operator"
   42           | • "bracket star operator"
   43 starargs: • kleen_star
   44         | • "plus operator"
   45         | • "opening bracket for star operator" sqbracketargs
   46         | • "opening bracket for star operator" error "closing bracket"
   47         | • "opening bracket for star operator" error_opt "end of formula"
   56 delayargs: • "opening bracket for SVA delay operator" sqbracketargs
   57          | • "opening bracket for SVA delay operator" error "closing bracket"
   58          | • "opening bracket for SVA delay operator" error_opt "end of formula"
   59          | • "##[+] operator"
   60          | • "##[*] operator"
   61 atomprop: • "atomic proposition"
   62 booleanatom: • atomprop
   63            | • atomprop "positive suffix"
   64            | • atomprop "negative suffix"
   65            | • "constant true"
   66            | • "constant false"
   67 sere: • booleanatom
   68     | • "not operator" sere
   69     | • bracedsere
   70     | • "(...) block"
   71     | • "opening parenthesis" sere "closing parenthesis"
   72     | • "opening parenthesis" error "closing parenthesis"
   73     | • "opening parenthesis" sere "end of formula"
   74     | • "opening parenthesis" error "end of formula"
   75     | • sere "and operator" sere
   76     | • sere "and operator" error
   77     | • sere "short and operator" sere
   78     | • sere "short and operator" error
   79     | • sere "or operator" sere
   80     | • sere "or operator" error
   81     | • sere "concat operator" sere
   82     | • sere "concat operator" error
   83     | • sere ":" sere
   84     | • sere ":" error
   85     | • "SVA delay operator" sere
   86     | • "SVA delay operator" error
   87     | • sere "SVA delay operator" sere
   88     | • sere "SVA delay operator" error
   89     | • delayargs sere
   90     | • delayargs error
   91     | • sere delayargs sere
   92     | • sere delayargs error
   93     | • starargs
   94     | • sere starargs
   95     | • sere fstarargs
   96     | • sere equalargs
   97     | • sere gotoargs
   98     | • sere "xor operator" sere
   98     | sere "xor operator" • sere
   99     | • sere "xor operator" error
   99     | sere "xor operator" • error
  100     | • sere "implication operator" sere
  101     | • sere "implication operator" error
  102     | • sere "equivalent operator" sere
  103     | • sere "equivalent operator" error
  104     | • "first_match" "opening parenthesis" sere "closing parenthesis"
  105 bracedsere: • "opening brace" sere "closing brace"
  106           | • "opening brace" sere error "closing brace"
  107           | • "opening brace" error "closing brace"
  108           | • "opening brace" sere "end of formula"
  109           | • "opening brace" sere error "end of formula"
  110           | • "opening brace" error "end of formula"
  111           | • "{...} block"

    error                                     shift, and go to state 300
    "opening parenthesis"                     shift, and go to state 55
    "(...) block"                             shift, and go to state 56
    "{...} block"                             shift, and go to state 9
    "opening brace"                           shift, and go to state 57
    "not operator"                            shift, and go to state 58
    "star operator"                           shift, and go to state 59
    "bracket star operator"                   shift, and go to state 60
    "plus operator"                           shift, and go to state 61
    "opening bracket for star operator"       shift, and go to state 62
    "first_match"                             shift, and go to state 63
    "atomic proposition"                      shift, and go to state 22
    "constant true"                           shift, and go to state 23
    "constant false"                          shift, and go to state 24
    "SVA delay operator"                      shift, and go to state 64
    "opening bracket for SVA delay operator"  shift, and go to state 65
    "##[+] operator"                          shift, and go to state 66
    "##[*] operator"                          shift, and go to state 67

    kleen_star   go to state 70
    starargs     go to state 71
    delayargs    go to state 72
    atomprop     go to state 28
    booleanatom  go to state 73
    sere         go to state 301
    bracedsere   go to state 75


State 174

   41 kleen_star: • "star operator"
   42           | • "bracket star operator"
   43 starargs: • kleen_star
   44         | • "plus operator"
   45         | • "opening bracket for star operator" sqbracketargs
   46         | • "opening bracket for star operator" error "closing bracket"
   47         | • "opening bracket for star operator" error_opt "end of formula"
   56 delayargs: • "opening bracket for SVA delay operator" sqbracketargs
   57          | • "opening bracket for SVA delay operator" error "closing bracket"
   58          | • "opening bracket for SVA delay operator" error_opt "end of formula"
   59          | • "##[+] operator"
   60          | • "##[*] operator"
   61 atomprop: • "atomic proposition"
   62 booleanatom: • atomprop
   63            | • atomprop "positive suffix"
   64            | • atomprop "negative suffix"
   65            | • "constant true"
   66            | • "constant false"
   67 sere: • booleanatom
   68     | • "not operator" sere
   69     | • bracedsere
   70     | • "(...) block"
   71     | • "opening parenthesis" sere "closing parenthesis"
   72     | • "opening parenthesis" error "closing parenthesis"
   73     | • "opening parenthesis" sere "end of formula"
   74     | • "opening parenthesis" error "end of formula"
   75     | • sere "and operator" sere
   75     | sere "and operator" • sere
   76     | • sere "and operator" error
   76     | sere "and operator" • error
   77     | • sere "short and operator" sere
   78     | • sere "short and operator" error
   79     | • sere "or operator" sere
   80     | • sere "or operator" error
   81     | • sere "concat operator" sere
   82     | • sere "concat operator" error
   83     | • sere ":" sere
   84     | • sere ":" error
   85     | • "SVA delay operator" sere
   86     | • "SVA delay operator" error
   87     | • sere "SVA delay operator" sere
   88     | • sere "SVA delay operator" error
   89     | • delayargs sere
   90     | • delayargs error
   91     | • sere delayargs sere
   92     | • sere delayargs error
   93     | • starargs
   94     | • sere starargs
   95     | • sere fstarargs
   96     | • sere equalargs
   97     | • sere gotoargs
   98     | • sere "xor operator" sere
   99     | • sere "xor operator" error
  100     | • sere "implication operator" sere
  101     | • sere "implication operator" error
  102     | • sere "equivalent operator" sere
  103     | • sere "equivalent operator" error
  104     | • "first_match" "opening parenthesis" sere "closing parenthesis"
  105 bracedsere: • "opening brace" sere "closing brace"
  106           | • "opening brace" sere error "closing brace"
  107           | • "opening brace" error "closing brace"
  108           | • "opening brace" sere "end of formula"
  109           | • "opening brace" sere error "end of formula"
  110           | • "opening brace" error "end of formula"
  111           | • "{...} block"

    error                                     shift, and go to state 302
    "opening parenthesis"                     shift, and go to state 55
    "(...) block"                             shift, and go to state 56
    "{...} block"                             shift, and go to state 9
    "opening brace"                           shift, and go to state 57
    "not operator"                            shift, and go to state 58
    "star operator"                           shift, and go to state 59
    "bracket star operator"                   shift, and go to state 60
    "plus operator"                           shift, and go to state 61
    "opening bracket for star operator"       shift, and go to state 62
    "first_match"                             shift, and go to state 63
    "atomic proposition"                      shift, and go to state 22
    "constant true"                           shift, and go to state 23
    "constant false"                          shift, and go to state 24
    "SVA delay operator"                      shift, and go to state 64
    "opening bracket for SVA delay operator"  shift, and go to state 65
    "##[+] operator"                          shift, and go to state 66
    "##[*] operator"                          shift, and go to state 67

    kleen_star   go to state 70
    starargs     go to state 71
    delayargs    go to state 72
    atomprop     go to state 28
    booleanatom  go to state 73
    sere         go to state 303
    bracedsere   go to state 75


State 175

   41 kleen_star: • "star operator"
   42           | • "bracket star operator"
   43 starargs: • kleen_star
   44         | • "plus operator"
   45         | • "opening bracket for star operator" sqbracketargs
   46         | • "opening bracket for star operator" error "closing bracket"
   47         | • "opening bracket for star operator" error_opt "end of formula"
   56 delayargs: • "opening bracket for SVA delay operator" sqbracketargs
   57          | • "opening bracket for SVA delay operator" error "closing bracket"
   58          | • "opening bracket for SVA delay operator" error_opt "end of formula"
   59          | • "##[+] operator"
   60          | • "##[*] operator"
   61 atomprop: • "atomic proposition"
   62 booleanatom: • atomprop
   63            | • atomprop "positive suffix"
   64            | • atomprop "negative suffix"
   65            | • "constant true"
   66            | • "constant false"
   67 sere: • booleanatom
   68     | • "not operator" sere
   69     | • bracedsere
   70     | • "(...) block"
   71     | • "opening parenthesis" sere "closing parenthesis"
   72     | • "opening parenthesis" error "closing parenthesis"
   73     | • "opening parenthesis" sere "end of formula"
   74     | • "opening parenthesis" error "end of formula"
   75     | • sere "and operator" sere
   76     | • sere "and operator" error
   77     | • sere "short and operator" sere
   77     | sere "short and operator" • sere
   78     | • sere "short and operator" error
   78     | sere "short and operator" • error
   79     | • sere "or operator" sere
   80     | • sere "or operator" error
   81     | • sere "concat operator" sere
   82     | • sere "concat operator" error
   83     | • sere ":" sere
   84     | • sere ":" error
   85     | • "SVA delay operator" sere
   86     | • "SVA delay operator" error
   87     | • sere "SVA delay operator" sere
   88     | • sere "SVA delay operator" error
   89     | • delayargs sere
   90     | • delayargs error
   91     | • sere delayargs sere
   92     | • sere delayargs error
   93     | • starargs
   94     | • sere starargs
   95     | • sere fstarargs
   96     | • sere equalargs
   97     | • sere gotoargs
   98     | • sere "xor operator" sere
   99     | • sere "xor operator" error
  100     | • sere "implication operator" sere
  101     | • sere "implication operator" error
  102     | • sere "equivalent operator" sere
  103     | • sere "equivalent operator" error
  104     | • "first_match" "opening parenthesis" sere "closing parenthesis"
  105 bracedsere: • "opening brace" sere "closing brace"
  106           | • "opening brace" sere error "closing brace"
  107           | • "opening brace" error "closing brace"
  108           | • "opening brace" sere "end of formula"
  109           | • "opening brace" sere error "end of formula"
  110           | • "opening brace" error "end of formula"
  111           | • "{...} block"

    error                                     shift, and go to state 304
    "opening parenthesis"                     shift, and go to state 55
    "(...) block"                             shift, and go to state 56
    "{...} block"                             shift, and go to state 9
    "opening brace"                           shift, and go to state 57
    "not operator"                            shift, and go to state 58
    "star operator"                           shift, and go to state 59
    "bracket star operator"                   shift, and go to state 60
    "plus operator"                           shift, and go to state 61
    "opening bracket for star operator"       shift, and go to state 62
    "first_match"                             shift, and go to state 63
    "atomic proposition"                      shift, and go to state 22
    "constant true"                           shift, and go to state 23
    "constant false"                          shift, and go to state 24
    "SVA delay operator"                      shift, and go to state 64
    "opening bracket for SVA delay operator"  shift, and go to state 65
    "##[+] operator"                          shift, and go to state 66
    "##[*] operator"                          shift, and go to state 67

    kleen_star   go to state 70
    starargs     go to state 71
    delayargs    go to state 72
    atomprop     go to state 28
    booleanatom  go to state 73
    sere         go to state 305
    bracedsere   go to state 75


State 176

   41 kleen_star: • "star operator"
   42           | • "bracket star operator"
   43 starargs: • kleen_star
   44         | • "plus operator"
   45         | • "opening bracket for star operator" sqbracketargs
   46         | • "opening bracket for star operator" error "closing bracket"
   47         | • "opening bracket for star operator" error_opt "end of formula"
   56 delayargs: • "opening bracket for SVA delay operator" sqbracketargs
   57          | • "opening bracket for SVA delay operator" error "closing bracket"
   58          | • "opening bracket for SVA delay operator" error_opt "end of formula"
   59          | • "##[+] operator"
   60          | • "##[*] operator"
   61 atomprop: • "atomic proposition"
   62 booleanatom: • atomprop
   63            | • atomprop "positive suffix"
   64            | • atomprop "negative suffix"
   65            | • "constant true"
   66            | • "constant false"
   67 sere: • booleanatom
   68     | • "not operator" sere
   69     | • bracedsere
   70     | • "(...) block"
   71     | • "opening parenthesis" sere "closing parenthesis"
   72     | • "opening parenthesis" error "closing parenthesis"
   73     | • "opening parenthesis" sere "end of formula"
   74     | • "opening parenthesis" error "end of formula"
   75     | • sere "and operator" sere
   76     | • sere "and operator" error
   77     | • sere "short and operator" sere
   78     | • sere "short and operator" error
   79     | • sere "or operator" sere
   80     | • sere "or operator" error
   81     | • sere "concat operator" sere
   82     | • sere "concat operator" error
   83     | • sere ":" sere
   84     | • sere ":" error
   85     | • "SVA delay operator" sere
   86     | • "SVA delay operator" error
   87     | • sere "SVA delay operator" sere
   88     | • sere "SVA delay operator" error
   89     | • delayargs sere
   90     | • delayargs error
   91     | • sere delayargs sere
   92     | • sere delayargs error
   93     | • starargs
   94     | • sere starargs
   95     | • sere fstarargs
   96     | • sere equalargs
   97     | • sere gotoargs
   98     | • sere "xor operator" sere
   99     | • sere "xor operator" error
  100     | • sere "implication operator" sere
  100     | sere "implication operator" • sere
  101     | • sere "implication operator" error
  101     | sere "implication operator" • error
  102     | • sere "equivalent operator" sere
  103     | • sere "equivalent operator" error
  104     | • "first_match" "opening parenthesis" sere "closing parenthesis"
  105 bracedsere: • "opening brace" sere "closing brace"
  106           | • "opening brace" sere error "closing brace"
  107           | • "opening brace" error "closing brace"
  108           | • "opening brace" sere "end of formula"
  109           | • "opening brace" sere error "end of formula"
  110           | • "opening brace" error "end of formula"
  111           | • "{...} block"

    error                                     shift, and go to state 306
    "opening parenthesis"                     shift, and go to state 55
    "(...) block"                             shift, and go to state 56
    "{...} block"                             shift, and go to state 9
    "opening brace"                           shift, and go to state 57
    "not operator"                            shift, and go to state 58
    "star operator"                           shift, and go to state 59
    "bracket star operator"                   shift, and go to state 60
    "plus operator"                           shift, and go to state 61
    "opening bracket for star operator"       shift, and go to state 62
    "first_match"                             shift, and go to state 63
    "atomic proposition"                      shift, and go to state 22
    "constant true"                           shift, and go to state 23
    "constant false"                          shift, and go to state 24
    "SVA delay operator"                      shift, and go to state 64
    "opening bracket for SVA delay operator"  shift, and go to state 65
    "##[+] operator"                          shift, and go to state 66
    "##[*] operator"                          shift, and go to state 67

    kleen_star   go to state 70
    starargs     go to state 71
    delayargs    go to state 72
    atomprop     go to state 28
    booleanatom  go to state 73
    sere         go to state 307
    bracedsere   go to state 75


State 177

   41 kleen_star: • "star operator"
   42           | • "bracket star operator"
   43 starargs: • kleen_star
   44         | • "plus operator"
   45         | • "opening bracket for star operator" sqbracketargs
   46         | • "opening bracket for star operator" error "closing bracket"
   47         | • "opening bracket for star operator" error_opt "end of formula"
   56 delayargs: • "opening bracket for SVA delay operator" sqbracketargs
   57          | • "opening bracket for SVA delay operator" error "closing bracket"
   58          | • "opening bracket for SVA delay operator" error_opt "end of formula"
   59          | • "##[+] operator"
   60          | • "##[*] operator"
   61 atomprop: • "atomic proposition"
   62 booleanatom: • atomprop
   63            | • atomprop "positive suffix"
   64            | • atomprop "negative suffix"
   65            | • "constant true"
   66            | • "constant false"
   67 sere: • booleanatom
   68     | • "not operator" sere
   69     | • bracedsere
   70     | • "(...) block"
   71     | • "opening parenthesis" sere "closing parenthesis"
   72     | • "opening parenthesis" error "closing parenthesis"
   73     | • "opening parenthesis" sere "end of formula"
   74     | • "opening parenthesis" error "end of formula"
   75     | • sere "and operator" sere
   76     | • sere "and operator" error
   77     | • sere "short and operator" sere
   78     | • sere "short and operator" error
   79     | • sere "or operator" sere
   80     | • sere "or operator" error
   81     | • sere "concat operator" sere
   82     | • sere "concat operator" error
   83     | • sere ":" sere
   84     | • sere ":" error
   85     | • "SVA delay operator" sere
   86     | • "SVA delay operator" error
   87     | • sere "SVA delay operator" sere
   88     | • sere "SVA delay operator" error
   89     | • delayargs sere
   90     | • delayargs error
   91     | • sere delayargs sere
   92     | • sere delayargs error
   93     | • starargs
   94     | • sere starargs
   95     | • sere fstarargs
   96     | • sere equalargs
   97     | • sere gotoargs
   98     | • sere "xor operator" sere
   99     | • sere "xor operator" error
  100     | • sere "implication operator" sere
  101     | • sere "implication operator" error
  102     | • sere "equivalent operator" sere
  102     | sere "equivalent operator" • sere
  103     | • sere "equivalent operator" error
  103     | sere "equivalent operator" • error
  104     | • "first_match" "opening parenthesis" sere "closing parenthesis"
  105 bracedsere: • "opening brace" sere "closing brace"
  106           | • "opening brace" sere error "closing brace"
  107           | • "opening brace" error "closing brace"
  108           | • "opening brace" sere "end of formula"
  109           | • "opening brace" sere error "end of formula"
  110           | • "opening brace" error "end of formula"
  111           | • "{...} block"

    error                                     shift, and go to state 308
    "opening parenthesis"                     shift, and go to state 55
    "(...) block"                             shift, and go to state 56
    "{...} block"                             shift, and go to state 9
    "opening brace"                           shift, and go to state 57
    "not operator"                            shift, and go to state 58
    "star operator"                           shift, and go to state 59
    "bracket star operator"                   shift, and go to state 60
    "plus operator"                           shift, and go to state 61
    "opening bracket for star operator"       shift, and go to state 62
    "first_match"                             shift, and go to state 63
    "atomic proposition"                      shift, and go to state 22
    "constant true"                           shift, and go to state 23
    "constant false"                          shift, and go to state 24
    "SVA delay operator"                      shift, and go to state 64
    "opening bracket for SVA delay operator"  shift, and go to state 65
    "##[+] operator"                          shift, and go to state 66
    "##[*] operator"                          shift, and go to state 67

    kleen_star   go to state 70
    starargs     go to state 71
    delayargs    go to state 72
    atomprop     go to state 28
    booleanatom  go to state 73
    sere         go to state 309
    bracedsere   go to state 75


State 178

   48 fstarargs: "bracket fusion-star operator" •

    $default  reduce using rule 48 (fstarargs)


State 179

   49 fstarargs: "fusion-plus operator" •

    $default  reduce using rule 49 (fstarargs)


State 180

   21 OP_SQBKT_SEP_unbounded: • "separator for square bracket operator"
   22                       | • "separator for square bracket operator" "unbounded mark"
   23 OP_SQBKT_SEP_opt: ε •  ["closing bracket"]
   24                 | • OP_SQBKT_SEP_unbounded
   25 error_opt: ε •  ["end of formula"]
   26          | • error
   27 sqbkt_num: • "number for square bracket operator"
   28 sqbracketargs: • sqbkt_num "separator for square bracket operator" sqbkt_num "closing bracket"
   29              | • sqbkt_num OP_SQBKT_SEP_unbounded "closing bracket"
   30              | • "separator for square bracket operator" sqbkt_num "closing bracket"
   31              | • OP_SQBKT_SEP_opt "closing bracket"
   32              | • sqbkt_num "closing bracket"
   50 fstarargs: "opening bracket for fusion-star operator" • sqbracketargs
   51          | "opening bracket for fusion-star operator" • error "closing bracket"
   52          | "opening bracket for fusion-star operator" • error_opt "end of formula"

    error                                    shift, and go to state 310
    "number for square bracket operator"     shift, and go to state 104
    "separator for square bracket operator"  shift, and go to state 158

    "closing bracket"  reduce using rule 23 (OP_SQBKT_SEP_opt)
    "end of formula"   reduce using rule 25 (error_opt)

    OP_SQBKT_SEP_unbounded  go to state 159
    OP_SQBKT_SEP_opt        go to state 160
    error_opt               go to state 311
    sqbkt_num               go to state 162
    sqbracketargs           go to state 312


State 181

   21 OP_SQBKT_SEP_unbounded: • "separator for square bracket operator"
   22                       | • "separator for square bracket operator" "unbounded mark"
   23 OP_SQBKT_SEP_opt: ε •  ["closing bracket"]
   24                 | • OP_SQBKT_SEP_unbounded
   25 error_opt: ε •  ["end of formula"]
   26          | • error
   27 sqbkt_num: • "number for square bracket operator"
   28 sqbracketargs: • sqbkt_num "separator for square bracket operator" sqbkt_num "closing bracket"
   29              | • sqbkt_num OP_SQBKT_SEP_unbounded "closing bracket"
   30              | • "separator for square bracket operator" sqbkt_num "closing bracket"
   31              | • OP_SQBKT_SEP_opt "closing bracket"
   32              | • sqbkt_num "closing bracket"
   53 equalargs: "opening bracket for equal operator" • sqbracketargs
   54          | "opening bracket for equal operator" • error "closing bracket"
   55          | "opening bracket for equal operator" • error_opt "end of formula"

    error                                    shift, and go to state 313
    "number for square bracket operator"     shift, and go to state 104
    "separator for square bracket operator"  shift, and go to state 158

    "closing bracket"  reduce using rule 23 (OP_SQBKT_SEP_opt)
    "end of formula"   reduce using rule 25 (error_opt)

    OP_SQBKT_SEP_unbounded  go to state 159
    OP_SQBKT_SEP_opt        go to state 160
    error_opt               go to state 314
    sqbkt_num               go to state 162
    sqbracketargs           go to state 315


State 182

   21 OP_SQBKT_SEP_unbounded: • "separator for square bracket operator"
   22                       | • "separator for square bracket operator" "unbounded mark"
   25 error_opt: ε •  ["end of formula"]
   26          | • error
   27 sqbkt_num: • "number for square bracket operator"
   33 gotoargs: "opening bracket for goto operator" • sqbkt_num "separator for square bracket operator" sqbkt_num "closing bracket"
   34         | "opening bracket for goto operator" • sqbkt_num OP_SQBKT_SEP_unbounded "closing bracket"
   35         | "opening bracket for goto operator" • "separator for square bracket operator" sqbkt_num "closing bracket"
   36         | "opening bracket for goto operator" • OP_SQBKT_SEP_unbounded "closing bracket"
   37         | "opening bracket for goto operator" • "closing bracket"
   38         | "opening bracket for goto operator" • sqbkt_num "closing bracket"
   39         | "opening bracket for goto operator" • error "closing bracket"
   40         | "opening bracket for goto operator" • error_opt "end of formula"

    error                                    shift, and go to state 316
    "closing bracket"                        shift, and go to state 317
    "number for square bracket operator"     shift, and go to state 104
    "separator for square bracket operator"  shift, and go to state 318

    "end of formula"  reduce using rule 25 (error_opt)

    OP_SQBKT_SEP_unbounded  go to state 319
    error_opt               go to state 320
    sqbkt_num               go to state 321


State 183

   41 kleen_star: • "star operator"
   42           | • "bracket star operator"
   43 starargs: • kleen_star
   44         | • "plus operator"
   45         | • "opening bracket for star operator" sqbracketargs
   46         | • "opening bracket for star operator" error "closing bracket"
   47         | • "opening bracket for star operator" error_opt "end of formula"
   56 delayargs: • "opening bracket for SVA delay operator" sqbracketargs
   57          | • "opening bracket for SVA delay operator" error "closing bracket"
   58          | • "opening bracket for SVA delay operator" error_opt "end of formula"
   59          | • "##[+] operator"
   60          | • "##[*] operator"
   61 atomprop: • "atomic proposition"
   62 booleanatom: • atomprop
   63            | • atomprop "positive suffix"
   64            | • atomprop "negative suffix"
   65            | • "constant true"
   66            | • "constant false"
   67 sere: • booleanatom
   68     | • "not operator" sere
   69     | • bracedsere
   70     | • "(...) block"
   71     | • "opening parenthesis" sere "closing parenthesis"
   72     | • "opening parenthesis" error "closing parenthesis"
   73     | • "opening parenthesis" sere "end of formula"
   74     | • "opening parenthesis" error "end of formula"
   75     | • sere "and operator" sere
   76     | • sere "and operator" error
   77     | • sere "short and operator" sere
   78     | • sere "short and operator" error
   79     | • sere "or operator" sere
   80     | • sere "or operator" error
   81     | • sere "concat operator" sere
   81     | sere "concat operator" • sere
   82     | • sere "concat operator" error
   82     | sere "concat operator" • error
   83     | • sere ":" sere
   84     | • sere ":" error
   85     | • "SVA delay operator" sere
   86     | • "SVA delay operator" error
   87     | • sere "SVA delay operator" sere
   88     | • sere "SVA delay operator" error
   89     | • delayargs sere
   90     | • delayargs error
   91     | • sere delayargs sere
   92     | • sere delayargs error
   93     | • starargs
   94     | • sere starargs
   95     | • sere fstarargs
   96     | • sere equalargs
   97     | • sere gotoargs
   98     | • sere "xor operator" sere
   99     | • sere "xor operator" error
  100     | • sere "implication operator" sere
  101     | • sere "implication operator" error
  102     | • sere "equivalent operator" sere
  103     | • sere "equivalent operator" error
  104     | • "first_match" "opening parenthesis" sere "closing parenthesis"
  105 bracedsere: • "opening brace" sere "closing brace"
  106           | • "opening brace" sere error "closing brace"
  107           | • "opening brace" error "closing brace"
  108           | • "opening brace" sere "end of formula"
  109           | • "opening brace" sere error "end of formula"
  110           | • "opening brace" error "end of formula"
  111           | • "{...} block"

    error                                     shift, and go to state 322
    "opening parenthesis"                     shift, and go to state 55
    "(...) block"                             shift, and go to state 56
    "{...} block"                             shift, and go to state 9
    "opening brace"                           shift, and go to state 57
    "not operator"                            shift, and go to state 58
    "star operator"                           shift, and go to state 59
    "bracket star operator"                   shift, and go to state 60
    "plus operator"                           shift, and go to state 61
    "opening bracket for star operator"       shift, and go to state 62
    "first_match"                             shift, and go to state 63
    "atomic proposition"                      shift, and go to state 22
    "constant true"                           shift, and go to state 23
    "constant false"                          shift, and go to state 24
    "SVA delay operator"                      shift, and go to state 64
    "opening bracket for SVA delay operator"  shift, and go to state 65
    "##[+] operator"                          shift, and go to state 66
    "##[*] operator"                          shift, and go to state 67

    kleen_star   go to state 70
    starargs     go to state 71
    delayargs    go to state 72
    atomprop     go to state 28
    booleanatom  go to state 73
    sere         go to state 323
    bracedsere   go to state 75


State 184

   41 kleen_star: • "star operator"
   42           | • "bracket star operator"
   43 starargs: • kleen_star
   44         | • "plus operator"
   45         | • "opening bracket for star operator" sqbracketargs
   46         | • "opening bracket for star operator" error "closing bracket"
   47         | • "opening bracket for star operator" error_opt "end of formula"
   56 delayargs: • "opening bracket for SVA delay operator" sqbracketargs
   57          | • "opening bracket for SVA delay operator" error "closing bracket"
   58          | • "opening bracket for SVA delay operator" error_opt "end of formula"
   59          | • "##[+] operator"
   60          | • "##[*] operator"
   61 atomprop: • "atomic proposition"
   62 booleanatom: • atomprop
   63            | • atomprop "positive suffix"
   64            | • atomprop "negative suffix"
   65            | • "constant true"
   66            | • "constant false"
   67 sere: • booleanatom
   68     | • "not operator" sere
   69     | • bracedsere
   70     | • "(...) block"
   71     | • "opening parenthesis" sere "closing parenthesis"
   72     | • "opening parenthesis" error "closing parenthesis"
   73     | • "opening parenthesis" sere "end of formula"
   74     | • "opening parenthesis" error "end of formula"
   75     | • sere "and operator" sere
   76     | • sere "and operator" error
   77     | • sere "short and operator" sere
   78     | • sere "short and operator" error
   79     | • sere "or operator" sere
   80     | • sere "or operator" error
   81     | • sere "concat operator" sere
   82     | • sere "concat operator" error
   83     | • sere ":" sere
   83     | sere ":" • sere
   84     | • sere ":" error
   84     | sere ":" • error
   85     | • "SVA delay operator" sere
   86     | • "SVA delay operator" error
   87     | • sere "SVA delay operator" sere
   88     | • sere "SVA delay operator" error
   89     | • delayargs sere
   90     | • delayargs error
   91     | • sere delayargs sere
   92     | • sere delayargs error
   93     | • starargs
   94     | • sere starargs
   95     | • sere fstarargs
   96     | • sere equalargs
   97     | • sere gotoargs
   98     | • sere "xor operator" sere
   99     | • sere "xor operator" error
  100     | • sere "implication operator" sere
  101     | • sere "implication operator" error
  102     | • sere "equivalent operator" sere
  103     | • sere "equivalent operator" error
  104     | • "first_match" "opening parenthesis" sere "closing parenthesis"
  105 bracedsere: • "opening brace" sere "closing brace"
  106           | • "opening brace" sere error "closing brace"
  107           | • "opening brace" error "closing brace"
  108           | • "opening brace" sere "end of formula"
  109           | • "opening brace" sere error "end of formula"
  110           | • "opening brace" error "end of formula"
  111           | • "{...} block"

    error                                     shift, and go to state 324
    "opening parenthesis"                     shift, and go to state 55
    "(...) block"                             shift, and go to state 56
    "{...} block"                             shift, and go to state 9
    "opening brace"                           shift, and go to state 57
    "not operator"                            shift, and go to state 58
    "star operator"                           shift, and go to state 59
    "bracket star operator"                   shift, and go to state 60
    "plus operator"                           shift, and go to state 61
    "opening bracket for star operator"       shift, and go to state 62
    "first_match"                             shift, and go to state 63
    "atomic proposition"                      shift, and go to state 22
    "constant true"                           shift, and go to state 23
    "constant false"                          shift, and go to state 24
    "SVA delay operator"                      shift, and go to state 64
    "opening bracket for SVA delay operator"  shift, and go to state 65
    "##[+] operator"                          shift, and go to state 66
    "##[*] operator"                          shift, and go to state 67

    kleen_star   go to state 70
    starargs     go to state 71
    delayargs    go to state 72
    atomprop     go to state 28
    booleanatom  go to state 73
    sere         go to state 325
    bracedsere   go to state 75


State 185

   11 result: "SERE start marker" sere "end of formula" •

    $default  reduce using rule 11 (result)


State 186

   41 kleen_star: • "star operator"
   42           | • "bracket star operator"
   43 starargs: • kleen_star
   44         | • "plus operator"
   45         | • "opening bracket for star operator" sqbracketargs
   46         | • "opening bracket for star operator" error "closing bracket"
   47         | • "opening bracket for star operator" error_opt "end of formula"
   56 delayargs: • "opening bracket for SVA delay operator" sqbracketargs
   57          | • "opening bracket for SVA delay operator" error "closing bracket"
   58          | • "opening bracket for SVA delay operator" error_opt "end of formula"
   59          | • "##[+] operator"
   60          | • "##[*] operator"
   61 atomprop: • "atomic proposition"
   62 booleanatom: • atomprop
   63            | • atomprop "positive suffix"
   64            | • atomprop "negative suffix"
   65            | • "constant true"
   66            | • "constant false"
   67 sere: • booleanatom
   68     | • "not operator" sere
   69     | • bracedsere
   70     | • "(...) block"
   71     | • "opening parenthesis" sere "closing parenthesis"
   72     | • "opening parenthesis" error "closing parenthesis"
   73     | • "opening parenthesis" sere "end of formula"
   74     | • "opening parenthesis" error "end of formula"
   75     | • sere "and operator" sere
   76     | • sere "and operator" error
   77     | • sere "short and operator" sere
   78     | • sere "short and operator" error
   79     | • sere "or operator" sere
   80     | • sere "or operator" error
   81     | • sere "concat operator" sere
   82     | • sere "concat operator" error
   83     | • sere ":" sere
   84     | • sere ":" error
   85     | • "SVA delay operator" sere
   86     | • "SVA delay operator" error
   87     | • sere "SVA delay operator" sere
   87     | sere "SVA delay operator" • sere
   88     | • sere "SVA delay operator" error
   88     | sere "SVA delay operator" • error
   89     | • delayargs sere
   90     | • delayargs error
   91     | • sere delayargs sere
   92     | • sere delayargs error
   93     | • starargs
   94     | • sere starargs
   95     | • sere fstarargs
   96     | • sere equalargs
   97     | • sere gotoargs
   98     | • sere "xor operator" sere
   99     | • sere "xor operator" error
  100     | • sere "implication operator" sere
  101     | • sere "implication operator" error
  102     | • sere "equivalent operator" sere
  103     | • sere "equivalent operator" error
  104     | • "first_match" "opening parenthesis" sere "closing parenthesis"
  105 bracedsere: • "opening brace" sere "closing brace"
  106           | • "opening brace" sere error "closing brace"
  107           | • "opening brace" error "closing brace"
  108           | • "opening brace" sere "end of formula"
  109           | • "opening brace" sere error "end of formula"
  110           | • "opening brace" error "end of formula"
  111           | • "{...} block"

    error                                     shift, and go to state 326
    "opening parenthesis"                     shift, and go to state 55
    "(...) block"                             shift, and go to state 56
    "{...} block"                             shift, and go to state 9
    "opening brace"                           shift, and go to state 57
    "not operator"                            shift, and go to state 58
    "star operator"                           shift, and go to state 59
    "bracket star operator"                   shift, and go to state 60
    "plus operator"                           shift, and go to state 61
    "opening bracket for star operator"       shift, and go to state 62
    "first_match"                             shift, and go to state 63
    "atomic proposition"                      shift, and go to state 22
    "constant true"                           shift, and go to state 23
    "constant false"                          shift, and go to state 24
    "SVA delay operator"                      shift, and go to state 64
    "opening bracket for SVA delay operator"  shift, and go to state 65
    "##[+] operator"                          shift, and go to state 66
    "##[*] operator"                          shift, and go to state 67

    kleen_star   go to state 70
    starargs     go to state 71
    delayargs    go to state 72
    atomprop     go to state 28
    booleanatom  go to state 73
    sere         go to state 327
    bracedsere   go to state 75


State 187

   13 result: "SERE start marker" sere enderror •

    $default  reduce using rule 13 (result)


State 188

   97 sere: sere gotoargs •

    $default  reduce using rule 97 (sere)


State 189

   94 sere: sere starargs •

    $default  reduce using rule 94 (sere)


State 190

   95 sere: sere fstarargs •

    $default  reduce using rule 95 (sere)


State 191

   96 sere: sere equalargs •

    $default  reduce using rule 96 (sere)


State 192

   41 kleen_star: • "star operator"
   42           | • "bracket star operator"
   43 starargs: • kleen_star
   44         | • "plus operator"
   45         | • "opening bracket for star operator" sqbracketargs
   46         | • "opening bracket for star operator" error "closing bracket"
   47         | • "opening bracket for star operator" error_opt "end of formula"
   56 delayargs: • "opening bracket for SVA delay operator" sqbracketargs
   57          | • "opening bracket for SVA delay operator" error "closing bracket"
   58          | • "opening bracket for SVA delay operator" error_opt "end of formula"
   59          | • "##[+] operator"
   60          | • "##[*] operator"
   61 atomprop: • "atomic proposition"
   62 booleanatom: • atomprop
   63            | • atomprop "positive suffix"
   64            | • atomprop "negative suffix"
   65            | • "constant true"
   66            | • "constant false"
   67 sere: • booleanatom
   68     | • "not operator" sere
   69     | • bracedsere
   70     | • "(...) block"
   71     | • "opening parenthesis" sere "closing parenthesis"
   72     | • "opening parenthesis" error "closing parenthesis"
   73     | • "opening parenthesis" sere "end of formula"
   74     | • "opening parenthesis" error "end of formula"
   75     | • sere "and operator" sere
   76     | • sere "and operator" error
   77     | • sere "short and operator" sere
   78     | • sere "short and operator" error
   79     | • sere "or operator" sere
   80     | • sere "or operator" error
   81     | • sere "concat operator" sere
   82     | • sere "concat operator" error
   83     | • sere ":" sere
   84     | • sere ":" error
   85     | • "SVA delay operator" sere
   86     | • "SVA delay operator" error
   87     | • sere "SVA delay operator" sere
   88     | • sere "SVA delay operator" error
   89     | • delayargs sere
   90     | • delayargs error
   91     | • sere delayargs sere
   91     | sere delayargs • sere
   92     | • sere delayargs error
   92     | sere delayargs • error
   93     | • starargs
   94     | • sere starargs
   95     | • sere fstarargs
   96     | • sere equalargs
   97     | • sere gotoargs
   98     | • sere "xor operator" sere
   99     | • sere "xor operator" error
  100     | • sere "implication operator" sere
  101     | • sere "implication operator" error
  102     | • sere "equivalent operator" sere
  103     | • sere "equivalent operator" error
  104     | • "first_match" "opening parenthesis" sere "closing parenthesis"
  105 bracedsere: • "opening brace" sere "closing brace"
  106           | • "opening brace" sere error "closing brace"
  107           | • "opening brace" error "closing brace"
  108           | • "opening brace" sere "end of formula"
  109           | • "opening brace" sere error "end of formula"
  110           | • "opening brace" error "end of formula"
  111           | • "{...} block"

    error                                     shift, and go to state 328
    "opening parenthesis"                     shift, and go to state 55
    "(...) block"                             shift, and go to state 56
    "{...} block"                             shift, and go to state 9
    "opening brace"                           shift, and go to state 57
    "not operator"                            shift, and go to state 58
    "star operator"                           shift, and go to state 59
    "bracket star operator"                   shift, and go to state 60
    "plus operator"                           shift, and go to state 61
    "opening bracket for star operator"       shift, and go to state 62
    "first_match"                             shift, and go to state 63
    "atomic proposition"                      shift, and go to state 22
    "constant true"                           shift, and go to state 23
    "constant false"                          shift, and go to state 24
    "SVA delay operator"                      shift, and go to state 64
    "opening bracket for SVA delay operator"  shift, and go to state 65
    "##[+] operator"                          shift, and go to state 66
    "##[*] operator"                          shift, and go to state 67

    kleen_star   go to state 70
    starargs     go to state 71
    delayargs    go to state 72
    atomprop     go to state 28
    booleanatom  go to state 73
    sere         go to state 329
    bracedsere   go to state 75


State 193

  123 boolformula: "opening parenthesis" error • "closing parenthesis"
  126            | "opening parenthesis" error • "end of formula"

    "closing parenthesis"  shift, and go to state 330
    "end of formula"       shift, and go to state 331


State 194

  121 boolformula: "opening parenthesis" boolformula • "closing parenthesis"
  122            | "opening parenthesis" boolformula • error "closing parenthesis"
  124            | "opening parenthesis" boolformula • "end of formula"
  125            | "opening parenthesis" boolformula • error "end of formula"
  127            | boolformula • "and operator" boolformula
  128            | boolformula • "and operator" error
  129            | boolformula • "short and operator" boolformula
  130            | boolformula • "short and operator" error
  131            | boolformula • "star operator" boolformula
  132            | boolformula • "star operator" error
  133            | boolformula • "or operator" boolformula
  134            | boolformula • "or operator" error
  135            | boolformula • "xor operator" boolformula
  136            | boolformula • "xor operator" error
  137            | boolformula • "implication operator" boolformula
  138            | boolformula • "implication operator" error
  139            | boolformula • "equivalent operator" boolformula
  140            | boolformula • "equivalent operator" error

    error                   shift, and go to state 332
    "closing parenthesis"   shift, and go to state 333
    "or operator"           shift, and go to state 197
    "xor operator"          shift, and go to state 198
    "and operator"          shift, and go to state 199
    "short and operator"    shift, and go to state 200
    "implication operator"  shift, and go to state 201
    "equivalent operator"   shift, and go to state 202
    "star operator"         shift, and go to state 203
    "end of formula"        shift, and go to state 334


State 195

  142 boolformula: "not operator" error •

    $default  reduce using rule 142 (boolformula)


State 196

  127 boolformula: boolformula • "and operator" boolformula
  128            | boolformula • "and operator" error
  129            | boolformula • "short and operator" boolformula
  130            | boolformula • "short and operator" error
  131            | boolformula • "star operator" boolformula
  132            | boolformula • "star operator" error
  133            | boolformula • "or operator" boolformula
  134            | boolformula • "or operator" error
  135            | boolformula • "xor operator" boolformula
  136            | boolformula • "xor operator" error
  137            | boolformula • "implication operator" boolformula
  138            | boolformula • "implication operator" error
  139            | boolformula • "equivalent operator" boolformula
  140            | boolformula • "equivalent operator" error
  141            | "not operator" boolformula •  [error, "closing parenthesis", "or operator", "xor operator", "and operator", "short and operator", "implication operator", "equivalent operator", "star operator", "end of formula"]

    $default  reduce using rule 141 (boolformula)

    Conflict between rule 141 and token "or operator" resolved as reduce ("or operator" < "not operator").
    Conflict between rule 141 and token "xor operator" resolved as reduce ("xor operator" < "not operator").
    Conflict between rule 141 and token "and operator" resolved as reduce ("and operator" < "not operator").
    Conflict between rule 141 and token "short and operator" resolved as reduce ("short and operator" < "not operator").
    Conflict between rule 141 and token "implication operator" resolved as reduce ("implication operator" < "not operator").
    Conflict between rule 141 and token "equivalent operator" resolved as reduce ("equivalent operator" < "not operator").
    Conflict between rule 141 and token "star operator" resolved as reduce ("star operator" < "not operator").


State 197

   61 atomprop: • "atomic proposition"
   62 booleanatom: • atomprop
   63            | • atomprop "positive suffix"
   64            | • atomprop "negative suffix"
   65            | • "constant true"
   66            | • "constant false"
  119 boolformula: • booleanatom
  120            | • "(...) block"
  121            | • "opening parenthesis" boolformula "closing parenthesis"
  122            | • "opening parenthesis" boolformula error "closing parenthesis"
  123            | • "opening parenthesis" error "closing parenthesis"
  124            | • "opening parenthesis" boolformula "end of formula"
  125            | • "opening parenthesis" boolformula error "end of formula"
  126            | • "opening parenthesis" error "end of formula"
  127            | • boolformula "and operator" boolformula
  128            | • boolformula "and operator" error
  129            | • boolformula "short and operator" boolformula
  130            | • boolformula "short and operator" error
  131            | • boolformula "star operator" boolformula
  132            | • boolformula "star operator" error
  133            | • boolformula "or operator" boolformula
  133            | boolformula "or operator" • boolformula
  134            | • boolformula "or operator" error
  134            | boolformula "or operator" • error
  135            | • boolformula "xor operator" boolformula
  136            | • boolformula "xor operator" error
  137            | • boolformula "implication operator" boolformula
  138            | • boolformula "implication operator" error
  139            | • boolformula "equivalent operator" boolformula
  140            | • boolformula "equivalent operator" error
  141            | • "not operator" boolformula
  142            | • "not operator" error

    error                  shift, and go to state 335
    "opening parenthesis"  shift, and go to state 76
    "(...) block"          shift, and go to state 77
    "not operator"         shift, and go to state 78
    "atomic proposition"   shift, and go to state 22
    "constant true"        shift, and go to state 23
    "constant false"       shift, and go to state 24

    atomprop     go to state 28
    booleanatom  go to state 81
    boolformula  go to state 336


State 198

   61 atomprop: • "atomic proposition"
   62 booleanatom: • atomprop
   63            | • atomprop "positive suffix"
   64            | • atomprop "negative suffix"
   65            | • "constant true"
   66            | • "constant false"
  119 boolformula: • booleanatom
  120            | • "(...) block"
  121            | • "opening parenthesis" boolformula "closing parenthesis"
  122            | • "opening parenthesis" boolformula error "closing parenthesis"
  123            | • "opening parenthesis" error "closing parenthesis"
  124            | • "opening parenthesis" boolformula "end of formula"
  125            | • "opening parenthesis" boolformula error "end of formula"
  126            | • "opening parenthesis" error "end of formula"
  127            | • boolformula "and operator" boolformula
  128            | • boolformula "and operator" error
  129            | • boolformula "short and operator" boolformula
  130            | • boolformula "short and operator" error
  131            | • boolformula "star operator" boolformula
  132            | • boolformula "star operator" error
  133            | • boolformula "or operator" boolformula
  134            | • boolformula "or operator" error
  135            | • boolformula "xor operator" boolformula
  135            | boolformula "xor operator" • boolformula
  136            | • boolformula "xor operator" error
  136            | boolformula "xor operator" • error
  137            | • boolformula "implication operator" boolformula
  138            | • boolformula "implication operator" error
  139            | • boolformula "equivalent operator" boolformula
  140            | • boolformula "equivalent operator" error
  141            | • "not operator" boolformula
  142            | • "not operator" error

    error                  shift, and go to state 337
    "opening parenthesis"  shift, and go to state 76
    "(...) block"          shift, and go to state 77
    "not operator"         shift, and go to state 78
    "atomic proposition"   shift, and go to state 22
    "constant true"        shift, and go to state 23
    "constant false"       shift, and go to state 24

    atomprop     go to state 28
    booleanatom  go to state 81
    boolformula  go to state 338


State 199

   61 atomprop: • "atomic proposition"
   62 booleanatom: • atomprop
   63            | • atomprop "positive suffix"
   64            | • atomprop "negative suffix"
   65            | • "constant true"
   66            | • "constant false"
  119 boolformula: • booleanatom
  120            | • "(...) block"
  121            | • "opening parenthesis" boolformula "closing parenthesis"
  122            | • "opening parenthesis" boolformula error "closing parenthesis"
  123            | • "opening parenthesis" error "closing parenthesis"
  124            | • "opening parenthesis" boolformula "end of formula"
  125            | • "opening parenthesis" boolformula error "end of formula"
  126            | • "opening parenthesis" error "end of formula"
  127            | • boolformula "and operator" boolformula
  127            | boolformula "and operator" • boolformula
  128            | • boolformula "and operator" error
  128            | boolformula "and operator" • error
  129            | • boolformula "short and operator" boolformula
  130            | • boolformula "short and operator" error
  131            | • boolformula "star operator" boolformula
  132            | • boolformula "star operator" error
  133            | • boolformula "or operator" boolformula
  134            | • boolformula "or operator" error
  135            | • boolformula "xor operator" boolformula
  136            | • boolformula "xor operator" error
  137            | • boolformula "implication operator" boolformula
  138            | • boolformula "implication operator" error
  139            | • boolformula "equivalent operator" boolformula
  140            | • boolformula "equivalent operator" error
  141            | • "not operator" boolformula
  142            | • "not operator" error

    error                  shift, and go to state 339
    "opening parenthesis"  shift, and go to state 76
    "(...) block"          shift, and go to state 77
    "not operator"         shift, and go to state 78
    "atomic proposition"   shift, and go to state 22
    "constant true"        shift, and go to state 23
    "constant false"       shift, and go to state 24

    atomprop     go to state 28
    booleanatom  go to state 81
    boolformula  go to state 340


State 200

   61 atomprop: • "atomic proposition"
   62 booleanatom: • atomprop
   63            | • atomprop "positive suffix"
   64            | • atomprop "negative suffix"
   65            | • "constant true"
   66            | • "constant false"
  119 boolformula: • booleanatom
  120            | • "(...) block"
  121            | • "opening parenthesis" boolformula "closing parenthesis"
  122            | • "opening parenthesis" boolformula error "closing parenthesis"
  123            | • "opening parenthesis" error "closing parenthesis"
  124            | • "opening parenthesis" boolformula "end of formula"
  125            | • "opening parenthesis" boolformula error "end of formula"
  126            | • "opening parenthesis" error "end of formula"
  127            | • boolformula "and operator" boolformula
  128            | • boolformula "and operator" error
  129            | • boolformula "short and operator" boolformula
  129            | boolformula "short and operator" • boolformula
  130            | • boolformula "short and operator" error
  130            | boolformula "short and operator" • error
  131            | • boolformula "star operator" boolformula
  132            | • boolformula "star operator" error
  133            | • boolformula "or operator" boolformula
  134            | • boolformula "or operator" error
  135            | • boolformula "xor operator" boolformula
  136            | • boolformula "xor operator" error
  137            | • boolformula "implication operator" boolformula
  138            | • boolformula "implication operator" error
  139            | • boolformula "equivalent operator" boolformula
  140            | • boolformula "equivalent operator" error
  141            | • "not operator" boolformula
  142            | • "not operator" error

    error                  shift, and go to state 341
    "opening parenthesis"  shift, and go to state 76
    "(...) block"          shift, and go to state 77
    "not operator"         shift, and go to state 78
    "atomic proposition"   shift, and go to state 22
    "constant true"        shift, and go to state 23
    "constant false"       shift, and go to state 24

    atomprop     go to state 28
    booleanatom  go to state 81
    boolformula  go to state 342


State 201

   61 atomprop: • "atomic proposition"
   62 booleanatom: • atomprop
   63            | • atomprop "positive suffix"
   64            | • atomprop "negative suffix"
   65            | • "constant true"
   66            | • "constant false"
  119 boolformula: • booleanatom
  120            | • "(...) block"
  121            | • "opening parenthesis" boolformula "closing parenthesis"
  122            | • "opening parenthesis" boolformula error "closing parenthesis"
  123            | • "opening parenthesis" error "closing parenthesis"
  124            | • "opening parenthesis" boolformula "end of formula"
  125            | • "opening parenthesis" boolformula error "end of formula"
  126            | • "opening parenthesis" error "end of formula"
  127            | • boolformula "and operator" boolformula
  128            | • boolformula "and operator" error
  129            | • boolformula "short and operator" boolformula
  130            | • boolformula "short and operator" error
  131            | • boolformula "star operator" boolformula
  132            | • boolformula "star operator" error
  133            | • boolformula "or operator" boolformula
  134            | • boolformula "or operator" error
  135            | • boolformula "xor operator" boolformula
  136            | • boolformula "xor operator" error
  137            | • boolformula "implication operator" boolformula
  137            | boolformula "implication operator" • boolformula
  138            | • boolformula "implication operator" error
  138            | boolformula "implication operator" • error
  139            | • boolformula "equivalent operator" boolformula
  140            | • boolformula "equivalent operator" error
  141            | • "not operator" boolformula
  142            | • "not operator" error

    error                  shift, and go to state 343
    "opening parenthesis"  shift, and go to state 76
    "(...) block"          shift, and go to state 77
    "not operator"         shift, and go to state 78
    "atomic proposition"   shift, and go to state 22
    "constant true"        shift, and go to state 23
    "constant false"       shift, and go to state 24

    atomprop     go to state 28
    booleanatom  go to state 81
    boolformula  go to state 344


State 202

   61 atomprop: • "atomic proposition"
   62 booleanatom: • atomprop
   63            | • atomprop "positive suffix"
   64            | • atomprop "negative suffix"
   65            | • "constant true"
   66            | • "constant false"
  119 boolformula: • booleanatom
  120            | • "(...) block"
  121            | • "opening parenthesis" boolformula "closing parenthesis"
  122            | • "opening parenthesis" boolformula error "closing parenthesis"
  123            | • "opening parenthesis" error "closing parenthesis"
  124            | • "opening parenthesis" boolformula "end of formula"
  125            | • "opening parenthesis" boolformula error "end of formula"
  126            | • "opening parenthesis" error "end of formula"
  127            | • boolformula "and operator" boolformula
  128            | • boolformula "and operator" error
  129            | • boolformula "short and operator" boolformula
  130            | • boolformula "short and operator" error
  131            | • boolformula "star operator" boolformula
  132            | • boolformula "star operator" error
  133            | • boolformula "or operator" boolformula
  134            | • boolformula "or operator" error
  135            | • boolformula "xor operator" boolformula
  136            | • boolformula "xor operator" error
  137            | • boolformula "implication operator" boolformula
  138            | • boolformula "implication operator" error
  139            | • boolformula "equivalent operator" boolformula
  139            | boolformula "equivalent operator" • boolformula
  140            | • boolformula "equivalent operator" error
  140            | boolformula "equivalent operator" • error
  141            | • "not operator" boolformula
  142            | • "not operator" error

    error                  shift, and go to state 345
    "opening parenthesis"  shift, and go to state 76
    "(...) block"          shift, and go to state 77
    "not operator"         shift, and go to state 78
    "atomic proposition"   shift, and go to state 22
    "constant true"        shift, and go to state 23
    "constant false"       shift, and go to state 24

    atomprop     go to state 28
    booleanatom  go to state 81
    boolformula  go to state 346


State 203

   61 atomprop: • "atomic proposition"
   62 booleanatom: • atomprop
   63            | • atomprop "positive suffix"
   64            | • atomprop "negative suffix"
   65            | • "constant true"
   66            | • "constant false"
  119 boolformula: • booleanatom
  120            | • "(...) block"
  121            | • "opening parenthesis" boolformula "closing parenthesis"
  122            | • "opening parenthesis" boolformula error "closing parenthesis"
  123            | • "opening parenthesis" error "closing parenthesis"
  124            | • "opening parenthesis" boolformula "end of formula"
  125            | • "opening parenthesis" boolformula error "end of formula"
  126            | • "opening parenthesis" error "end of formula"
  127            | • boolformula "and operator" boolformula
  128            | • boolformula "and operator" error
  129            | • boolformula "short and operator" boolformula
  130            | • boolformula "short and operator" error
  131            | • boolformula "star operator" boolformula
  131            | boolformula "star operator" • boolformula
  132            | • boolformula "star operator" error
  132            | boolformula "star operator" • error
  133            | • boolformula "or operator" boolformula
  134            | • boolformula "or operator" error
  135            | • boolformula "xor operator" boolformula
  136            | • boolformula "xor operator" error
  137            | • boolformula "implication operator" boolformula
  138            | • boolformula "implication operator" error
  139            | • boolformula "equivalent operator" boolformula
  140            | • boolformula "equivalent operator" error
  141            | • "not operator" boolformula
  142            | • "not operator" error

    error                  shift, and go to state 347
    "opening parenthesis"  shift, and go to state 76
    "(...) block"          shift, and go to state 77
    "not operator"         shift, and go to state 78
    "atomic proposition"   shift, and go to state 22
    "constant true"        shift, and go to state 23
    "constant false"       shift, and go to state 24

    atomprop     go to state 28
    booleanatom  go to state 81
    boolformula  go to state 348


State 204

    7 result: "BOOLEAN start marker" boolformula "end of formula" •

    $default  reduce using rule 7 (result)


State 205

    9 result: "BOOLEAN start marker" boolformula enderror •

    $default  reduce using rule 9 (result)


State 206

  115 parenthesedsubformula: "opening parenthesis" error "closing parenthesis" •

    $default  reduce using rule 115 (parenthesedsubformula)


State 207

  118 parenthesedsubformula: "opening parenthesis" error "end of formula" •

    $default  reduce using rule 118 (parenthesedsubformula)


State 208

  114 parenthesedsubformula: "opening parenthesis" subformula error • "closing parenthesis"
  117                      | "opening parenthesis" subformula error • "end of formula"

    "closing parenthesis"  shift, and go to state 349
    "end of formula"       shift, and go to state 350


State 209

  113 parenthesedsubformula: "opening parenthesis" subformula "closing parenthesis" •

    $default  reduce using rule 113 (parenthesedsubformula)


State 210

  116 parenthesedsubformula: "opening parenthesis" subformula "end of formula" •

    $default  reduce using rule 116 (parenthesedsubformula)


State 211

  107 bracedsere: "opening brace" error "closing brace" •

    $default  reduce using rule 107 (bracedsere)


State 212

  110 bracedsere: "opening brace" error "end of formula" •

    $default  reduce using rule 110 (bracedsere)


State 213

  106 bracedsere: "opening brace" sere error • "closing brace"
  109           | "opening brace" sere error • "end of formula"

    "closing brace"   shift, and go to state 351
    "end of formula"  shift, and go to state 352


State 214

  105 bracedsere: "opening brace" sere "closing brace" •

    $default  reduce using rule 105 (bracedsere)


State 215

  227 subformula: "opening brace" sere "closing brace-bang" •

    $default  reduce using rule 227 (subformula)


State 216

  108 bracedsere: "opening brace" sere "end of formula" •

    $default  reduce using rule 108 (bracedsere)


State 217

   61 atomprop: • "atomic proposition"
  145 aplist: aplist "," • atomprop

    "atomic proposition"  shift, and go to state 22

    atomprop  go to state 353


State 218

   61 atomprop: • "atomic proposition"
   62 booleanatom: • atomprop
   63            | • atomprop "positive suffix"
   64            | • atomprop "negative suffix"
   65            | • "constant true"
   66            | • "constant false"
  105 bracedsere: • "opening brace" sere "closing brace"
  106           | • "opening brace" sere error "closing brace"
  107           | • "opening brace" error "closing brace"
  108           | • "opening brace" sere "end of formula"
  109           | • "opening brace" sere error "end of formula"
  110           | • "opening brace" error "end of formula"
  111           | • "{...} block"
  112 parenthesedsubformula: • "(...) block"
  113                      | • "opening parenthesis" subformula "closing parenthesis"
  114                      | • "opening parenthesis" subformula error "closing parenthesis"
  115                      | • "opening parenthesis" error "closing parenthesis"
  116                      | • "opening parenthesis" subformula "end of formula"
  117                      | • "opening parenthesis" subformula error "end of formula"
  118                      | • "opening parenthesis" error "end of formula"
  146 maybequantifiedformula: • subformula
  147                       | • quantifiedformula
  148 exists_or_forall: • "exists operator"
  149                 | • "forall operator"
  150 quantifiedformula: • "exists operator" aplist ":" maybequantifiedformula
  150                  | "exists operator" aplist ":" • maybequantifiedformula
  151                  | • "forall operator" aplist ":" maybequantifiedformula
  152                  | • exists_or_forall error ":" maybequantifiedformula
  153                  | • exists_or_forall error_opt "end of formula"
  154 subformula: • booleanatom
  155           | • parenthesedsubformula
  156           | • subformula "and operator" subformula
  157           | • subformula "and operator" error
  158           | • subformula "short and operator" subformula
  159           | • subformula "short and operator" error
  160           | • subformula "star operator" subformula
  161           | • subformula "star operator" error
  162           | • subformula "or operator" subformula
  163           | • subformula "or operator" error
  164           | • subformula "xor operator" subformula
  165           | • subformula "xor operator" error
  166           | • subformula "implication operator" subformula
  167           | • subformula "implication operator" error
  168           | • subformula "equivalent operator" subformula
  169           | • subformula "equivalent operator" error
  170           | • subformula "until operator" subformula
  171           | • subformula "until operator" error
  172           | • subformula "release operator" subformula
  173           | • subformula "release operator" error
  174           | • subformula "weak until operator" subformula
  175           | • subformula "weak until operator" error
  176           | • subformula "strong release operator" subformula
  177           | • subformula "strong release operator" error
  178           | • "sometimes operator" subformula
  179           | • "sometimes operator" error
  180           | • "F[.] operator" sqbkt_num "closing bracket" subformula
  181           | • "F[.] operator" sqbkt_num "closing !]" subformula
  182           | • "F[.] operator" sqbkt_num "separator for square bracket operator" sqbkt_num "closing bracket" subformula
  183           | • "F[.] operator" sqbkt_num "separator for square bracket operator" sqbkt_num "closing !]" subformula
  184           | • "F[.] operator" sqbkt_num OP_SQBKT_SEP_unbounded "closing bracket" subformula
  185           | • "F[.] operator" sqbkt_num OP_SQBKT_SEP_unbounded "closing !]" subformula
  186           | • "F[.] operator" sqbkt_num "separator for square bracket operator" sqbkt_num "closing bracket" error
  187           | • "F[.] operator" sqbkt_num "separator for square bracket operator" sqbkt_num "closing !]" error
  188           | • "F[.] operator" error_opt "end of formula"
  189           | • "F[.] operator" error "closing bracket" subformula
  190           | • "F[.] operator" error "closing !]" subformula
  191           | • "always operator" subformula
  192           | • "always operator" error
  193           | • "G[.] operator" sqbkt_num "separator for square bracket operator" sqbkt_num "closing bracket" subformula
  194           | • "G[.] operator" sqbkt_num "separator for square bracket operator" sqbkt_num "closing !]" subformula
  195           | • "G[.] operator" sqbkt_num OP_SQBKT_SEP_unbounded "closing bracket" subformula
  196           | • "G[.] operator" sqbkt_num OP_SQBKT_SEP_unbounded "closing !]" subformula
  197           | • "G[.] operator" sqbkt_num "closing bracket" subformula
  198           | • "G[.] operator" sqbkt_num "closing !]" subformula
  199           | • "G[.] operator" sqbkt_num "separator for square bracket operator" sqbkt_num "closing bracket" error
  200           | • "G[.] operator" sqbkt_num "separator for square bracket operator" sqbkt_num "closing !]" error
  201           | • "G[.] operator" error_opt "end of formula"
  202           | • "G[.] operator" error "closing bracket" subformula
  203           | • "G[.] operator" error "closing !]" subformula
  204           | • "next operator" subformula
  205           | • "next operator" error
  206           | • "strong next operator" subformula
  207           | • "strong next operator" error
  208           | • "X[.] operator" sqbkt_num "closing bracket" subformula
  209           | • "X[.] operator" sqbkt_num "closing bracket" error
  210           | • "X[.] operator" error "closing bracket" subformula
  211           | • "X[.] operator" "closing !]" subformula
  212           | • "X[.] operator" sqbkt_num "closing !]" subformula
  213           | • "X[.] operator" error "closing !]" subformula
  214           | • "X[.] operator" error_opt "end of formula"
  215           | • "not operator" subformula
  216           | • "not operator" error
  217           | • bracedsere
  218           | • bracedsere "universal concat operator" subformula
  219           | • bracedsere parenthesedsubformula
  220           | • bracedsere "universal concat operator" error
  221           | • bracedsere "existential concat operator" subformula
  222           | • bracedsere "existential concat operator" error
  223           | • bracedsere "universal non-overlapping concat operator" subformula
  224           | • bracedsere "universal non-overlapping concat operator" error
  225           | • bracedsere "existential non-overlapping concat operator" subformula
  226           | • bracedsere "existential non-overlapping concat operator" error
  227           | • "opening brace" sere "closing brace-bang"
  228           | • "{...}! block"

    "opening parenthesis"   shift, and go to state 7
    "(...) block"           shift, and go to state 8
    "{...} block"           shift, and go to state 9
    "{...}! block"          shift, and go to state 10
    "opening brace"         shift, and go to state 11
    "sometimes operator"    shift, and go to state 12
    "always operator"       shift, and go to state 13
    "next operator"         shift, and go to state 14
    "strong next operator"  shift, and go to state 15
    "exists operator"       shift, and go to state 16
    "forall operator"       shift, and go to state 17
    "not operator"          shift, and go to state 18
    "X[.] operator"         shift, and go to state 19
    "F[.] operator"         shift, and go to state 20
    "G[.] operator"         shift, and go to state 21
    "atomic proposition"    shift, and go to state 22
    "constant true"         shift, and go to state 23
    "constant false"        shift, and go to state 24

    atomprop                go to state 28
    booleanatom             go to state 29
    bracedsere              go to state 30
    parenthesedsubformula   go to state 31
    maybequantifiedformula  go to state 354
    exists_or_forall        go to state 32
    quantifiedformula       go to state 355
    subformula              go to state 356


State 219

  144 aplist: aplist atomprop •

    $default  reduce using rule 144 (aplist)


State 220

   61 atomprop: • "atomic proposition"
   62 booleanatom: • atomprop
   63            | • atomprop "positive suffix"
   64            | • atomprop "negative suffix"
   65            | • "constant true"
   66            | • "constant false"
  105 bracedsere: • "opening brace" sere "closing brace"
  106           | • "opening brace" sere error "closing brace"
  107           | • "opening brace" error "closing brace"
  108           | • "opening brace" sere "end of formula"
  109           | • "opening brace" sere error "end of formula"
  110           | • "opening brace" error "end of formula"
  111           | • "{...} block"
  112 parenthesedsubformula: • "(...) block"
  113                      | • "opening parenthesis" subformula "closing parenthesis"
  114                      | • "opening parenthesis" subformula error "closing parenthesis"
  115                      | • "opening parenthesis" error "closing parenthesis"
  116                      | • "opening parenthesis" subformula "end of formula"
  117                      | • "opening parenthesis" subformula error "end of formula"
  118                      | • "opening parenthesis" error "end of formula"
  146 maybequantifiedformula: • subformula
  147                       | • quantifiedformula
  148 exists_or_forall: • "exists operator"
  149                 | • "forall operator"
  150 quantifiedformula: • "exists operator" aplist ":" maybequantifiedformula
  151                  | • "forall operator" aplist ":" maybequantifiedformula
  151                  | "forall operator" aplist ":" • maybequantifiedformula
  152                  | • exists_or_forall error ":" maybequantifiedformula
  153                  | • exists_or_forall error_opt "end of formula"
  154 subformula: • booleanatom
  155           | • parenthesedsubformula
  156           | • subformula "and operator" subformula
  157           | • subformula "and operator" error
  158           | • subformula "short and operator" subformula
  159           | • subformula "short and operator" error
  160           | • subformula "star operator" subformula
  161           | • subformula "star operator" error
  162           | • subformula "or operator" subformula
  163           | • subformula "or operator" error
  164           | • subformula "xor operator" subformula
  165           | • subformula "xor operator" error
  166           | • subformula "implication operator" subformula
  167           | • subformula "implication operator" error
  168           | • subformula "equivalent operator" subformula
  169           | • subformula "equivalent operator" error
  170           | • subformula "until operator" subformula
  171           | • subformula "until operator" error
  172           | • subformula "release operator" subformula
  173           | • subformula "release operator" error
  174           | • subformula "weak until operator" subformula
  175           | • subformula "weak until operator" error
  176           | • subformula "strong release operator" subformula
  177           | • subformula "strong release operator" error
  178           | • "sometimes operator" subformula
  179           | • "sometimes operator" error
  180           | • "F[.] operator" sqbkt_num "closing bracket" subformula
  181           | • "F[.] operator" sqbkt_num "closing !]" subformula
  182           | • "F[.] operator" sqbkt_num "separator for square bracket operator" sqbkt_num "closing bracket" subformula
  183           | • "F[.] operator" sqbkt_num "separator for square bracket operator" sqbkt_num "closing !]" subformula
  184           | • "F[.] operator" sqbkt_num OP_SQBKT_SEP_unbounded "closing bracket" subformula
  185           | • "F[.] operator" sqbkt_num OP_SQBKT_SEP_unbounded "closing !]" subformula
  186           | • "F[.] operator" sqbkt_num "separator for square bracket operator" sqbkt_num "closing bracket" error
  187           | • "F[.] operator" sqbkt_num "separator for square bracket operator" sqbkt_num "closing !]" error
  188           | • "F[.] operator" error_opt "end of formula"
  189           | • "F[.] operator" error "closing bracket" subformula
  190           | • "F[.] operator" error "closing !]" subformula
  191           | • "always operator" subformula
  192           | • "always operator" error
  193           | • "G[.] operator" sqbkt_num "separator for square bracket operator" sqbkt_num "closing bracket" subformula
  194           | • "G[.] operator" sqbkt_num "separator for square bracket operator" sqbkt_num "closing !]" subformula
  195           | • "G[.] operator" sqbkt_num OP_SQBKT_SEP_unbounded "closing bracket" subformula
  196           | • "G[.] operator" sqbkt_num OP_SQBKT_SEP_unbounded "closing !]" subformula
  197           | • "G[.] operator" sqbkt_num "closing bracket" subformula
  198           | • "G[.] operator" sqbkt_num "closing !]" subformula
  199           | • "G[.] operator" sqbkt_num "separator for square bracket operator" sqbkt_num "closing bracket" error
  200           | • "G[.] operator" sqbkt_num "separator for square bracket operator" sqbkt_num "closing !]" error
  201           | • "G[.] operator" error_opt "end of formula"
  202           | • "G[.] operator" error "closing bracket" subformula
  203           | • "G[.] operator" error "closing !]" subformula
  204           | • "next operator" subformula
  205           | • "next operator" error
  206           | • "strong next operator" subformula
  207           | • "strong next operator" error
  208           | • "X[.] operator" sqbkt_num "closing bracket" subformula
  209           | • "X[.] operator" sqbkt_num "closing bracket" error
  210           | • "X[.] operator" error "closing bracket" subformula
  211           | • "X[.] operator" "closing !]" subformula
  212           | • "X[.] operator" sqbkt_num "closing !]" subformula
  213           | • "X[.] operator" error "closing !]" subformula
  214           | • "X[.] operator" error_opt "end of formula"
  215           | • "not operator" subformula
  216           | • "not operator" error
  217           | • bracedsere
  218           | • bracedsere "universal concat operator" subformula
  219           | • bracedsere parenthesedsubformula
  220           | • bracedsere "universal concat operator" error
  221           | • bracedsere "existential concat operator" subformula
  222           | • bracedsere "existential concat operator" error
  223           | • bracedsere "universal non-overlapping concat operator" subformula
  224           | • bracedsere "universal non-overlapping concat operator" error
  225           | • bracedsere "existential non-overlapping concat operator" subformula
  226           | • bracedsere "existential non-overlapping concat operator" error
  227           | • "opening brace" sere "closing brace-bang"
  228           | • "{...}! block"

    "opening parenthesis"   shift, and go to state 7
    "(...) block"           shift, and go to state 8
    "{...} block"           shift, and go to state 9
    "{...}! block"          shift, and go to state 10
    "opening brace"         shift, and go to state 11
    "sometimes operator"    shift, and go to state 12
    "always operator"       shift, and go to state 13
    "next operator"         shift, and go to state 14
    "strong next operator"  shift, and go to state 15
    "exists operator"       shift, and go to state 16
    "forall operator"       shift, and go to state 17
    "not operator"          shift, and go to state 18
    "X[.] operator"         shift, and go to state 19
    "F[.] operator"         shift, and go to state 20
    "G[.] operator"         shift, and go to state 21
    "atomic proposition"    shift, and go to state 22
    "constant true"         shift, and go to state 23
    "constant false"        shift, and go to state 24

    atomprop                go to state 28
    booleanatom             go to state 29
    bracedsere              go to state 30
    parenthesedsubformula   go to state 31
    maybequantifiedformula  go to state 357
    exists_or_forall        go to state 32
    quantifiedformula       go to state 355
    subformula              go to state 356


State 221

   61 atomprop: • "atomic proposition"
   62 booleanatom: • atomprop
   63            | • atomprop "positive suffix"
   64            | • atomprop "negative suffix"
   65            | • "constant true"
   66            | • "constant false"
  105 bracedsere: • "opening brace" sere "closing brace"
  106           | • "opening brace" sere error "closing brace"
  107           | • "opening brace" error "closing brace"
  108           | • "opening brace" sere "end of formula"
  109           | • "opening brace" sere error "end of formula"
  110           | • "opening brace" error "end of formula"
  111           | • "{...} block"
  112 parenthesedsubformula: • "(...) block"
  113                      | • "opening parenthesis" subformula "closing parenthesis"
  114                      | • "opening parenthesis" subformula error "closing parenthesis"
  115                      | • "opening parenthesis" error "closing parenthesis"
  116                      | • "opening parenthesis" subformula "end of formula"
  117                      | • "opening parenthesis" subformula error "end of formula"
  118                      | • "opening parenthesis" error "end of formula"
  154 subformula: • booleanatom
  155           | • parenthesedsubformula
  156           | • subformula "and operator" subformula
  157           | • subformula "and operator" error
  158           | • subformula "short and operator" subformula
  159           | • subformula "short and operator" error
  160           | • subformula "star operator" subformula
  161           | • subformula "star operator" error
  162           | • subformula "or operator" subformula
  163           | • subformula "or operator" error
  164           | • subformula "xor operator" subformula
  165           | • subformula "xor operator" error
  166           | • subformula "implication operator" subformula
  167           | • subformula "implication operator" error
  168           | • subformula "equivalent operator" subformula
  169           | • subformula "equivalent operator" error
  170           | • subformula "until operator" subformula
  171           | • subformula "until operator" error
  172           | • subformula "release operator" subformula
  173           | • subformula "release operator" error
  174           | • subformula "weak until operator" subformula
  175           | • subformula "weak until operator" error
  176           | • subformula "strong release operator" subformula
  177           | • subformula "strong release operator" error
  178           | • "sometimes operator" subformula
  179           | • "sometimes operator" error
  180           | • "F[.] operator" sqbkt_num "closing bracket" subformula
  181           | • "F[.] operator" sqbkt_num "closing !]" subformula
  182           | • "F[.] operator" sqbkt_num "separator for square bracket operator" sqbkt_num "closing bracket" subformula
  183           | • "F[.] operator" sqbkt_num "separator for square bracket operator" sqbkt_num "closing !]" subformula
  184           | • "F[.] operator" sqbkt_num OP_SQBKT_SEP_unbounded "closing bracket" subformula
  185           | • "F[.] operator" sqbkt_num OP_SQBKT_SEP_unbounded "closing !]" subformula
  186           | • "F[.] operator" sqbkt_num "separator for square bracket operator" sqbkt_num "closing bracket" error
  187           | • "F[.] operator" sqbkt_num "separator for square bracket operator" sqbkt_num "closing !]" error
  188           | • "F[.] operator" error_opt "end of formula"
  189           | • "F[.] operator" error "closing bracket" subformula
  190           | • "F[.] operator" error "closing !]" subformula
  191           | • "always operator" subformula
  192           | • "always operator" error
  193           | • "G[.] operator" sqbkt_num "separator for square bracket operator" sqbkt_num "closing bracket" subformula
  194           | • "G[.] operator" sqbkt_num "separator for square bracket operator" sqbkt_num "closing !]" subformula
  195           | • "G[.] operator" sqbkt_num OP_SQBKT_SEP_unbounded "closing bracket" subformula
  196           | • "G[.] operator" sqbkt_num OP_SQBKT_SEP_unbounded "closing !]" subformula
  197           | • "G[.] operator" sqbkt_num "closing bracket" subformula
  198           | • "G[.] operator" sqbkt_num "closing !]" subformula
  199           | • "G[.] operator" sqbkt_num "separator for square bracket operator" sqbkt_num "closing bracket" error
  200           | • "G[.] operator" sqbkt_num "separator for square bracket operator" sqbkt_num "closing !]" error
  201           | • "G[.] operator" error_opt "end of formula"
  202           | • "G[.] operator" error "closing bracket" subformula
  203           | • "G[.] operator" error "closing !]" subformula
  204           | • "next operator" subformula
  205           | • "next operator" error
  206           | • "strong next operator" subformula
  207           | • "strong next operator" error
  208           | • "X[.] operator" sqbkt_num "closing bracket" subformula
  209           | • "X[.] operator" sqbkt_num "closing bracket" error
  210           | • "X[.] operator" error "closing bracket" subformula
  210           | "X[.] operator" error "closing bracket" • subformula
  211           | • "X[.] operator" "closing !]" subformula
  212           | • "X[.] operator" sqbkt_num "closing !]" subformula
  213           | • "X[.] operator" error "closing !]" subformula
  214           | • "X[.] operator" error_opt "end of formula"
  215           | • "not operator" subformula
  216           | • "not operator" error
  217           | • bracedsere
  218           | • bracedsere "universal concat operator" subformula
  219           | • bracedsere parenthesedsubformula
  220           | • bracedsere "universal concat operator" error
  221           | • bracedsere "existential concat operator" subformula
  222           | • bracedsere "existential concat operator" error
  223           | • bracedsere "universal non-overlapping concat operator" subformula
  224           | • bracedsere "universal non-overlapping concat operator" error
  225           | • bracedsere "existential non-overlapping concat operator" subformula
  226           | • bracedsere "existential non-overlapping concat operator" error
  227           | • "opening brace" sere "closing brace-bang"
  228           | • "{...}! block"

    "opening parenthesis"   shift, and go to state 7
    "(...) block"           shift, and go to state 8
    "{...} block"           shift, and go to state 9
    "{...}! block"          shift, and go to state 10
    "opening brace"         shift, and go to state 11
    "sometimes operator"    shift, and go to state 12
    "always operator"       shift, and go to state 13
    "next operator"         shift, and go to state 14
    "strong next operator"  shift, and go to state 15
    "not operator"          shift, and go to state 18
    "X[.] operator"         shift, and go to state 19
    "F[.] operator"         shift, and go to state 20
    "G[.] operator"         shift, and go to state 21
    "atomic proposition"    shift, and go to state 22
    "constant true"         shift, and go to state 23
    "constant false"        shift, and go to state 24

    atomprop               go to state 28
    booleanatom            go to state 29
    bracedsere             go to state 30
    parenthesedsubformula  go to state 31
    subformula             go to state 358


State 222

   61 atomprop: • "atomic proposition"
   62 booleanatom: • atomprop
   63            | • atomprop "positive suffix"
   64            | • atomprop "negative suffix"
   65            | • "constant true"
   66            | • "constant false"
  105 bracedsere: • "opening brace" sere "closing brace"
  106           | • "opening brace" sere error "closing brace"
  107           | • "opening brace" error "closing brace"
  108           | • "opening brace" sere "end of formula"
  109           | • "opening brace" sere error "end of formula"
  110           | • "opening brace" error "end of formula"
  111           | • "{...} block"
  112 parenthesedsubformula: • "(...) block"
  113                      | • "opening parenthesis" subformula "closing parenthesis"
  114                      | • "opening parenthesis" subformula error "closing parenthesis"
  115                      | • "opening parenthesis" error "closing parenthesis"
  116                      | • "opening parenthesis" subformula "end of formula"
  117                      | • "opening parenthesis" subformula error "end of formula"
  118                      | • "opening parenthesis" error "end of formula"
  154 subformula: • booleanatom
  155           | • parenthesedsubformula
  156           | • subformula "and operator" subformula
  157           | • subformula "and operator" error
  158           | • subformula "short and operator" subformula
  159           | • subformula "short and operator" error
  160           | • subformula "star operator" subformula
  161           | • subformula "star operator" error
  162           | • subformula "or operator" subformula
  163           | • subformula "or operator" error
  164           | • subformula "xor operator" subformula
  165           | • subformula "xor operator" error
  166           | • subformula "implication operator" subformula
  167           | • subformula "implication operator" error
  168           | • subformula "equivalent operator" subformula
  169           | • subformula "equivalent operator" error
  170           | • subformula "until operator" subformula
  171           | • subformula "until operator" error
  172           | • subformula "release operator" subformula
  173           | • subformula "release operator" error
  174           | • subformula "weak until operator" subformula
  175           | • subformula "weak until operator" error
  176           | • subformula "strong release operator" subformula
  177           | • subformula "strong release operator" error
  178           | • "sometimes operator" subformula
  179           | • "sometimes operator" error
  180           | • "F[.] operator" sqbkt_num "closing bracket" subformula
  181           | • "F[.] operator" sqbkt_num "closing !]" subformula
  182           | • "F[.] operator" sqbkt_num "separator for square bracket operator" sqbkt_num "closing bracket" subformula
  183           | • "F[.] operator" sqbkt_num "separator for square bracket operator" sqbkt_num "closing !]" subformula
  184           | • "F[.] operator" sqbkt_num OP_SQBKT_SEP_unbounded "closing bracket" subformula
  185           | • "F[.] operator" sqbkt_num OP_SQBKT_SEP_unbounded "closing !]" subformula
  186           | • "F[.] operator" sqbkt_num "separator for square bracket operator" sqbkt_num "closing bracket" error
  187           | • "F[.] operator" sqbkt_num "separator for square bracket operator" sqbkt_num "closing !]" error
  188           | • "F[.] operator" error_opt "end of formula"
  189           | • "F[.] operator" error "closing bracket" subformula
  190           | • "F[.] operator" error "closing !]" subformula
  191           | • "always operator" subformula
  192           | • "always operator" error
  193           | • "G[.] operator" sqbkt_num "separator for square bracket operator" sqbkt_num "closing bracket" subformula
  194           | • "G[.] operator" sqbkt_num "separator for square bracket operator" sqbkt_num "closing !]" subformula
  195           | • "G[.] operator" sqbkt_num OP_SQBKT_SEP_unbounded "closing bracket" subformula
  196           | • "G[.] operator" sqbkt_num OP_SQBKT_SEP_unbounded "closing !]" subformula
  197           | • "G[.] operator" sqbkt_num "closing bracket" subformula
  198           | • "G[.] operator" sqbkt_num "closing !]" subformula
  199           | • "G[.] operator" sqbkt_num "separator for square bracket operator" sqbkt_num "closing bracket" error
  200           | • "G[.] operator" sqbkt_num "separator for square bracket operator" sqbkt_num "closing !]" error
  201           | • "G[.] operator" error_opt "end of formula"
  202           | • "G[.] operator" error "closing bracket" subformula
  203           | • "G[.] operator" error "closing !]" subformula
  204           | • "next operator" subformula
  205           | • "next operator" error
  206           | • "strong next operator" subformula
  207           | • "strong next operator" error
  208           | • "X[.] operator" sqbkt_num "closing bracket" subformula
  209           | • "X[.] operator" sqbkt_num "closing bracket" error
  210           | • "X[.] operator" error "closing bracket" subformula
  211           | • "X[.] operator" "closing !]" subformula
  212           | • "X[.] operator" sqbkt_num "closing !]" subformula
  213           | • "X[.] operator" error "closing !]" subformula
  213           | "X[.] operator" error "closing !]" • subformula
  214           | • "X[.] operator" error_opt "end of formula"
  215           | • "not operator" subformula
  216           | • "not operator" error
  217           | • bracedsere
  218           | • bracedsere "universal concat operator" subformula
  219           | • bracedsere parenthesedsubformula
  220           | • bracedsere "universal concat operator" error
  221           | • bracedsere "existential concat operator" subformula
  222           | • bracedsere "existential concat operator" error
  223           | • bracedsere "universal non-overlapping concat operator" subformula
  224           | • bracedsere "universal non-overlapping concat operator" error
  225           | • bracedsere "existential non-overlapping concat operator" subformula
  226           | • bracedsere "existential non-overlapping concat operator" error
  227           | • "opening brace" sere "closing brace-bang"
  228           | • "{...}! block"

    "opening parenthesis"   shift, and go to state 7
    "(...) block"           shift, and go to state 8
    "{...} block"           shift, and go to state 9
    "{...}! block"          shift, and go to state 10
    "opening brace"         shift, and go to state 11
    "sometimes operator"    shift, and go to state 12
    "always operator"       shift, and go to state 13
    "next operator"         shift, and go to state 14
    "strong next operator"  shift, and go to state 15
    "not operator"          shift, and go to state 18
    "X[.] operator"         shift, and go to state 19
    "F[.] operator"         shift, and go to state 20
    "G[.] operator"         shift, and go to state 21
    "atomic proposition"    shift, and go to state 22
    "constant true"         shift, and go to state 23
    "constant false"        shift, and go to state 24

    atomprop               go to state 28
    booleanatom            go to state 29
    bracedsere             go to state 30
    parenthesedsubformula  go to state 31
    subformula             go to state 359


State 223

  156 subformula: subformula • "and operator" subformula
  157           | subformula • "and operator" error
  158           | subformula • "short and operator" subformula
  159           | subformula • "short and operator" error
  160           | subformula • "star operator" subformula
  161           | subformula • "star operator" error
  162           | subformula • "or operator" subformula
  163           | subformula • "or operator" error
  164           | subformula • "xor operator" subformula
  165           | subformula • "xor operator" error
  166           | subformula • "implication operator" subformula
  167           | subformula • "implication operator" error
  168           | subformula • "equivalent operator" subformula
  169           | subformula • "equivalent operator" error
  170           | subformula • "until operator" subformula
  171           | subformula • "until operator" error
  172           | subformula • "release operator" subformula
  173           | subformula • "release operator" error
  174           | subformula • "weak until operator" subformula
  175           | subformula • "weak until operator" error
  176           | subformula • "strong release operator" subformula
  177           | subformula • "strong release operator" error
  211           | "X[.] operator" "closing !]" subformula •  [error, "closing parenthesis", "or operator", "xor operator", "and operator", "short and operator", "implication operator", "equivalent operator", "until operator", "release operator", "weak until operator", "strong release operator", "star operator", "end of formula"]

    $default  reduce using rule 211 (subformula)

    Conflict between rule 211 and token "or operator" resolved as reduce ("or operator" < "X[.] operator").
    Conflict between rule 211 and token "xor operator" resolved as reduce ("xor operator" < "X[.] operator").
    Conflict between rule 211 and token "and operator" resolved as reduce ("and operator" < "X[.] operator").
    Conflict between rule 211 and token "short and operator" resolved as reduce ("short and operator" < "X[.] operator").
    Conflict between rule 211 and token "implication operator" resolved as reduce ("implication operator" < "X[.] operator").
    Conflict between rule 211 and token "equivalent operator" resolved as reduce ("equivalent operator" < "X[.] operator").
    Conflict between rule 211 and token "until operator" resolved as reduce ("until operator" < "X[.] operator").
    Conflict between rule 211 and token "release operator" resolved as reduce ("release operator" < "X[.] operator").
    Conflict between rule 211 and token "weak until operator" resolved as reduce ("weak until operator" < "X[.] operator").
    Conflict between rule 211 and token "strong release operator" resolved as reduce ("strong release operator" < "X[.] operator").
    Conflict between rule 211 and token "star operator" resolved as reduce ("star operator" < "X[.] operator").


State 224

  214 subformula: "X[.] operator" error_opt "end of formula" •

    $default  reduce using rule 214 (subformula)


State 225

   61 atomprop: • "atomic proposition"
   62 booleanatom: • atomprop
   63            | • atomprop "positive suffix"
   64            | • atomprop "negative suffix"
   65            | • "constant true"
   66            | • "constant false"
  105 bracedsere: • "opening brace" sere "closing brace"
  106           | • "opening brace" sere error "closing brace"
  107           | • "opening brace" error "closing brace"
  108           | • "opening brace" sere "end of formula"
  109           | • "opening brace" sere error "end of formula"
  110           | • "opening brace" error "end of formula"
  111           | • "{...} block"
  112 parenthesedsubformula: • "(...) block"
  113                      | • "opening parenthesis" subformula "closing parenthesis"
  114                      | • "opening parenthesis" subformula error "closing parenthesis"
  115                      | • "opening parenthesis" error "closing parenthesis"
  116                      | • "opening parenthesis" subformula "end of formula"
  117                      | • "opening parenthesis" subformula error "end of formula"
  118                      | • "opening parenthesis" error "end of formula"
  154 subformula: • booleanatom
  155           | • parenthesedsubformula
  156           | • subformula "and operator" subformula
  157           | • subformula "and operator" error
  158           | • subformula "short and operator" subformula
  159           | • subformula "short and operator" error
  160           | • subformula "star operator" subformula
  161           | • subformula "star operator" error
  162           | • subformula "or operator" subformula
  163           | • subformula "or operator" error
  164           | • subformula "xor operator" subformula
  165           | • subformula "xor operator" error
  166           | • subformula "implication operator" subformula
  167           | • subformula "implication operator" error
  168           | • subformula "equivalent operator" subformula
  169           | • subformula "equivalent operator" error
  170           | • subformula "until operator" subformula
  171           | • subformula "until operator" error
  172           | • subformula "release operator" subformula
  173           | • subformula "release operator" error
  174           | • subformula "weak until operator" subformula
  175           | • subformula "weak until operator" error
  176           | • subformula "strong release operator" subformula
  177           | • subformula "strong release operator" error
  178           | • "sometimes operator" subformula
  179           | • "sometimes operator" error
  180           | • "F[.] operator" sqbkt_num "closing bracket" subformula
  181           | • "F[.] operator" sqbkt_num "closing !]" subformula
  182           | • "F[.] operator" sqbkt_num "separator for square bracket operator" sqbkt_num "closing bracket" subformula
  183           | • "F[.] operator" sqbkt_num "separator for square bracket operator" sqbkt_num "closing !]" subformula
  184           | • "F[.] operator" sqbkt_num OP_SQBKT_SEP_unbounded "closing bracket" subformula
  185           | • "F[.] operator" sqbkt_num OP_SQBKT_SEP_unbounded "closing !]" subformula
  186           | • "F[.] operator" sqbkt_num "separator for square bracket operator" sqbkt_num "closing bracket" error
  187           | • "F[.] operator" sqbkt_num "separator for square bracket operator" sqbkt_num "closing !]" error
  188           | • "F[.] operator" error_opt "end of formula"
  189           | • "F[.] operator" error "closing bracket" subformula
  190           | • "F[.] operator" error "closing !]" subformula
  191           | • "always operator" subformula
  192           | • "always operator" error
  193           | • "G[.] operator" sqbkt_num "separator for square bracket operator" sqbkt_num "closing bracket" subformula
  194           | • "G[.] operator" sqbkt_num "separator for square bracket operator" sqbkt_num "closing !]" subformula
  195           | • "G[.] operator" sqbkt_num OP_SQBKT_SEP_unbounded "closing bracket" subformula
  196           | • "G[.] operator" sqbkt_num OP_SQBKT_SEP_unbounded "closing !]" subformula
  197           | • "G[.] operator" sqbkt_num "closing bracket" subformula
  198           | • "G[.] operator" sqbkt_num "closing !]" subformula
  199           | • "G[.] operator" sqbkt_num "separator for square bracket operator" sqbkt_num "closing bracket" error
  200           | • "G[.] operator" sqbkt_num "separator for square bracket operator" sqbkt_num "closing !]" error
  201           | • "G[.] operator" error_opt "end of formula"
  202           | • "G[.] operator" error "closing bracket" subformula
  203           | • "G[.] operator" error "closing !]" subformula
  204           | • "next operator" subformula
  205           | • "next operator" error
  206           | • "strong next operator" subformula
  207           | • "strong next operator" error
  208           | • "X[.] operator" sqbkt_num "closing bracket" subformula
  208           | "X[.] operator" sqbkt_num "closing bracket" • subformula
  209           | • "X[.] operator" sqbkt_num "closing bracket" error
  209           | "X[.] operator" sqbkt_num "closing bracket" • error
  210           | • "X[.] operator" error "closing bracket" subformula
  211           | • "X[.] operator" "closing !]" subformula
  212           | • "X[.] operator" sqbkt_num "closing !]" subformula
  213           | • "X[.] operator" error "closing !]" subformula
  214           | • "X[.] operator" error_opt "end of formula"
  215           | • "not operator" subformula
  216           | • "not operator" error
  217           | • bracedsere
  218           | • bracedsere "universal concat operator" subformula
  219           | • bracedsere parenthesedsubformula
  220           | • bracedsere "universal concat operator" error
  221           | • bracedsere "existential concat operator" subformula
  222           | • bracedsere "existential concat operator" error
  223           | • bracedsere "universal non-overlapping concat operator" subformula
  224           | • bracedsere "universal non-overlapping concat operator" error
  225           | • bracedsere "existential non-overlapping concat operator" subformula
  226           | • bracedsere "existential non-overlapping concat operator" error
  227           | • "opening brace" sere "closing brace-bang"
  228           | • "{...}! block"

    error                   shift, and go to state 360
    "opening parenthesis"   shift, and go to state 7
    "(...) block"           shift, and go to state 8
    "{...} block"           shift, and go to state 9
    "{...}! block"          shift, and go to state 10
    "opening brace"         shift, and go to state 11
    "sometimes operator"    shift, and go to state 12
    "always operator"       shift, and go to state 13
    "next operator"         shift, and go to state 14
    "strong next operator"  shift, and go to state 15
    "not operator"          shift, and go to state 18
    "X[.] operator"         shift, and go to state 19
    "F[.] operator"         shift, and go to state 20
    "G[.] operator"         shift, and go to state 21
    "atomic proposition"    shift, and go to state 22
    "constant true"         shift, and go to state 23
    "constant false"        shift, and go to state 24

    atomprop               go to state 28
    booleanatom            go to state 29
    bracedsere             go to state 30
    parenthesedsubformula  go to state 31
    subformula             go to state 361


State 226

   61 atomprop: • "atomic proposition"
   62 booleanatom: • atomprop
   63            | • atomprop "positive suffix"
   64            | • atomprop "negative suffix"
   65            | • "constant true"
   66            | • "constant false"
  105 bracedsere: • "opening brace" sere "closing brace"
  106           | • "opening brace" sere error "closing brace"
  107           | • "opening brace" error "closing brace"
  108           | • "opening brace" sere "end of formula"
  109           | • "opening brace" sere error "end of formula"
  110           | • "opening brace" error "end of formula"
  111           | • "{...} block"
  112 parenthesedsubformula: • "(...) block"
  113                      | • "opening parenthesis" subformula "closing parenthesis"
  114                      | • "opening parenthesis" subformula error "closing parenthesis"
  115                      | • "opening parenthesis" error "closing parenthesis"
  116                      | • "opening parenthesis" subformula "end of formula"
  117                      | • "opening parenthesis" subformula error "end of formula"
  118                      | • "opening parenthesis" error "end of formula"
  154 subformula: • booleanatom
  155           | • parenthesedsubformula
  156           | • subformula "and operator" subformula
  157           | • subformula "and operator" error
  158           | • subformula "short and operator" subformula
  159           | • subformula "short and operator" error
  160           | • subformula "star operator" subformula
  161           | • subformula "star operator" error
  162           | • subformula "or operator" subformula
  163           | • subformula "or operator" error
  164           | • subformula "xor operator" subformula
  165           | • subformula "xor operator" error
  166           | • subformula "implication operator" subformula
  167           | • subformula "implication operator" error
  168           | • subformula "equivalent operator" subformula
  169           | • subformula "equivalent operator" error
  170           | • subformula "until operator" subformula
  171           | • subformula "until operator" error
  172           | • subformula "release operator" subformula
  173           | • subformula "release operator" error
  174           | • subformula "weak until operator" subformula
  175           | • subformula "weak until operator" error
  176           | • subformula "strong release operator" subformula
  177           | • subformula "strong release operator" error
  178           | • "sometimes operator" subformula
  179           | • "sometimes operator" error
  180           | • "F[.] operator" sqbkt_num "closing bracket" subformula
  181           | • "F[.] operator" sqbkt_num "closing !]" subformula
  182           | • "F[.] operator" sqbkt_num "separator for square bracket operator" sqbkt_num "closing bracket" subformula
  183           | • "F[.] operator" sqbkt_num "separator for square bracket operator" sqbkt_num "closing !]" subformula
  184           | • "F[.] operator" sqbkt_num OP_SQBKT_SEP_unbounded "closing bracket" subformula
  185           | • "F[.] operator" sqbkt_num OP_SQBKT_SEP_unbounded "closing !]" subformula
  186           | • "F[.] operator" sqbkt_num "separator for square bracket operator" sqbkt_num "closing bracket" error
  187           | • "F[.] operator" sqbkt_num "separator for square bracket operator" sqbkt_num "closing !]" error
  188           | • "F[.] operator" error_opt "end of formula"
  189           | • "F[.] operator" error "closing bracket" subformula
  190           | • "F[.] operator" error "closing !]" subformula
  191           | • "always operator" subformula
  192           | • "always operator" error
  193           | • "G[.] operator" sqbkt_num "separator for square bracket operator" sqbkt_num "closing bracket" subformula
  194           | • "G[.] operator" sqbkt_num "separator for square bracket operator" sqbkt_num "closing !]" subformula
  195           | • "G[.] operator" sqbkt_num OP_SQBKT_SEP_unbounded "closing bracket" subformula
  196           | • "G[.] operator" sqbkt_num OP_SQBKT_SEP_unbounded "closing !]" subformula
  197           | • "G[.] operator" sqbkt_num "closing bracket" subformula
  198           | • "G[.] operator" sqbkt_num "closing !]" subformula
  199           | • "G[.] operator" sqbkt_num "separator for square bracket operator" sqbkt_num "closing bracket" error
  200           | • "G[.] operator" sqbkt_num "separator for square bracket operator" sqbkt_num "closing !]" error
  201           | • "G[.] operator" error_opt "end of formula"
  202           | • "G[.] operator" error "closing bracket" subformula
  203           | • "G[.] operator" error "closing !]" subformula
  204           | • "next operator" subformula
  205           | • "next operator" error
  206           | • "strong next operator" subformula
  207           | • "strong next operator" error
  208           | • "X[.] operator" sqbkt_num "closing bracket" subformula
  209           | • "X[.] operator" sqbkt_num "closing bracket" error
  210           | • "X[.] operator" error "closing bracket" subformula
  211           | • "X[.] operator" "closing !]" subformula
  212           | • "X[.] operator" sqbkt_num "closing !]" subformula
  212           | "X[.] operator" sqbkt_num "closing !]" • subformula
  213           | • "X[.] operator" error "closing !]" subformula
  214           | • "X[.] operator" error_opt "end of formula"
  215           | • "not operator" subformula
  216           | • "not operator" error
  217           | • bracedsere
  218           | • bracedsere "universal concat operator" subformula
  219           | • bracedsere parenthesedsubformula
  220           | • bracedsere "universal concat operator" error
  221           | • bracedsere "existential concat operator" subformula
  222           | • bracedsere "existential concat operator" error
  223           | • bracedsere "universal non-overlapping concat operator" subformula
  224           | • bracedsere "universal non-overlapping concat operator" error
  225           | • bracedsere "existential non-overlapping concat operator" subformula
  226           | • bracedsere "existential non-overlapping concat operator" error
  227           | • "opening brace" sere "closing brace-bang"
  228           | • "{...}! block"

    "opening parenthesis"   shift, and go to state 7
    "(...) block"           shift, and go to state 8
    "{...} block"           shift, and go to state 9
    "{...}! block"          shift, and go to state 10
    "opening brace"         shift, and go to state 11
    "sometimes operator"    shift, and go to state 12
    "always operator"       shift, and go to state 13
    "next operator"         shift, and go to state 14
    "strong next operator"  shift, and go to state 15
    "not operator"          shift, and go to state 18
    "X[.] operator"         shift, and go to state 19
    "F[.] operator"         shift, and go to state 20
    "G[.] operator"         shift, and go to state 21
    "atomic proposition"    shift, and go to state 22
    "constant true"         shift, and go to state 23
    "constant false"        shift, and go to state 24

    atomprop               go to state 28
    booleanatom            go to state 29
    bracedsere             go to state 30
    parenthesedsubformula  go to state 31
    subformula             go to state 362


State 227

   61 atomprop: • "atomic proposition"
   62 booleanatom: • atomprop
   63            | • atomprop "positive suffix"
   64            | • atomprop "negative suffix"
   65            | • "constant true"
   66            | • "constant false"
  105 bracedsere: • "opening brace" sere "closing brace"
  106           | • "opening brace" sere error "closing brace"
  107           | • "opening brace" error "closing brace"
  108           | • "opening brace" sere "end of formula"
  109           | • "opening brace" sere error "end of formula"
  110           | • "opening brace" error "end of formula"
  111           | • "{...} block"
  112 parenthesedsubformula: • "(...) block"
  113                      | • "opening parenthesis" subformula "closing parenthesis"
  114                      | • "opening parenthesis" subformula error "closing parenthesis"
  115                      | • "opening parenthesis" error "closing parenthesis"
  116                      | • "opening parenthesis" subformula "end of formula"
  117                      | • "opening parenthesis" subformula error "end of formula"
  118                      | • "opening parenthesis" error "end of formula"
  154 subformula: • booleanatom
  155           | • parenthesedsubformula
  156           | • subformula "and operator" subformula
  157           | • subformula "and operator" error
  158           | • subformula "short and operator" subformula
  159           | • subformula "short and operator" error
  160           | • subformula "star operator" subformula
  161           | • subformula "star operator" error
  162           | • subformula "or operator" subformula
  163           | • subformula "or operator" error
  164           | • subformula "xor operator" subformula
  165           | • subformula "xor operator" error
  166           | • subformula "implication operator" subformula
  167           | • subformula "implication operator" error
  168           | • subformula "equivalent operator" subformula
  169           | • subformula "equivalent operator" error
  170           | • subformula "until operator" subformula
  171           | • subformula "until operator" error
  172           | • subformula "release operator" subformula
  173           | • subformula "release operator" error
  174           | • subformula "weak until operator" subformula
  175           | • subformula "weak until operator" error
  176           | • subformula "strong release operator" subformula
  177           | • subformula "strong release operator" error
  178           | • "sometimes operator" subformula
  179           | • "sometimes operator" error
  180           | • "F[.] operator" sqbkt_num "closing bracket" subformula
  181           | • "F[.] operator" sqbkt_num "closing !]" subformula
  182           | • "F[.] operator" sqbkt_num "separator for square bracket operator" sqbkt_num "closing bracket" subformula
  183           | • "F[.] operator" sqbkt_num "separator for square bracket operator" sqbkt_num "closing !]" subformula
  184           | • "F[.] operator" sqbkt_num OP_SQBKT_SEP_unbounded "closing bracket" subformula
  185           | • "F[.] operator" sqbkt_num OP_SQBKT_SEP_unbounded "closing !]" subformula
  186           | • "F[.] operator" sqbkt_num "separator for square bracket operator" sqbkt_num "closing bracket" error
  187           | • "F[.] operator" sqbkt_num "separator for square bracket operator" sqbkt_num "closing !]" error
  188           | • "F[.] operator" error_opt "end of formula"
  189           | • "F[.] operator" error "closing bracket" subformula
  189           | "F[.] operator" error "closing bracket" • subformula
  190           | • "F[.] operator" error "closing !]" subformula
  191           | • "always operator" subformula
  192           | • "always operator" error
  193           | • "G[.] operator" sqbkt_num "separator for square bracket operator" sqbkt_num "closing bracket" subformula
  194           | • "G[.] operator" sqbkt_num "separator for square bracket operator" sqbkt_num "closing !]" subformula
  195           | • "G[.] operator" sqbkt_num OP_SQBKT_SEP_unbounded "closing bracket" subformula
  196           | • "G[.] operator" sqbkt_num OP_SQBKT_SEP_unbounded "closing !]" subformula
  197           | • "G[.] operator" sqbkt_num "closing bracket" subformula
  198           | • "G[.] operator" sqbkt_num "closing !]" subformula
  199           | • "G[.] operator" sqbkt_num "separator for square bracket operator" sqbkt_num "closing bracket" error
  200           | • "G[.] operator" sqbkt_num "separator for square bracket operator" sqbkt_num "closing !]" error
  201           | • "G[.] operator" error_opt "end of formula"
  202           | • "G[.] operator" error "closing bracket" subformula
  203           | • "G[.] operator" error "closing !]" subformula
  204           | • "next operator" subformula
  205           | • "next operator" error
  206           | • "strong next operator" subformula
  207           | • "strong next operator" error
  208           | • "X[.] operator" sqbkt_num "closing bracket" subformula
  209           | • "X[.] operator" sqbkt_num "closing bracket" error
  210           | • "X[.] operator" error "closing bracket" subformula
  211           | • "X[.] operator" "closing !]" subformula
  212           | • "X[.] operator" sqbkt_num "closing !]" subformula
  213           | • "X[.] operator" error "closing !]" subformula
  214           | • "X[.] operator" error_opt "end of formula"
  215           | • "not operator" subformula
  216           | • "not operator" error
  217           | • bracedsere
  218           | • bracedsere "universal concat operator" subformula
  219           | • bracedsere parenthesedsubformula
  220           | • bracedsere "universal concat operator" error
  221           | • bracedsere "existential concat operator" subformula
  222           | • bracedsere "existential concat operator" error
  223           | • bracedsere "universal non-overlapping concat operator" subformula
  224           | • bracedsere "universal non-overlapping concat operator" error
  225           | • bracedsere "existential non-overlapping concat operator" subformula
  226           | • bracedsere "existential non-overlapping concat operator" error
  227           | • "opening brace" sere "closing brace-bang"
  228           | • "{...}! block"

    "opening parenthesis"   shift, and go to state 7
    "(...) block"           shift, and go to state 8
    "{...} block"           shift, and go to state 9
    "{...}! block"          shift, and go to state 10
    "opening brace"         shift, and go to state 11
    "sometimes operator"    shift, and go to state 12
    "always operator"       shift, and go to state 13
    "next operator"         shift, and go to state 14
    "strong next operator"  shift, and go to state 15
    "not operator"          shift, and go to state 18
    "X[.] operator"         shift, and go to state 19
    "F[.] operator"         shift, and go to state 20
    "G[.] operator"         shift, and go to state 21
    "atomic proposition"    shift, and go to state 22
    "constant true"         shift, and go to state 23
    "constant false"        shift, and go to state 24

    atomprop               go to state 28
    booleanatom            go to state 29
    bracedsere             go to state 30
    parenthesedsubformula  go to state 31
    subformula             go to state 363


State 228

   61 atomprop: • "atomic proposition"
   62 booleanatom: • atomprop
   63            | • atomprop "positive suffix"
   64            | • atomprop "negative suffix"
   65            | • "constant true"
   66            | • "constant false"
  105 bracedsere: • "opening brace" sere "closing brace"
  106           | • "opening brace" sere error "closing brace"
  107           | • "opening brace" error "closing brace"
  108           | • "opening brace" sere "end of formula"
  109           | • "opening brace" sere error "end of formula"
  110           | • "opening brace" error "end of formula"
  111           | • "{...} block"
  112 parenthesedsubformula: • "(...) block"
  113                      | • "opening parenthesis" subformula "closing parenthesis"
  114                      | • "opening parenthesis" subformula error "closing parenthesis"
  115                      | • "opening parenthesis" error "closing parenthesis"
  116                      | • "opening parenthesis" subformula "end of formula"
  117                      | • "opening parenthesis" subformula error "end of formula"
  118                      | • "opening parenthesis" error "end of formula"
  154 subformula: • booleanatom
  155           | • parenthesedsubformula
  156           | • subformula "and operator" subformula
  157           | • subformula "and operator" error
  158           | • subformula "short and operator" subformula
  159           | • subformula "short and operator" error
  160           | • subformula "star operator" subformula
  161           | • subformula "star operator" error
  162           | • subformula "or operator" subformula
  163           | • subformula "or operator" error
  164           | • subformula "xor operator" subformula
  165           | • subformula "xor operator" error
  166           | • subformula "implication operator" subformula
  167           | • subformula "implication operator" error
  168           | • subformula "equivalent operator" subformula
  169           | • subformula "equivalent operator" error
  170           | • subformula "until operator" subformula
  171           | • subformula "until operator" error
  172           | • subformula "release operator" subformula
  173           | • subformula "release operator" error
  174           | • subformula "weak until operator" subformula
  175           | • subformula "weak until operator" error
  176           | • subformula "strong release operator" subformula
  177           | • subformula "strong release operator" error
  178           | • "sometimes operator" subformula
  179           | • "sometimes operator" error
  180           | • "F[.] operator" sqbkt_num "closing bracket" subformula
  181           | • "F[.] operator" sqbkt_num "closing !]" subformula
  182           | • "F[.] operator" sqbkt_num "separator for square bracket operator" sqbkt_num "closing bracket" subformula
  183           | • "F[.] operator" sqbkt_num "separator for square bracket operator" sqbkt_num "closing !]" subformula
  184           | • "F[.] operator" sqbkt_num OP_SQBKT_SEP_unbounded "closing bracket" subformula
  185           | • "F[.] operator" sqbkt_num OP_SQBKT_SEP_unbounded "closing !]" subformula
  186           | • "F[.] operator" sqbkt_num "separator for square bracket operator" sqbkt_num "closing bracket" error
  187           | • "F[.] operator" sqbkt_num "separator for square bracket operator" sqbkt_num "closing !]" error
  188           | • "F[.] operator" error_opt "end of formula"
  189           | • "F[.] operator" error "closing bracket" subformula
  190           | • "F[.] operator" error "closing !]" subformula
  190           | "F[.] operator" error "closing !]" • subformula
  191           | • "always operator" subformula
  192           | • "always operator" error
  193           | • "G[.] operator" sqbkt_num "separator for square bracket operator" sqbkt_num "closing bracket" subformula
  194           | • "G[.] operator" sqbkt_num "separator for square bracket operator" sqbkt_num "closing !]" subformula
  195           | • "G[.] operator" sqbkt_num OP_SQBKT_SEP_unbounded "closing bracket" subformula
  196           | • "G[.] operator" sqbkt_num OP_SQBKT_SEP_unbounded "closing !]" subformula
  197           | • "G[.] operator" sqbkt_num "closing bracket" subformula
  198           | • "G[.] operator" sqbkt_num "closing !]" subformula
  199           | • "G[.] operator" sqbkt_num "separator for square bracket operator" sqbkt_num "closing bracket" error
  200           | • "G[.] operator" sqbkt_num "separator for square bracket operator" sqbkt_num "closing !]" error
  201           | • "G[.] operator" error_opt "end of formula"
  202           | • "G[.] operator" error "closing bracket" subformula
  203           | • "G[.] operator" error "closing !]" subformula
  204           | • "next operator" subformula
  205           | • "next operator" error
  206           | • "strong next operator" subformula
  207           | • "strong next operator" error
  208           | • "X[.] operator" sqbkt_num "closing bracket" subformula
  209           | • "X[.] operator" sqbkt_num "closing bracket" error
  210           | • "X[.] operator" error "closing bracket" subformula
  211           | • "X[.] operator" "closing !]" subformula
  212           | • "X[.] operator" sqbkt_num "closing !]" subformula
  213           | • "X[.] operator" error "closing !]" subformula
  214           | • "X[.] operator" error_opt "end of formula"
  215           | • "not operator" subformula
  216           | • "not operator" error
  217           | • bracedsere
  218           | • bracedsere "universal concat operator" subformula
  219           | • bracedsere parenthesedsubformula
  220           | • bracedsere "universal concat operator" error
  221           | • bracedsere "existential concat operator" subformula
  222           | • bracedsere "existential concat operator" error
  223           | • bracedsere "universal non-overlapping concat operator" subformula
  224           | • bracedsere "universal non-overlapping concat operator" error
  225           | • bracedsere "existential non-overlapping concat operator" subformula
  226           | • bracedsere "existential non-overlapping concat operator" error
  227           | • "opening brace" sere "closing brace-bang"
  228           | • "{...}! block"

    "opening parenthesis"   shift, and go to state 7
    "(...) block"           shift, and go to state 8
    "{...} block"           shift, and go to state 9
    "{...}! block"          shift, and go to state 10
    "opening brace"         shift, and go to state 11
    "sometimes operator"    shift, and go to state 12
    "always operator"       shift, and go to state 13
    "next operator"         shift, and go to state 14
    "strong next operator"  shift, and go to state 15
    "not operator"          shift, and go to state 18
    "X[.] operator"         shift, and go to state 19
    "F[.] operator"         shift, and go to state 20
    "G[.] operator"         shift, and go to state 21
    "atomic proposition"    shift, and go to state 22
    "constant true"         shift, and go to state 23
    "constant false"        shift, and go to state 24

    atomprop               go to state 28
    booleanatom            go to state 29
    bracedsere             go to state 30
    parenthesedsubformula  go to state 31
    subformula             go to state 364


State 229

  188 subformula: "F[.] operator" error_opt "end of formula" •

    $default  reduce using rule 188 (subformula)


State 230

   61 atomprop: • "atomic proposition"
   62 booleanatom: • atomprop
   63            | • atomprop "positive suffix"
   64            | • atomprop "negative suffix"
   65            | • "constant true"
   66            | • "constant false"
  105 bracedsere: • "opening brace" sere "closing brace"
  106           | • "opening brace" sere error "closing brace"
  107           | • "opening brace" error "closing brace"
  108           | • "opening brace" sere "end of formula"
  109           | • "opening brace" sere error "end of formula"
  110           | • "opening brace" error "end of formula"
  111           | • "{...} block"
  112 parenthesedsubformula: • "(...) block"
  113                      | • "opening parenthesis" subformula "closing parenthesis"
  114                      | • "opening parenthesis" subformula error "closing parenthesis"
  115                      | • "opening parenthesis" error "closing parenthesis"
  116                      | • "opening parenthesis" subformula "end of formula"
  117                      | • "opening parenthesis" subformula error "end of formula"
  118                      | • "opening parenthesis" error "end of formula"
  154 subformula: • booleanatom
  155           | • parenthesedsubformula
  156           | • subformula "and operator" subformula
  157           | • subformula "and operator" error
  158           | • subformula "short and operator" subformula
  159           | • subformula "short and operator" error
  160           | • subformula "star operator" subformula
  161           | • subformula "star operator" error
  162           | • subformula "or operator" subformula
  163           | • subformula "or operator" error
  164           | • subformula "xor operator" subformula
  165           | • subformula "xor operator" error
  166           | • subformula "implication operator" subformula
  167           | • subformula "implication operator" error
  168           | • subformula "equivalent operator" subformula
  169           | • subformula "equivalent operator" error
  170           | • subformula "until operator" subformula
  171           | • subformula "until operator" error
  172           | • subformula "release operator" subformula
  173           | • subformula "release operator" error
  174           | • subformula "weak until operator" subformula
  175           | • subformula "weak until operator" error
  176           | • subformula "strong release operator" subformula
  177           | • subformula "strong release operator" error
  178           | • "sometimes operator" subformula
  179           | • "sometimes operator" error
  180           | • "F[.] operator" sqbkt_num "closing bracket" subformula
  180           | "F[.] operator" sqbkt_num "closing bracket" • subformula
  181           | • "F[.] operator" sqbkt_num "closing !]" subformula
  182           | • "F[.] operator" sqbkt_num "separator for square bracket operator" sqbkt_num "closing bracket" subformula
  183           | • "F[.] operator" sqbkt_num "separator for square bracket operator" sqbkt_num "closing !]" subformula
  184           | • "F[.] operator" sqbkt_num OP_SQBKT_SEP_unbounded "closing bracket" subformula
  185           | • "F[.] operator" sqbkt_num OP_SQBKT_SEP_unbounded "closing !]" subformula
  186           | • "F[.] operator" sqbkt_num "separator for square bracket operator" sqbkt_num "closing bracket" error
  187           | • "F[.] operator" sqbkt_num "separator for square bracket operator" sqbkt_num "closing !]" error
  188           | • "F[.] operator" error_opt "end of formula"
  189           | • "F[.] operator" error "closing bracket" subformula
  190           | • "F[.] operator" error "closing !]" subformula
  191           | • "always operator" subformula
  192           | • "always operator" error
  193           | • "G[.] operator" sqbkt_num "separator for square bracket operator" sqbkt_num "closing bracket" subformula
  194           | • "G[.] operator" sqbkt_num "separator for square bracket operator" sqbkt_num "closing !]" subformula
  195           | • "G[.] operator" sqbkt_num OP_SQBKT_SEP_unbounded "closing bracket" subformula
  196           | • "G[.] operator" sqbkt_num OP_SQBKT_SEP_unbounded "closing !]" subformula
  197           | • "G[.] operator" sqbkt_num "closing bracket" subformula
  198           | • "G[.] operator" sqbkt_num "closing !]" subformula
  199           | • "G[.] operator" sqbkt_num "separator for square bracket operator" sqbkt_num "closing bracket" error
  200           | • "G[.] operator" sqbkt_num "separator for square bracket operator" sqbkt_num "closing !]" error
  201           | • "G[.] operator" error_opt "end of formula"
  202           | • "G[.] operator" error "closing bracket" subformula
  203           | • "G[.] operator" error "closing !]" subformula
  204           | • "next operator" subformula
  205           | • "next operator" error
  206           | • "strong next operator" subformula
  207           | • "strong next operator" error
  208           | • "X[.] operator" sqbkt_num "closing bracket" subformula
  209           | • "X[.] operator" sqbkt_num "closing bracket" error
  210           | • "X[.] operator" error "closing bracket" subformula
  211           | • "X[.] operator" "closing !]" subformula
  212           | • "X[.] operator" sqbkt_num "closing !]" subformula
  213           | • "X[.] operator" error "closing !]" subformula
  214           | • "X[.] operator" error_opt "end of formula"
  215           | • "not operator" subformula
  216           | • "not operator" error
  217           | • bracedsere
  218           | • bracedsere "universal concat operator" subformula
  219           | • bracedsere parenthesedsubformula
  220           | • bracedsere "universal concat operator" error
  221           | • bracedsere "existential concat operator" subformula
  222           | • bracedsere "existential concat operator" error
  223           | • bracedsere "universal non-overlapping concat operator" subformula
  224           | • bracedsere "universal non-overlapping concat operator" error
  225           | • bracedsere "existential non-overlapping concat operator" subformula
  226           | • bracedsere "existential non-overlapping concat operator" error
  227           | • "opening brace" sere "closing brace-bang"
  228           | • "{...}! block"

    "opening parenthesis"   shift, and go to state 7
    "(...) block"           shift, and go to state 8
    "{...} block"           shift, and go to state 9
    "{...}! block"          shift, and go to state 10
    "opening brace"         shift, and go to state 11
    "sometimes operator"    shift, and go to state 12
    "always operator"       shift, and go to state 13
    "next operator"         shift, and go to state 14
    "strong next operator"  shift, and go to state 15
    "not operator"          shift, and go to state 18
    "X[.] operator"         shift, and go to state 19
    "F[.] operator"         shift, and go to state 20
    "G[.] operator"         shift, and go to state 21
    "atomic proposition"    shift, and go to state 22
    "constant true"         shift, and go to state 23
    "constant false"        shift, and go to state 24

    atomprop               go to state 28
    booleanatom            go to state 29
    bracedsere             go to state 30
    parenthesedsubformula  go to state 31
    subformula             go to state 365


State 231

   61 atomprop: • "atomic proposition"
   62 booleanatom: • atomprop
   63            | • atomprop "positive suffix"
   64            | • atomprop "negative suffix"
   65            | • "constant true"
   66            | • "constant false"
  105 bracedsere: • "opening brace" sere "closing brace"
  106           | • "opening brace" sere error "closing brace"
  107           | • "opening brace" error "closing brace"
  108           | • "opening brace" sere "end of formula"
  109           | • "opening brace" sere error "end of formula"
  110           | • "opening brace" error "end of formula"
  111           | • "{...} block"
  112 parenthesedsubformula: • "(...) block"
  113                      | • "opening parenthesis" subformula "closing parenthesis"
  114                      | • "opening parenthesis" subformula error "closing parenthesis"
  115                      | • "opening parenthesis" error "closing parenthesis"
  116                      | • "opening parenthesis" subformula "end of formula"
  117                      | • "opening parenthesis" subformula error "end of formula"
  118                      | • "opening parenthesis" error "end of formula"
  154 subformula: • booleanatom
  155           | • parenthesedsubformula
  156           | • subformula "and operator" subformula
  157           | • subformula "and operator" error
  158           | • subformula "short and operator" subformula
  159           | • subformula "short and operator" error
  160           | • subformula "star operator" subformula
  161           | • subformula "star operator" error
  162           | • subformula "or operator" subformula
  163           | • subformula "or operator" error
  164           | • subformula "xor operator" subformula
  165           | • subformula "xor operator" error
  166           | • subformula "implication operator" subformula
  167           | • subformula "implication operator" error
  168           | • subformula "equivalent operator" subformula
  169           | • subformula "equivalent operator" error
  170           | • subformula "until operator" subformula
  171           | • subformula "until operator" error
  172           | • subformula "release operator" subformula
  173           | • subformula "release operator" error
  174           | • subformula "weak until operator" subformula
  175           | • subformula "weak until operator" error
  176           | • subformula "strong release operator" subformula
  177           | • subformula "strong release operator" error
  178           | • "sometimes operator" subformula
  179           | • "sometimes operator" error
  180           | • "F[.] operator" sqbkt_num "closing bracket" subformula
  181           | • "F[.] operator" sqbkt_num "closing !]" subformula
  181           | "F[.] operator" sqbkt_num "closing !]" • subformula
  182           | • "F[.] operator" sqbkt_num "separator for square bracket operator" sqbkt_num "closing bracket" subformula
  183           | • "F[.] operator" sqbkt_num "separator for square bracket operator" sqbkt_num "closing !]" subformula
  184           | • "F[.] operator" sqbkt_num OP_SQBKT_SEP_unbounded "closing bracket" subformula
  185           | • "F[.] operator" sqbkt_num OP_SQBKT_SEP_unbounded "closing !]" subformula
  186           | • "F[.] operator" sqbkt_num "separator for square bracket operator" sqbkt_num "closing bracket" error
  187           | • "F[.] operator" sqbkt_num "separator for square bracket operator" sqbkt_num "closing !]" error
  188           | • "F[.] operator" error_opt "end of formula"
  189           | • "F[.] operator" error "closing bracket" subformula
  190           | • "F[.] operator" error "closing !]" subformula
  191           | • "always operator" subformula
  192           | • "always operator" error
  193           | • "G[.] operator" sqbkt_num "separator for square bracket operator" sqbkt_num "closing bracket" subformula
  194           | • "G[.] operator" sqbkt_num "separator for square bracket operator" sqbkt_num "closing !]" subformula
  195           | • "G[.] operator" sqbkt_num OP_SQBKT_SEP_unbounded "closing bracket" subformula
  196           | • "G[.] operator" sqbkt_num OP_SQBKT_SEP_unbounded "closing !]" subformula
  197           | • "G[.] operator" sqbkt_num "closing bracket" subformula
  198           | • "G[.] operator" sqbkt_num "closing !]" subformula
  199           | • "G[.] operator" sqbkt_num "separator for square bracket operator" sqbkt_num "closing bracket" error
  200           | • "G[.] operator" sqbkt_num "separator for square bracket operator" sqbkt_num "closing !]" error
  201           | • "G[.] operator" error_opt "end of formula"
  202           | • "G[.] operator" error "closing bracket" subformula
  203           | • "G[.] operator" error "closing !]" subformula
  204           | • "next operator" subformula
  205           | • "next operator" error
  206           | • "strong next operator" subformula
  207           | • "strong next operator" error
  208           | • "X[.] operator" sqbkt_num "closing bracket" subformula
  209           | • "X[.] operator" sqbkt_num "closing bracket" error
  210           | • "X[.] operator" error "closing bracket" subformula
  211           | • "X[.] operator" "closing !]" subformula
  212           | • "X[.] operator" sqbkt_num "closing !]" subformula
  213           | • "X[.] operator" error "closing !]" subformula
  214           | • "X[.] operator" error_opt "end of formula"
  215           | • "not operator" subformula
  216           | • "not operator" error
  217           | • bracedsere
  218           | • bracedsere "universal concat operator" subformula
  219           | • bracedsere parenthesedsubformula
  220           | • bracedsere "universal concat operator" error
  221           | • bracedsere "existential concat operator" subformula
  222           | • bracedsere "existential concat operator" error
  223           | • bracedsere "universal non-overlapping concat operator" subformula
  224           | • bracedsere "universal non-overlapping concat operator" error
  225           | • bracedsere "existential non-overlapping concat operator" subformula
  226           | • bracedsere "existential non-overlapping concat operator" error
  227           | • "opening brace" sere "closing brace-bang"
  228           | • "{...}! block"

    "opening parenthesis"   shift, and go to state 7
    "(...) block"           shift, and go to state 8
    "{...} block"           shift, and go to state 9
    "{...}! block"          shift, and go to state 10
    "opening brace"         shift, and go to state 11
    "sometimes operator"    shift, and go to state 12
    "always operator"       shift, and go to state 13
    "next operator"         shift, and go to state 14
    "strong next operator"  shift, and go to state 15
    "not operator"          shift, and go to state 18
    "X[.] operator"         shift, and go to state 19
    "F[.] operator"         shift, and go to state 20
    "G[.] operator"         shift, and go to state 21
    "atomic proposition"    shift, and go to state 22
    "constant true"         shift, and go to state 23
    "constant false"        shift, and go to state 24

    atomprop               go to state 28
    booleanatom            go to state 29
    bracedsere             go to state 30
    parenthesedsubformula  go to state 31
    subformula             go to state 366


State 232

   21 OP_SQBKT_SEP_unbounded: "separator for square bracket operator" •  ["closing bracket", "closing !]"]
   22                       | "separator for square bracket operator" • "unbounded mark"
   27 sqbkt_num: • "number for square bracket operator"
  182 subformula: "F[.] operator" sqbkt_num "separator for square bracket operator" • sqbkt_num "closing bracket" subformula
  183           | "F[.] operator" sqbkt_num "separator for square bracket operator" • sqbkt_num "closing !]" subformula
  186           | "F[.] operator" sqbkt_num "separator for square bracket operator" • sqbkt_num "closing bracket" error
  187           | "F[.] operator" sqbkt_num "separator for square bracket operator" • sqbkt_num "closing !]" error

    "number for square bracket operator"  shift, and go to state 104
    "unbounded mark"                      shift, and go to state 288

    $default  reduce using rule 21 (OP_SQBKT_SEP_unbounded)

    sqbkt_num  go to state 367


State 233

  184 subformula: "F[.] operator" sqbkt_num OP_SQBKT_SEP_unbounded • "closing bracket" subformula
  185           | "F[.] operator" sqbkt_num OP_SQBKT_SEP_unbounded • "closing !]" subformula

    "closing bracket"  shift, and go to state 368
    "closing !]"       shift, and go to state 369


State 234

   61 atomprop: • "atomic proposition"
   62 booleanatom: • atomprop
   63            | • atomprop "positive suffix"
   64            | • atomprop "negative suffix"
   65            | • "constant true"
   66            | • "constant false"
  105 bracedsere: • "opening brace" sere "closing brace"
  106           | • "opening brace" sere error "closing brace"
  107           | • "opening brace" error "closing brace"
  108           | • "opening brace" sere "end of formula"
  109           | • "opening brace" sere error "end of formula"
  110           | • "opening brace" error "end of formula"
  111           | • "{...} block"
  112 parenthesedsubformula: • "(...) block"
  113                      | • "opening parenthesis" subformula "closing parenthesis"
  114                      | • "opening parenthesis" subformula error "closing parenthesis"
  115                      | • "opening parenthesis" error "closing parenthesis"
  116                      | • "opening parenthesis" subformula "end of formula"
  117                      | • "opening parenthesis" subformula error "end of formula"
  118                      | • "opening parenthesis" error "end of formula"
  154 subformula: • booleanatom
  155           | • parenthesedsubformula
  156           | • subformula "and operator" subformula
  157           | • subformula "and operator" error
  158           | • subformula "short and operator" subformula
  159           | • subformula "short and operator" error
  160           | • subformula "star operator" subformula
  161           | • subformula "star operator" error
  162           | • subformula "or operator" subformula
  163           | • subformula "or operator" error
  164           | • subformula "xor operator" subformula
  165           | • subformula "xor operator" error
  166           | • subformula "implication operator" subformula
  167           | • subformula "implication operator" error
  168           | • subformula "equivalent operator" subformula
  169           | • subformula "equivalent operator" error
  170           | • subformula "until operator" subformula
  171           | • subformula "until operator" error
  172           | • subformula "release operator" subformula
  173           | • subformula "release operator" error
  174           | • subformula "weak until operator" subformula
  175           | • subformula "weak until operator" error
  176           | • subformula "strong release operator" subformula
  177           | • subformula "strong release operator" error
  178           | • "sometimes operator" subformula
  179           | • "sometimes operator" error
  180           | • "F[.] operator" sqbkt_num "closing bracket" subformula
  181           | • "F[.] operator" sqbkt_num "closing !]" subformula
  182           | • "F[.] operator" sqbkt_num "separator for square bracket operator" sqbkt_num "closing bracket" subformula
  183           | • "F[.] operator" sqbkt_num "separator for square bracket operator" sqbkt_num "closing !]" subformula
  184           | • "F[.] operator" sqbkt_num OP_SQBKT_SEP_unbounded "closing bracket" subformula
  185           | • "F[.] operator" sqbkt_num OP_SQBKT_SEP_unbounded "closing !]" subformula
  186           | • "F[.] operator" sqbkt_num "separator for square bracket operator" sqbkt_num "closing bracket" error
  187           | • "F[.] operator" sqbkt_num "separator for square bracket operator" sqbkt_num "closing !]" error
  188           | • "F[.] operator" error_opt "end of formula"
  189           | • "F[.] operator" error "closing bracket" subformula
  190           | • "F[.] operator" error "closing !]" subformula
  191           | • "always operator" subformula
  192           | • "always operator" error
  193           | • "G[.] operator" sqbkt_num "separator for square bracket operator" sqbkt_num "closing bracket" subformula
  194           | • "G[.] operator" sqbkt_num "separator for square bracket operator" sqbkt_num "closing !]" subformula
  195           | • "G[.] operator" sqbkt_num OP_SQBKT_SEP_unbounded "closing bracket" subformula
  196           | • "G[.] operator" sqbkt_num OP_SQBKT_SEP_unbounded "closing !]" subformula
  197           | • "G[.] operator" sqbkt_num "closing bracket" subformula
  198           | • "G[.] operator" sqbkt_num "closing !]" subformula
  199           | • "G[.] operator" sqbkt_num "separator for square bracket operator" sqbkt_num "closing bracket" error
  200           | • "G[.] operator" sqbkt_num "separator for square bracket operator" sqbkt_num "closing !]" error
  201           | • "G[.] operator" error_opt "end of formula"
  202           | • "G[.] operator" error "closing bracket" subformula
  202           | "G[.] operator" error "closing bracket" • subformula
  203           | • "G[.] operator" error "closing !]" subformula
  204           | • "next operator" subformula
  205           | • "next operator" error
  206           | • "strong next operator" subformula
  207           | • "strong next operator" error
  208           | • "X[.] operator" sqbkt_num "closing bracket" subformula
  209           | • "X[.] operator" sqbkt_num "closing bracket" error
  210           | • "X[.] operator" error "closing bracket" subformula
  211           | • "X[.] operator" "closing !]" subformula
  212           | • "X[.] operator" sqbkt_num "closing !]" subformula
  213           | • "X[.] operator" error "closing !]" subformula
  214           | • "X[.] operator" error_opt "end of formula"
  215           | • "not operator" subformula
  216           | • "not operator" error
  217           | • bracedsere
  218           | • bracedsere "universal concat operator" subformula
  219           | • bracedsere parenthesedsubformula
  220           | • bracedsere "universal concat operator" error
  221           | • bracedsere "existential concat operator" subformula
  222           | • bracedsere "existential concat operator" error
  223           | • bracedsere "universal non-overlapping concat operator" subformula
  224           | • bracedsere "universal non-overlapping concat operator" error
  225           | • bracedsere "existential non-overlapping concat operator" subformula
  226           | • bracedsere "existential non-overlapping concat operator" error
  227           | • "opening brace" sere "closing brace-bang"
  228           | • "{...}! block"

    "opening parenthesis"   shift, and go to state 7
    "(...) block"           shift, and go to state 8
    "{...} block"           shift, and go to state 9
    "{...}! block"          shift, and go to state 10
    "opening brace"         shift, and go to state 11
    "sometimes operator"    shift, and go to state 12
    "always operator"       shift, and go to state 13
    "next operator"         shift, and go to state 14
    "strong next operator"  shift, and go to state 15
    "not operator"          shift, and go to state 18
    "X[.] operator"         shift, and go to state 19
    "F[.] operator"         shift, and go to state 20
    "G[.] operator"         shift, and go to state 21
    "atomic proposition"    shift, and go to state 22
    "constant true"         shift, and go to state 23
    "constant false"        shift, and go to state 24

    atomprop               go to state 28
    booleanatom            go to state 29
    bracedsere             go to state 30
    parenthesedsubformula  go to state 31
    subformula             go to state 370


State 235

   61 atomprop: • "atomic proposition"
   62 booleanatom: • atomprop
   63            | • atomprop "positive suffix"
   64            | • atomprop "negative suffix"
   65            | • "constant true"
   66            | • "constant false"
  105 bracedsere: • "opening brace" sere "closing brace"
  106           | • "opening brace" sere error "closing brace"
  107           | • "opening brace" error "closing brace"
  108           | • "opening brace" sere "end of formula"
  109           | • "opening brace" sere error "end of formula"
  110           | • "opening brace" error "end of formula"
  111           | • "{...} block"
  112 parenthesedsubformula: • "(...) block"
  113                      | • "opening parenthesis" subformula "closing parenthesis"
  114                      | • "opening parenthesis" subformula error "closing parenthesis"
  115                      | • "opening parenthesis" error "closing parenthesis"
  116                      | • "opening parenthesis" subformula "end of formula"
  117                      | • "opening parenthesis" subformula error "end of formula"
  118                      | • "opening parenthesis" error "end of formula"
  154 subformula: • booleanatom
  155           | • parenthesedsubformula
  156           | • subformula "and operator" subformula
  157           | • subformula "and operator" error
  158           | • subformula "short and operator" subformula
  159           | • subformula "short and operator" error
  160           | • subformula "star operator" subformula
  161           | • subformula "star operator" error
  162           | • subformula "or operator" subformula
  163           | • subformula "or operator" error
  164           | • subformula "xor operator" subformula
  165           | • subformula "xor operator" error
  166           | • subformula "implication operator" subformula
  167           | • subformula "implication operator" error
  168           | • subformula "equivalent operator" subformula
  169           | • subformula "equivalent operator" error
  170           | • subformula "until operator" subformula
  171           | • subformula "until operator" error
  172           | • subformula "release operator" subformula
  173           | • subformula "release operator" error
  174           | • subformula "weak until operator" subformula
  175           | • subformula "weak until operator" error
  176           | • subformula "strong release operator" subformula
  177           | • subformula "strong release operator" error
  178           | • "sometimes operator" subformula
  179           | • "sometimes operator" error
  180           | • "F[.] operator" sqbkt_num "closing bracket" subformula
  181           | • "F[.] operator" sqbkt_num "closing !]" subformula
  182           | • "F[.] operator" sqbkt_num "separator for square bracket operator" sqbkt_num "closing bracket" subformula
  183           | • "F[.] operator" sqbkt_num "separator for square bracket operator" sqbkt_num "closing !]" subformula
  184           | • "F[.] operator" sqbkt_num OP_SQBKT_SEP_unbounded "closing bracket" subformula
  185           | • "F[.] operator" sqbkt_num OP_SQBKT_SEP_unbounded "closing !]" subformula
  186           | • "F[.] operator" sqbkt_num "separator for square bracket operator" sqbkt_num "closing bracket" error
  187           | • "F[.] operator" sqbkt_num "separator for square bracket operator" sqbkt_num "closing !]" error
  188           | • "F[.] operator" error_opt "end of formula"
  189           | • "F[.] operator" error "closing bracket" subformula
  190           | • "F[.] operator" error "closing !]" subformula
  191           | • "always operator" subformula
  192           | • "always operator" error
  193           | • "G[.] operator" sqbkt_num "separator for square bracket operator" sqbkt_num "closing bracket" subformula
  194           | • "G[.] operator" sqbkt_num "separator for square bracket operator" sqbkt_num "closing !]" subformula
  195           | • "G[.] operator" sqbkt_num OP_SQBKT_SEP_unbounded "closing bracket" subformula
  196           | • "G[.] operator" sqbkt_num OP_SQBKT_SEP_unbounded "closing !]" subformula
  197           | • "G[.] operator" sqbkt_num "closing bracket" subformula
  198           | • "G[.] operator" sqbkt_num "closing !]" subformula
  199           | • "G[.] operator" sqbkt_num "separator for square bracket operator" sqbkt_num "closing bracket" error
  200           | • "G[.] operator" sqbkt_num "separator for square bracket operator" sqbkt_num "closing !]" error
  201           | • "G[.] operator" error_opt "end of formula"
  202           | • "G[.] operator" error "closing bracket" subformula
  203           | • "G[.] operator" error "closing !]" subformula
  203           | "G[.] operator" error "closing !]" • subformula
  204           | • "next operator" subformula
  205           | • "next operator" error
  206           | • "strong next operator" subformula
  207           | • "strong next operator" error
  208           | • "X[.] operator" sqbkt_num "closing bracket" subformula
  209           | • "X[.] operator" sqbkt_num "closing bracket" error
  210           | • "X[.] operator" error "closing bracket" subformula
  211           | • "X[.] operator" "closing !]" subformula
  212           | • "X[.] operator" sqbkt_num "closing !]" subformula
  213           | • "X[.] operator" error "closing !]" subformula
  214           | • "X[.] operator" error_opt "end of formula"
  215           | • "not operator" subformula
  216           | • "not operator" error
  217           | • bracedsere
  218           | • bracedsere "universal concat operator" subformula
  219           | • bracedsere parenthesedsubformula
  220           | • bracedsere "universal concat operator" error
  221           | • bracedsere "existential concat operator" subformula
  222           | • bracedsere "existential concat operator" error
  223           | • bracedsere "universal non-overlapping concat operator" subformula
  224           | • bracedsere "universal non-overlapping concat operator" error
  225           | • bracedsere "existential non-overlapping concat operator" subformula
  226           | • bracedsere "existential non-overlapping concat operator" error
  227           | • "opening brace" sere "closing brace-bang"
  228           | • "{...}! block"

    "opening parenthesis"   shift, and go to state 7
    "(...) block"           shift, and go to state 8
    "{...} block"           shift, and go to state 9
    "{...}! block"          shift, and go to state 10
    "opening brace"         shift, and go to state 11
    "sometimes operator"    shift, and go to state 12
    "always operator"       shift, and go to state 13
    "next operator"         shift, and go to state 14
    "strong next operator"  shift, and go to state 15
    "not operator"          shift, and go to state 18
    "X[.] operator"         shift, and go to state 19
    "F[.] operator"         shift, and go to state 20
    "G[.] operator"         shift, and go to state 21
    "atomic proposition"    shift, and go to state 22
    "constant true"         shift, and go to state 23
    "constant false"        shift, and go to state 24

    atomprop               go to state 28
    booleanatom            go to state 29
    bracedsere             go to state 30
    parenthesedsubformula  go to state 31
    subformula             go to state 371


State 236

  201 subformula: "G[.] operator" error_opt "end of formula" •

    $default  reduce using rule 201 (subformula)


State 237

   61 atomprop: • "atomic proposition"
   62 booleanatom: • atomprop
   63            | • atomprop "positive suffix"
   64            | • atomprop "negative suffix"
   65            | • "constant true"
   66            | • "constant false"
  105 bracedsere: • "opening brace" sere "closing brace"
  106           | • "opening brace" sere error "closing brace"
  107           | • "opening brace" error "closing brace"
  108           | • "opening brace" sere "end of formula"
  109           | • "opening brace" sere error "end of formula"
  110           | • "opening brace" error "end of formula"
  111           | • "{...} block"
  112 parenthesedsubformula: • "(...) block"
  113                      | • "opening parenthesis" subformula "closing parenthesis"
  114                      | • "opening parenthesis" subformula error "closing parenthesis"
  115                      | • "opening parenthesis" error "closing parenthesis"
  116                      | • "opening parenthesis" subformula "end of formula"
  117                      | • "opening parenthesis" subformula error "end of formula"
  118                      | • "opening parenthesis" error "end of formula"
  154 subformula: • booleanatom
  155           | • parenthesedsubformula
  156           | • subformula "and operator" subformula
  157           | • subformula "and operator" error
  158           | • subformula "short and operator" subformula
  159           | • subformula "short and operator" error
  160           | • subformula "star operator" subformula
  161           | • subformula "star operator" error
  162           | • subformula "or operator" subformula
  163           | • subformula "or operator" error
  164           | • subformula "xor operator" subformula
  165           | • subformula "xor operator" error
  166           | • subformula "implication operator" subformula
  167           | • subformula "implication operator" error
  168           | • subformula "equivalent operator" subformula
  169           | • subformula "equivalent operator" error
  170           | • subformula "until operator" subformula
  171           | • subformula "until operator" error
  172           | • subformula "release operator" subformula
  173           | • subformula "release operator" error
  174           | • subformula "weak until operator" subformula
  175           | • subformula "weak until operator" error
  176           | • subformula "strong release operator" subformula
  177           | • subformula "strong release operator" error
  178           | • "sometimes operator" subformula
  179           | • "sometimes operator" error
  180           | • "F[.] operator" sqbkt_num "closing bracket" subformula
  181           | • "F[.] operator" sqbkt_num "closing !]" subformula
  182           | • "F[.] operator" sqbkt_num "separator for square bracket operator" sqbkt_num "closing bracket" subformula
  183           | • "F[.] operator" sqbkt_num "separator for square bracket operator" sqbkt_num "closing !]" subformula
  184           | • "F[.] operator" sqbkt_num OP_SQBKT_SEP_unbounded "closing bracket" subformula
  185           | • "F[.] operator" sqbkt_num OP_SQBKT_SEP_unbounded "closing !]" subformula
  186           | • "F[.] operator" sqbkt_num "separator for square bracket operator" sqbkt_num "closing bracket" error
  187           | • "F[.] operator" sqbkt_num "separator for square bracket operator" sqbkt_num "closing !]" error
  188           | • "F[.] operator" error_opt "end of formula"
  189           | • "F[.] operator" error "closing bracket" subformula
  190           | • "F[.] operator" error "closing !]" subformula
  191           | • "always operator" subformula
  192           | • "always operator" error
  193           | • "G[.] operator" sqbkt_num "separator for square bracket operator" sqbkt_num "closing bracket" subformula
  194           | • "G[.] operator" sqbkt_num "separator for square bracket operator" sqbkt_num "closing !]" subformula
  195           | • "G[.] operator" sqbkt_num OP_SQBKT_SEP_unbounded "closing bracket" subformula
  196           | • "G[.] operator" sqbkt_num OP_SQBKT_SEP_unbounded "closing !]" subformula
  197           | • "G[.] operator" sqbkt_num "closing bracket" subformula
  197           | "G[.] operator" sqbkt_num "closing bracket" • subformula
  198           | • "G[.] operator" sqbkt_num "closing !]" subformula
  199           | • "G[.] operator" sqbkt_num "separator for square bracket operator" sqbkt_num "closing bracket" error
  200           | • "G[.] operator" sqbkt_num "separator for square bracket operator" sqbkt_num "closing !]" error
  201           | • "G[.] operator" error_opt "end of formula"
  202           | • "G[.] operator" error "closing bracket" subformula
  203           | • "G[.] operator" error "closing !]" subformula
  204           | • "next operator" subformula
  205           | • "next operator" error
  206           | • "strong next operator" subformula
  207           | • "strong next operator" error
  208           | • "X[.] operator" sqbkt_num "closing bracket" subformula
  209           | • "X[.] operator" sqbkt_num "closing bracket" error
  210           | • "X[.] operator" error "closing bracket" subformula
  211           | • "X[.] operator" "closing !]" subformula
  212           | • "X[.] operator" sqbkt_num "closing !]" subformula
  213           | • "X[.] operator" error "closing !]" subformula
  214           | • "X[.] operator" error_opt "end of formula"
  215           | • "not operator" subformula
  216           | • "not operator" error
  217           | • bracedsere
  218           | • bracedsere "universal concat operator" subformula
  219           | • bracedsere parenthesedsubformula
  220           | • bracedsere "universal concat operator" error
  221           | • bracedsere "existential concat operator" subformula
  222           | • bracedsere "existential concat operator" error
  223           | • bracedsere "universal non-overlapping concat operator" subformula
  224           | • bracedsere "universal non-overlapping concat operator" error
  225           | • bracedsere "existential non-overlapping concat operator" subformula
  226           | • bracedsere "existential non-overlapping concat operator" error
  227           | • "opening brace" sere "closing brace-bang"
  228           | • "{...}! block"

    "opening parenthesis"   shift, and go to state 7
    "(...) block"           shift, and go to state 8
    "{...} block"           shift, and go to state 9
    "{...}! block"          shift, and go to state 10
    "opening brace"         shift, and go to state 11
    "sometimes operator"    shift, and go to state 12
    "always operator"       shift, and go to state 13
    "next operator"         shift, and go to state 14
    "strong next operator"  shift, and go to state 15
    "not operator"          shift, and go to state 18
    "X[.] operator"         shift, and go to state 19
    "F[.] operator"         shift, and go to state 20
    "G[.] operator"         shift, and go to state 21
    "atomic proposition"    shift, and go to state 22
    "constant true"         shift, and go to state 23
    "constant false"        shift, and go to state 24

    atomprop               go to state 28
    booleanatom            go to state 29
    bracedsere             go to state 30
    parenthesedsubformula  go to state 31
    subformula             go to state 372


State 238

   61 atomprop: • "atomic proposition"
   62 booleanatom: • atomprop
   63            | • atomprop "positive suffix"
   64            | • atomprop "negative suffix"
   65            | • "constant true"
   66            | • "constant false"
  105 bracedsere: • "opening brace" sere "closing brace"
  106           | • "opening brace" sere error "closing brace"
  107           | • "opening brace" error "closing brace"
  108           | • "opening brace" sere "end of formula"
  109           | • "opening brace" sere error "end of formula"
  110           | • "opening brace" error "end of formula"
  111           | • "{...} block"
  112 parenthesedsubformula: • "(...) block"
  113                      | • "opening parenthesis" subformula "closing parenthesis"
  114                      | • "opening parenthesis" subformula error "closing parenthesis"
  115                      | • "opening parenthesis" error "closing parenthesis"
  116                      | • "opening parenthesis" subformula "end of formula"
  117                      | • "opening parenthesis" subformula error "end of formula"
  118                      | • "opening parenthesis" error "end of formula"
  154 subformula: • booleanatom
  155           | • parenthesedsubformula
  156           | • subformula "and operator" subformula
  157           | • subformula "and operator" error
  158           | • subformula "short and operator" subformula
  159           | • subformula "short and operator" error
  160           | • subformula "star operator" subformula
  161           | • subformula "star operator" error
  162           | • subformula "or operator" subformula
  163           | • subformula "or operator" error
  164           | • subformula "xor operator" subformula
  165           | • subformula "xor operator" error
  166           | • subformula "implication operator" subformula
  167           | • subformula "implication operator" error
  168           | • subformula "equivalent operator" subformula
  169           | • subformula "equivalent operator" error
  170           | • subformula "until operator" subformula
  171           | • subformula "until operator" error
  172           | • subformula "release operator" subformula
  173           | • subformula "release operator" error
  174           | • subformula "weak until operator" subformula
  175           | • subformula "weak until operator" error
  176           | • subformula "strong release operator" subformula
  177           | • subformula "strong release operator" error
  178           | • "sometimes operator" subformula
  179           | • "sometimes operator" error
  180           | • "F[.] operator" sqbkt_num "closing bracket" subformula
  181           | • "F[.] operator" sqbkt_num "closing !]" subformula
  182           | • "F[.] operator" sqbkt_num "separator for square bracket operator" sqbkt_num "closing bracket" subformula
  183           | • "F[.] operator" sqbkt_num "separator for square bracket operator" sqbkt_num "closing !]" subformula
  184           | • "F[.] operator" sqbkt_num OP_SQBKT_SEP_unbounded "closing bracket" subformula
  185           | • "F[.] operator" sqbkt_num OP_SQBKT_SEP_unbounded "closing !]" subformula
  186           | • "F[.] operator" sqbkt_num "separator for square bracket operator" sqbkt_num "closing bracket" error
  187           | • "F[.] operator" sqbkt_num "separator for square bracket operator" sqbkt_num "closing !]" error
  188           | • "F[.] operator" error_opt "end of formula"
  189           | • "F[.] operator" error "closing bracket" subformula
  190           | • "F[.] operator" error "closing !]" subformula
  191           | • "always operator" subformula
  192           | • "always operator" error
  193           | • "G[.] operator" sqbkt_num "separator for square bracket operator" sqbkt_num "closing bracket" subformula
  194           | • "G[.] operator" sqbkt_num "separator for square bracket operator" sqbkt_num "closing !]" subformula
  195           | • "G[.] operator" sqbkt_num OP_SQBKT_SEP_unbounded "closing bracket" subformula
  196           | • "G[.] operator" sqbkt_num OP_SQBKT_SEP_unbounded "closing !]" subformula
  197           | • "G[.] operator" sqbkt_num "closing bracket" subformula
  198           | • "G[.] operator" sqbkt_num "closing !]" subformula
  198           | "G[.] operator" sqbkt_num "closing !]" • subformula
  199           | • "G[.] operator" sqbkt_num "separator for square bracket operator" sqbkt_num "closing bracket" error
  200           | • "G[.] operator" sqbkt_num "separator for square bracket operator" sqbkt_num "closing !]" error
  201           | • "G[.] operator" error_opt "end of formula"
  202           | • "G[.] operator" error "closing bracket" subformula
  203           | • "G[.] operator" error "closing !]" subformula
  204           | • "next operator" subformula
  205           | • "next operator" error
  206           | • "strong next operator" subformula
  207           | • "strong next operator" error
  208           | • "X[.] operator" sqbkt_num "closing bracket" subformula
  209           | • "X[.] operator" sqbkt_num "closing bracket" error
  210           | • "X[.] operator" error "closing bracket" subformula
  211           | • "X[.] operator" "closing !]" subformula
  212           | • "X[.] operator" sqbkt_num "closing !]" subformula
  213           | • "X[.] operator" error "closing !]" subformula
  214           | • "X[.] operator" error_opt "end of formula"
  215           | • "not operator" subformula
  216           | • "not operator" error
  217           | • bracedsere
  218           | • bracedsere "universal concat operator" subformula
  219           | • bracedsere parenthesedsubformula
  220           | • bracedsere "universal concat operator" error
  221           | • bracedsere "existential concat operator" subformula
  222           | • bracedsere "existential concat operator" error
  223           | • bracedsere "universal non-overlapping concat operator" subformula
  224           | • bracedsere "universal non-overlapping concat operator" error
  225           | • bracedsere "existential non-overlapping concat operator" subformula
  226           | • bracedsere "existential non-overlapping concat operator" error
  227           | • "opening brace" sere "closing brace-bang"
  228           | • "{...}! block"

    "opening parenthesis"   shift, and go to state 7
    "(...) block"           shift, and go to state 8
    "{...} block"           shift, and go to state 9
    "{...}! block"          shift, and go to state 10
    "opening brace"         shift, and go to state 11
    "sometimes operator"    shift, and go to state 12
    "always operator"       shift, and go to state 13
    "next operator"         shift, and go to state 14
    "strong next operator"  shift, and go to state 15
    "not operator"          shift, and go to state 18
    "X[.] operator"         shift, and go to state 19
    "F[.] operator"         shift, and go to state 20
    "G[.] operator"         shift, and go to state 21
    "atomic proposition"    shift, and go to state 22
    "constant true"         shift, and go to state 23
    "constant false"        shift, and go to state 24

    atomprop               go to state 28
    booleanatom            go to state 29
    bracedsere             go to state 30
    parenthesedsubformula  go to state 31
    subformula             go to state 373


State 239

   21 OP_SQBKT_SEP_unbounded: "separator for square bracket operator" •  ["closing bracket", "closing !]"]
   22                       | "separator for square bracket operator" • "unbounded mark"
   27 sqbkt_num: • "number for square bracket operator"
  193 subformula: "G[.] operator" sqbkt_num "separator for square bracket operator" • sqbkt_num "closing bracket" subformula
  194           | "G[.] operator" sqbkt_num "separator for square bracket operator" • sqbkt_num "closing !]" subformula
  199           | "G[.] operator" sqbkt_num "separator for square bracket operator" • sqbkt_num "closing bracket" error
  200           | "G[.] operator" sqbkt_num "separator for square bracket operator" • sqbkt_num "closing !]" error

    "number for square bracket operator"  shift, and go to state 104
    "unbounded mark"                      shift, and go to state 288

    $default  reduce using rule 21 (OP_SQBKT_SEP_unbounded)

    sqbkt_num  go to state 374


State 240

  195 subformula: "G[.] operator" sqbkt_num OP_SQBKT_SEP_unbounded • "closing bracket" subformula
  196           | "G[.] operator" sqbkt_num OP_SQBKT_SEP_unbounded • "closing !]" subformula

    "closing bracket"  shift, and go to state 375
    "closing !]"       shift, and go to state 376


State 241

  220 subformula: bracedsere "universal concat operator" error •

    $default  reduce using rule 220 (subformula)


State 242

  156 subformula: subformula • "and operator" subformula
  157           | subformula • "and operator" error
  158           | subformula • "short and operator" subformula
  159           | subformula • "short and operator" error
  160           | subformula • "star operator" subformula
  161           | subformula • "star operator" error
  162           | subformula • "or operator" subformula
  163           | subformula • "or operator" error
  164           | subformula • "xor operator" subformula
  165           | subformula • "xor operator" error
  166           | subformula • "implication operator" subformula
  167           | subformula • "implication operator" error
  168           | subformula • "equivalent operator" subformula
  169           | subformula • "equivalent operator" error
  170           | subformula • "until operator" subformula
  171           | subformula • "until operator" error
  172           | subformula • "release operator" subformula
  173           | subformula • "release operator" error
  174           | subformula • "weak until operator" subformula
  175           | subformula • "weak until operator" error
  176           | subformula • "strong release operator" subformula
  177           | subformula • "strong release operator" error
  218           | bracedsere "universal concat operator" subformula •  [error, "closing parenthesis", "end of formula"]

    "or operator"              shift, and go to state 124
    "xor operator"             shift, and go to state 125
    "and operator"             shift, and go to state 126
    "short and operator"       shift, and go to state 127
    "implication operator"     shift, and go to state 128
    "equivalent operator"      shift, and go to state 129
    "until operator"           shift, and go to state 130
    "release operator"         shift, and go to state 131
    "weak until operator"      shift, and go to state 132
    "strong release operator"  shift, and go to state 133
    "star operator"            shift, and go to state 134

    $default  reduce using rule 218 (subformula)

    Conflict between rule 218 and token "or operator" resolved as shift ("universal concat operator" < "or operator").
    Conflict between rule 218 and token "xor operator" resolved as shift ("universal concat operator" < "xor operator").
    Conflict between rule 218 and token "and operator" resolved as shift ("universal concat operator" < "and operator").
    Conflict between rule 218 and token "short and operator" resolved as shift ("universal concat operator" < "short and operator").
    Conflict between rule 218 and token "implication operator" resolved as shift ("universal concat operator" < "implication operator").
    Conflict between rule 218 and token "equivalent operator" resolved as shift ("universal concat operator" < "equivalent operator").
    Conflict between rule 218 and token "until operator" resolved as shift ("universal concat operator" < "until operator").
    Conflict between rule 218 and token "release operator" resolved as shift ("universal concat operator" < "release operator").
    Conflict between rule 218 and token "weak until operator" resolved as shift ("universal concat operator" < "weak until operator").
    Conflict between rule 218 and token "strong release operator" resolved as shift ("universal concat operator" < "strong release operator").
    Conflict between rule 218 and token "star operator" resolved as shift ("universal concat operator" < "star operator").


State 243

  222 subformula: bracedsere "existential concat operator" error •

    $default  reduce using rule 222 (subformula)


State 244

  156 subformula: subformula • "and operator" subformula
  157           | subformula • "and operator" error
  158           | subformula • "short and operator" subformula
  159           | subformula • "short and operator" error
  160           | subformula • "star operator" subformula
  161           | subformula • "star operator" error
  162           | subformula • "or operator" subformula
  163           | subformula • "or operator" error
  164           | subformula • "xor operator" subformula
  165           | subformula • "xor operator" error
  166           | subformula • "implication operator" subformula
  167           | subformula • "implication operator" error
  168           | subformula • "equivalent operator" subformula
  169           | subformula • "equivalent operator" error
  170           | subformula • "until operator" subformula
  171           | subformula • "until operator" error
  172           | subformula • "release operator" subformula
  173           | subformula • "release operator" error
  174           | subformula • "weak until operator" subformula
  175           | subformula • "weak until operator" error
  176           | subformula • "strong release operator" subformula
  177           | subformula • "strong release operator" error
  221           | bracedsere "existential concat operator" subformula •  [error, "closing parenthesis", "end of formula"]

    "or operator"              shift, and go to state 124
    "xor operator"             shift, and go to state 125
    "and operator"             shift, and go to state 126
    "short and operator"       shift, and go to state 127
    "implication operator"     shift, and go to state 128
    "equivalent operator"      shift, and go to state 129
    "until operator"           shift, and go to state 130
    "release operator"         shift, and go to state 131
    "weak until operator"      shift, and go to state 132
    "strong release operator"  shift, and go to state 133
    "star operator"            shift, and go to state 134

    $default  reduce using rule 221 (subformula)

    Conflict between rule 221 and token "or operator" resolved as shift ("existential concat operator" < "or operator").
    Conflict between rule 221 and token "xor operator" resolved as shift ("existential concat operator" < "xor operator").
    Conflict between rule 221 and token "and operator" resolved as shift ("existential concat operator" < "and operator").
    Conflict between rule 221 and token "short and operator" resolved as shift ("existential concat operator" < "short and operator").
    Conflict between rule 221 and token "implication operator" resolved as shift ("existential concat operator" < "implication operator").
    Conflict between rule 221 and token "equivalent operator" resolved as shift ("existential concat operator" < "equivalent operator").
    Conflict between rule 221 and token "until operator" resolved as shift ("existential concat operator" < "until operator").
    Conflict between rule 221 and token "release operator" resolved as shift ("existential concat operator" < "release operator").
    Conflict between rule 221 and token "weak until operator" resolved as shift ("existential concat operator" < "weak until operator").
    Conflict between rule 221 and token "strong release operator" resolved as shift ("existential concat operator" < "strong release operator").
    Conflict between rule 221 and token "star operator" resolved as shift ("existential concat operator" < "star operator").


State 245

  224 subformula: bracedsere "universal non-overlapping concat operator" error •

    $default  reduce using rule 224 (subformula)


State 246

  156 subformula: subformula • "and operator" subformula
  157           | subformula • "and operator" error
  158           | subformula • "short and operator" subformula
  159           | subformula • "short and operator" error
  160           | subformula • "star operator" subformula
  161           | subformula • "star operator" error
  162           | subformula • "or operator" subformula
  163           | subformula • "or operator" error
  164           | subformula • "xor operator" subformula
  165           | subformula • "xor operator" error
  166           | subformula • "implication operator" subformula
  167           | subformula • "implication operator" error
  168           | subformula • "equivalent operator" subformula
  169           | subformula • "equivalent operator" error
  170           | subformula • "until operator" subformula
  171           | subformula • "until operator" error
  172           | subformula • "release operator" subformula
  173           | subformula • "release operator" error
  174           | subformula • "weak until operator" subformula
  175           | subformula • "weak until operator" error
  176           | subformula • "strong release operator" subformula
  177           | subformula • "strong release operator" error
  223           | bracedsere "universal non-overlapping concat operator" subformula •  [error, "closing parenthesis", "end of formula"]

    "or operator"              shift, and go to state 124
    "xor operator"             shift, and go to state 125
    "and operator"             shift, and go to state 126
    "short and operator"       shift, and go to state 127
    "implication operator"     shift, and go to state 128
    "equivalent operator"      shift, and go to state 129
    "until operator"           shift, and go to state 130
    "release operator"         shift, and go to state 131
    "weak until operator"      shift, and go to state 132
    "strong release operator"  shift, and go to state 133
    "star operator"            shift, and go to state 134

    $default  reduce using rule 223 (subformula)

    Conflict between rule 223 and token "or operator" resolved as shift ("universal non-overlapping concat operator" < "or operator").
    Conflict between rule 223 and token "xor operator" resolved as shift ("universal non-overlapping concat operator" < "xor operator").
    Conflict between rule 223 and token "and operator" resolved as shift ("universal non-overlapping concat operator" < "and operator").
    Conflict between rule 223 and token "short and operator" resolved as shift ("universal non-overlapping concat operator" < "short and operator").
    Conflict between rule 223 and token "implication operator" resolved as shift ("universal non-overlapping concat operator" < "implication operator").
    Conflict between rule 223 and token "equivalent operator" resolved as shift ("universal non-overlapping concat operator" < "equivalent operator").
    Conflict between rule 223 and token "until operator" resolved as shift ("universal non-overlapping concat operator" < "until operator").
    Conflict between rule 223 and token "release operator" resolved as shift ("universal non-overlapping concat operator" < "release operator").
    Conflict between rule 223 and token "weak until operator" resolved as shift ("universal non-overlapping concat operator" < "weak until operator").
    Conflict between rule 223 and token "strong release operator" resolved as shift ("universal non-overlapping concat operator" < "strong release operator").
    Conflict between rule 223 and token "star operator" resolved as shift ("universal non-overlapping concat operator" < "star operator").


State 247

  226 subformula: bracedsere "existential non-overlapping concat operator" error •

    $default  reduce using rule 226 (subformula)


State 248

  156 subformula: subformula • "and operator" subformula
  157           | subformula • "and operator" error
  158           | subformula • "short and operator" subformula
  159           | subformula • "short and operator" error
  160           | subformula • "star operator" subformula
  161           | subformula • "star operator" error
  162           | subformula • "or operator" subformula
  163           | subformula • "or operator" error
  164           | subformula • "xor operator" subformula
  165           | subformula • "xor operator" error
  166           | subformula • "implication operator" subformula
  167           | subformula • "implication operator" error
  168           | subformula • "equivalent operator" subformula
  169           | subformula • "equivalent operator" error
  170           | subformula • "until operator" subformula
  171           | subformula • "until operator" error
  172           | subformula • "release operator" subformula
  173           | subformula • "release operator" error
  174           | subformula • "weak until operator" subformula
  175           | subformula • "weak until operator" error
  176           | subformula • "strong release operator" subformula
  177           | subformula • "strong release operator" error
  225           | bracedsere "existential non-overlapping concat operator" subformula •  [error, "closing parenthesis", "end of formula"]

    "or operator"              shift, and go to state 124
    "xor operator"             shift, and go to state 125
    "and operator"             shift, and go to state 126
    "short and operator"       shift, and go to state 127
    "implication operator"     shift, and go to state 128
    "equivalent operator"      shift, and go to state 129
    "until operator"           shift, and go to state 130
    "release operator"         shift, and go to state 131
    "weak until operator"      shift, and go to state 132
    "strong release operator"  shift, and go to state 133
    "star operator"            shift, and go to state 134

    $default  reduce using rule 225 (subformula)

    Conflict between rule 225 and token "or operator" resolved as shift ("existential non-overlapping concat operator" < "or operator").
    Conflict between rule 225 and token "xor operator" resolved as shift ("existential non-overlapping concat operator" < "xor operator").
    Conflict between rule 225 and token "and operator" resolved as shift ("existential non-overlapping concat operator" < "and operator").
    Conflict between rule 225 and token "short and operator" resolved as shift ("existential non-overlapping concat operator" < "short and operator").
    Conflict between rule 225 and token "implication operator" resolved as shift ("existential non-overlapping concat operator" < "implication operator").
    Conflict between rule 225 and token "equivalent operator" resolved as shift ("existential non-overlapping concat operator" < "equivalent operator").
    Conflict between rule 225 and token "until operator" resolved as shift ("existential non-overlapping concat operator" < "until operator").
    Conflict between rule 225 and token "release operator" resolved as shift ("existential non-overlapping concat operator" < "release operator").
    Conflict between rule 225 and token "weak until operator" resolved as shift ("existential non-overlapping concat operator" < "weak until operator").
    Conflict between rule 225 and token "strong release operator" resolved as shift ("existential non-overlapping concat operator" < "strong release operator").
    Conflict between rule 225 and token "star operator" resolved as shift ("existential non-overlapping concat operator" < "star operator").


State 249

   61 atomprop: • "atomic proposition"
   62 booleanatom: • atomprop
   63            | • atomprop "positive suffix"
   64            | • atomprop "negative suffix"
   65            | • "constant true"
   66            | • "constant false"
  105 bracedsere: • "opening brace" sere "closing brace"
  106           | • "opening brace" sere error "closing brace"
  107           | • "opening brace" error "closing brace"
  108           | • "opening brace" sere "end of formula"
  109           | • "opening brace" sere error "end of formula"
  110           | • "opening brace" error "end of formula"
  111           | • "{...} block"
  112 parenthesedsubformula: • "(...) block"
  113                      | • "opening parenthesis" subformula "closing parenthesis"
  114                      | • "opening parenthesis" subformula error "closing parenthesis"
  115                      | • "opening parenthesis" error "closing parenthesis"
  116                      | • "opening parenthesis" subformula "end of formula"
  117                      | • "opening parenthesis" subformula error "end of formula"
  118                      | • "opening parenthesis" error "end of formula"
  146 maybequantifiedformula: • subformula
  147                       | • quantifiedformula
  148 exists_or_forall: • "exists operator"
  149                 | • "forall operator"
  150 quantifiedformula: • "exists operator" aplist ":" maybequantifiedformula
  151                  | • "forall operator" aplist ":" maybequantifiedformula
  152                  | • exists_or_forall error ":" maybequantifiedformula
  152                  | exists_or_forall error ":" • maybequantifiedformula
  153                  | • exists_or_forall error_opt "end of formula"
  154 subformula: • booleanatom
  155           | • parenthesedsubformula
  156           | • subformula "and operator" subformula
  157           | • subformula "and operator" error
  158           | • subformula "short and operator" subformula
  159           | • subformula "short and operator" error
  160           | • subformula "star operator" subformula
  161           | • subformula "star operator" error
  162           | • subformula "or operator" subformula
  163           | • subformula "or operator" error
  164           | • subformula "xor operator" subformula
  165           | • subformula "xor operator" error
  166           | • subformula "implication operator" subformula
  167           | • subformula "implication operator" error
  168           | • subformula "equivalent operator" subformula
  169           | • subformula "equivalent operator" error
  170           | • subformula "until operator" subformula
  171           | • subformula "until operator" error
  172           | • subformula "release operator" subformula
  173           | • subformula "release operator" error
  174           | • subformula "weak until operator" subformula
  175           | • subformula "weak until operator" error
  176           | • subformula "strong release operator" subformula
  177           | • subformula "strong release operator" error
  178           | • "sometimes operator" subformula
  179           | • "sometimes operator" error
  180           | • "F[.] operator" sqbkt_num "closing bracket" subformula
  181           | • "F[.] operator" sqbkt_num "closing !]" subformula
  182           | • "F[.] operator" sqbkt_num "separator for square bracket operator" sqbkt_num "closing bracket" subformula
  183           | • "F[.] operator" sqbkt_num "separator for square bracket operator" sqbkt_num "closing !]" subformula
  184           | • "F[.] operator" sqbkt_num OP_SQBKT_SEP_unbounded "closing bracket" subformula
  185           | • "F[.] operator" sqbkt_num OP_SQBKT_SEP_unbounded "closing !]" subformula
  186           | • "F[.] operator" sqbkt_num "separator for square bracket operator" sqbkt_num "closing bracket" error
  187           | • "F[.] operator" sqbkt_num "separator for square bracket operator" sqbkt_num "closing !]" error
  188           | • "F[.] operator" error_opt "end of formula"
  189           | • "F[.] operator" error "closing bracket" subformula
  190           | • "F[.] operator" error "closing !]" subformula
  191           | • "always operator" subformula
  192           | • "always operator" error
  193           | • "G[.] operator" sqbkt_num "separator for square bracket operator" sqbkt_num "closing bracket" subformula
  194           | • "G[.] operator" sqbkt_num "separator for square bracket operator" sqbkt_num "closing !]" subformula
  195           | • "G[.] operator" sqbkt_num OP_SQBKT_SEP_unbounded "closing bracket" subformula
  196           | • "G[.] operator" sqbkt_num OP_SQBKT_SEP_unbounded "closing !]" subformula
  197           | • "G[.] operator" sqbkt_num "closing bracket" subformula
  198           | • "G[.] operator" sqbkt_num "closing !]" subformula
  199           | • "G[.] operator" sqbkt_num "separator for square bracket operator" sqbkt_num "closing bracket" error
  200           | • "G[.] operator" sqbkt_num "separator for square bracket operator" sqbkt_num "closing !]" error
  201           | • "G[.] operator" error_opt "end of formula"
  202           | • "G[.] operator" error "closing bracket" subformula
  203           | • "G[.] operator" error "closing !]" subformula
  204           | • "next operator" subformula
  205           | • "next operator" error
  206           | • "strong next operator" subformula
  207           | • "strong next operator" error
  208           | • "X[.] operator" sqbkt_num "closing bracket" subformula
  209           | • "X[.] operator" sqbkt_num "closing bracket" error
  210           | • "X[.] operator" error "closing bracket" subformula
  211           | • "X[.] operator" "closing !]" subformula
  212           | • "X[.] operator" sqbkt_num "closing !]" subformula
  213           | • "X[.] operator" error "closing !]" subformula
  214           | • "X[.] operator" error_opt "end of formula"
  215           | • "not operator" subformula
  216           | • "not operator" error
  217           | • bracedsere
  218           | • bracedsere "universal concat operator" subformula
  219           | • bracedsere parenthesedsubformula
  220           | • bracedsere "universal concat operator" error
  221           | • bracedsere "existential concat operator" subformula
  222           | • bracedsere "existential concat operator" error
  223           | • bracedsere "universal non-overlapping concat operator" subformula
  224           | • bracedsere "universal non-overlapping concat operator" error
  225           | • bracedsere "existential non-overlapping concat operator" subformula
  226           | • bracedsere "existential non-overlapping concat operator" error
  227           | • "opening brace" sere "closing brace-bang"
  228           | • "{...}! block"

    "opening parenthesis"   shift, and go to state 7
    "(...) block"           shift, and go to state 8
    "{...} block"           shift, and go to state 9
    "{...}! block"          shift, and go to state 10
    "opening brace"         shift, and go to state 11
    "sometimes operator"    shift, and go to state 12
    "always operator"       shift, and go to state 13
    "next operator"         shift, and go to state 14
    "strong next operator"  shift, and go to state 15
    "exists operator"       shift, and go to state 16
    "forall operator"       shift, and go to state 17
    "not operator"          shift, and go to state 18
    "X[.] operator"         shift, and go to state 19
    "F[.] operator"         shift, and go to state 20
    "G[.] operator"         shift, and go to state 21
    "atomic proposition"    shift, and go to state 22
    "constant true"         shift, and go to state 23
    "constant false"        shift, and go to state 24

    atomprop                go to state 28
    booleanatom             go to state 29
    bracedsere              go to state 30
    parenthesedsubformula   go to state 31
    maybequantifiedformula  go to state 377
    exists_or_forall        go to state 32
    quantifiedformula       go to state 355
    subformula              go to state 356


State 250

  153 quantifiedformula: exists_or_forall error_opt "end of formula" •

    $default  reduce using rule 153 (quantifiedformula)


State 251

  163 subformula: subformula "or operator" error •

    $default  reduce using rule 163 (subformula)


State 252

  156 subformula: subformula • "and operator" subformula
  157           | subformula • "and operator" error
  158           | subformula • "short and operator" subformula
  159           | subformula • "short and operator" error
  160           | subformula • "star operator" subformula
  161           | subformula • "star operator" error
  162           | subformula • "or operator" subformula
  162           | subformula "or operator" subformula •  [error, "closing parenthesis", "or operator", "implication operator", "equivalent operator", "end of formula"]
  163           | subformula • "or operator" error
  164           | subformula • "xor operator" subformula
  165           | subformula • "xor operator" error
  166           | subformula • "implication operator" subformula
  167           | subformula • "implication operator" error
  168           | subformula • "equivalent operator" subformula
  169           | subformula • "equivalent operator" error
  170           | subformula • "until operator" subformula
  171           | subformula • "until operator" error
  172           | subformula • "release operator" subformula
  173           | subformula • "release operator" error
  174           | subformula • "weak until operator" subformula
  175           | subformula • "weak until operator" error
  176           | subformula • "strong release operator" subformula
  177           | subformula • "strong release operator" error

    "xor operator"             shift, and go to state 125
    "and operator"             shift, and go to state 126
    "short and operator"       shift, and go to state 127
    "until operator"           shift, and go to state 130
    "release operator"         shift, and go to state 131
    "weak until operator"      shift, and go to state 132
    "strong release operator"  shift, and go to state 133
    "star operator"            shift, and go to state 134

    $default  reduce using rule 162 (subformula)

    Conflict between rule 162 and token "or operator" resolved as reduce (%left "or operator").
    Conflict between rule 162 and token "xor operator" resolved as shift ("or operator" < "xor operator").
    Conflict between rule 162 and token "and operator" resolved as shift ("or operator" < "and operator").
    Conflict between rule 162 and token "short and operator" resolved as shift ("or operator" < "short and operator").
    Conflict between rule 162 and token "implication operator" resolved as reduce ("implication operator" < "or operator").
    Conflict between rule 162 and token "equivalent operator" resolved as reduce ("equivalent operator" < "or operator").
    Conflict between rule 162 and token "until operator" resolved as shift ("or operator" < "until operator").
    Conflict between rule 162 and token "release operator" resolved as shift ("or operator" < "release operator").
    Conflict between rule 162 and token "weak until operator" resolved as shift ("or operator" < "weak until operator").
    Conflict between rule 162 and token "strong release operator" resolved as shift ("or operator" < "strong release operator").
    Conflict between rule 162 and token "star operator" resolved as shift ("or operator" < "star operator").


State 253

  165 subformula: subformula "xor operator" error •

    $default  reduce using rule 165 (subformula)


State 254

  156 subformula: subformula • "and operator" subformula
  157           | subformula • "and operator" error
  158           | subformula • "short and operator" subformula
  159           | subformula • "short and operator" error
  160           | subformula • "star operator" subformula
  161           | subformula • "star operator" error
  162           | subformula • "or operator" subformula
  163           | subformula • "or operator" error
  164           | subformula • "xor operator" subformula
  164           | subformula "xor operator" subformula •  [error, "closing parenthesis", "or operator", "xor operator", "implication operator", "equivalent operator", "end of formula"]
  165           | subformula • "xor operator" error
  166           | subformula • "implication operator" subformula
  167           | subformula • "implication operator" error
  168           | subformula • "equivalent operator" subformula
  169           | subformula • "equivalent operator" error
  170           | subformula • "until operator" subformula
  171           | subformula • "until operator" error
  172           | subformula • "release operator" subformula
  173           | subformula • "release operator" error
  174           | subformula • "weak until operator" subformula
  175           | subformula • "weak until operator" error
  176           | subformula • "strong release operator" subformula
  177           | subformula • "strong release operator" error

    "and operator"             shift, and go to state 126
    "short and operator"       shift, and go to state 127
    "until operator"           shift, and go to state 130
    "release operator"         shift, and go to state 131
    "weak until operator"      shift, and go to state 132
    "strong release operator"  shift, and go to state 133
    "star operator"            shift, and go to state 134

    $default  reduce using rule 164 (subformula)

    Conflict between rule 164 and token "or operator" resolved as reduce ("or operator" < "xor operator").
    Conflict between rule 164 and token "xor operator" resolved as reduce (%left "xor operator").
    Conflict between rule 164 and token "and operator" resolved as shift ("xor operator" < "and operator").
    Conflict between rule 164 and token "short and operator" resolved as shift ("xor operator" < "short and operator").
    Conflict between rule 164 and token "implication operator" resolved as reduce ("implication operator" < "xor operator").
    Conflict between rule 164 and token "equivalent operator" resolved as reduce ("equivalent operator" < "xor operator").
    Conflict between rule 164 and token "until operator" resolved as shift ("xor operator" < "until operator").
    Conflict between rule 164 and token "release operator" resolved as shift ("xor operator" < "release operator").
    Conflict between rule 164 and token "weak until operator" resolved as shift ("xor operator" < "weak until operator").
    Conflict between rule 164 and token "strong release operator" resolved as shift ("xor operator" < "strong release operator").
    Conflict between rule 164 and token "star operator" resolved as shift ("xor operator" < "star operator").


State 255

  157 subformula: subformula "and operator" error •

    $default  reduce using rule 157 (subformula)


State 256

  156 subformula: subformula • "and operator" subformula
  156           | subformula "and operator" subformula •  [error, "closing parenthesis", "or operator", "xor operator", "and operator", "short and operator", "implication operator", "equivalent operator", "end of formula"]
  157           | subformula • "and operator" error
  158           | subformula • "short and operator" subformula
  159           | subformula • "short and operator" error
  160           | subformula • "star operator" subformula
  161           | subformula • "star operator" error
  162           | subformula • "or operator" subformula
  163           | subformula • "or operator" error
  164           | subformula • "xor operator" subformula
  165           | subformula • "xor operator" error
  166           | subformula • "implication operator" subformula
  167           | subformula • "implication operator" error
  168           | subformula • "equivalent operator" subformula
  169           | subformula • "equivalent operator" error
  170           | subformula • "until operator" subformula
  171           | subformula • "until operator" error
  172           | subformula • "release operator" subformula
  173           | subformula • "release operator" error
  174           | subformula • "weak until operator" subformula
  175           | subformula • "weak until operator" error
  176           | subformula • "strong release operator" subformula
  177           | subformula • "strong release operator" error

    "until operator"           shift, and go to state 130
    "release operator"         shift, and go to state 131
    "weak until operator"      shift, and go to state 132
    "strong release operator"  shift, and go to state 133
    "star operator"            shift, and go to state 134

    $default  reduce using rule 156 (subformula)

    Conflict between rule 156 and token "or operator" resolved as reduce ("or operator" < "and operator").
    Conflict between rule 156 and token "xor operator" resolved as reduce ("xor operator" < "and operator").
    Conflict between rule 156 and token "and operator" resolved as reduce (%left "and operator").
    Conflict between rule 156 and token "short and operator" resolved as reduce (%left "short and operator").
    Conflict between rule 156 and token "implication operator" resolved as reduce ("implication operator" < "and operator").
    Conflict between rule 156 and token "equivalent operator" resolved as reduce ("equivalent operator" < "and operator").
    Conflict between rule 156 and token "until operator" resolved as shift ("and operator" < "until operator").
    Conflict between rule 156 and token "release operator" resolved as shift ("and operator" < "release operator").
    Conflict between rule 156 and token "weak until operator" resolved as shift ("and operator" < "weak until operator").
    Conflict between rule 156 and token "strong release operator" resolved as shift ("and operator" < "strong release operator").
    Conflict between rule 156 and token "star operator" resolved as shift ("and operator" < "star operator").


State 257

  159 subformula: subformula "short and operator" error •

    $default  reduce using rule 159 (subformula)


State 258

  156 subformula: subformula • "and operator" subformula
  157           | subformula • "and operator" error
  158           | subformula • "short and operator" subformula
  158           | subformula "short and operator" subformula •  [error, "closing parenthesis", "or operator", "xor operator", "and operator", "short and operator", "implication operator", "equivalent operator", "end of formula"]
  159           | subformula • "short and operator" error
  160           | subformula • "star operator" subformula
  161           | subformula • "star operator" error
  162           | subformula • "or operator" subformula
  163           | subformula • "or operator" error
  164           | subformula • "xor operator" subformula
  165           | subformula • "xor operator" error
  166           | subformula • "implication operator" subformula
  167           | subformula • "implication operator" error
  168           | subformula • "equivalent operator" subformula
  169           | subformula • "equivalent operator" error
  170           | subformula • "until operator" subformula
  171           | subformula • "until operator" error
  172           | subformula • "release operator" subformula
  173           | subformula • "release operator" error
  174           | subformula • "weak until operator" subformula
  175           | subformula • "weak until operator" error
  176           | subformula • "strong release operator" subformula
  177           | subformula • "strong release operator" error

    "until operator"           shift, and go to state 130
    "release operator"         shift, and go to state 131
    "weak until operator"      shift, and go to state 132
    "strong release operator"  shift, and go to state 133
    "star operator"            shift, and go to state 134

    $default  reduce using rule 158 (subformula)

    Conflict between rule 158 and token "or operator" resolved as reduce ("or operator" < "short and operator").
    Conflict between rule 158 and token "xor operator" resolved as reduce ("xor operator" < "short and operator").
    Conflict between rule 158 and token "and operator" resolved as reduce (%left "and operator").
    Conflict between rule 158 and token "short and operator" resolved as reduce (%left "short and operator").
    Conflict between rule 158 and token "implication operator" resolved as reduce ("implication operator" < "short and operator").
    Conflict between rule 158 and token "equivalent operator" resolved as reduce ("equivalent operator" < "short and operator").
    Conflict between rule 158 and token "until operator" resolved as shift ("short and operator" < "until operator").
    Conflict between rule 158 and token "release operator" resolved as shift ("short and operator" < "release operator").
    Conflict between rule 158 and token "weak until operator" resolved as shift ("short and operator" < "weak until operator").
    Conflict between rule 158 and token "strong release operator" resolved as shift ("short and operator" < "strong release operator").
    Conflict between rule 158 and token "star operator" resolved as shift ("short and operator" < "star operator").


State 259

  167 subformula: subformula "implication operator" error •

    $default  reduce using rule 167 (subformula)


State 260

  156 subformula: subformula • "and operator" subformula
  157           | subformula • "and operator" error
  158           | subformula • "short and operator" subformula
  159           | subformula • "short and operator" error
  160           | subformula • "star operator" subformula
  161           | subformula • "star operator" error
  162           | subformula • "or operator" subformula
  163           | subformula • "or operator" error
  164           | subformula • "xor operator" subformula
  165           | subformula • "xor operator" error
  166           | subformula • "implication operator" subformula
  166           | subformula "implication operator" subformula •  [error, "closing parenthesis", "end of formula"]
  167           | subformula • "implication operator" error
  168           | subformula • "equivalent operator" subformula
  169           | subformula • "equivalent operator" error
  170           | subformula • "until operator" subformula
  171           | subformula • "until operator" error
  172           | subformula • "release operator" subformula
  173           | subformula • "release operator" error
  174           | subformula • "weak until operator" subformula
  175           | subformula • "weak until operator" error
  176           | subformula • "strong release operator" subformula
  177           | subformula • "strong release operator" error

    "or operator"              shift, and go to state 124
    "xor operator"             shift, and go to state 125
    "and operator"             shift, and go to state 126
    "short and operator"       shift, and go to state 127
    "implication operator"     shift, and go to state 128
    "equivalent operator"      shift, and go to state 129
    "until operator"           shift, and go to state 130
    "release operator"         shift, and go to state 131
    "weak until operator"      shift, and go to state 132
    "strong release operator"  shift, and go to state 133
    "star operator"            shift, and go to state 134

    $default  reduce using rule 166 (subformula)

    Conflict between rule 166 and token "or operator" resolved as shift ("implication operator" < "or operator").
    Conflict between rule 166 and token "xor operator" resolved as shift ("implication operator" < "xor operator").
    Conflict between rule 166 and token "and operator" resolved as shift ("implication operator" < "and operator").
    Conflict between rule 166 and token "short and operator" resolved as shift ("implication operator" < "short and operator").
    Conflict between rule 166 and token "implication operator" resolved as shift (%right "implication operator").
    Conflict between rule 166 and token "equivalent operator" resolved as shift (%right "equivalent operator").
    Conflict between rule 166 and token "until operator" resolved as shift ("implication operator" < "until operator").
    Conflict between rule 166 and token "release operator" resolved as shift ("implication operator" < "release operator").
    Conflict between rule 166 and token "weak until operator" resolved as shift ("implication operator" < "weak until operator").
    Conflict between rule 166 and token "strong release operator" resolved as shift ("implication operator" < "strong release operator").
    Conflict between rule 166 and token "star operator" resolved as shift ("implication operator" < "star operator").


State 261

  169 subformula: subformula "equivalent operator" error •

    $default  reduce using rule 169 (subformula)


State 262

  156 subformula: subformula • "and operator" subformula
  157           | subformula • "and operator" error
  158           | subformula • "short and operator" subformula
  159           | subformula • "short and operator" error
  160           | subformula • "star operator" subformula
  161           | subformula • "star operator" error
  162           | subformula • "or operator" subformula
  163           | subformula • "or operator" error
  164           | subformula • "xor operator" subformula
  165           | subformula • "xor operator" error
  166           | subformula • "implication operator" subformula
  167           | subformula • "implication operator" error
  168           | subformula • "equivalent operator" subformula
  168           | subformula "equivalent operator" subformula •  [error, "closing parenthesis", "end of formula"]
  169           | subformula • "equivalent operator" error
  170           | subformula • "until operator" subformula
  171           | subformula • "until operator" error
  172           | subformula • "release operator" subformula
  173           | subformula • "release operator" error
  174           | subformula • "weak until operator" subformula
  175           | subformula • "weak until operator" error
  176           | subformula • "strong release operator" subformula
  177           | subformula • "strong release operator" error

    "or operator"              shift, and go to state 124
    "xor operator"             shift, and go to state 125
    "and operator"             shift, and go to state 126
    "short and operator"       shift, and go to state 127
    "implication operator"     shift, and go to state 128
    "equivalent operator"      shift, and go to state 129
    "until operator"           shift, and go to state 130
    "release operator"         shift, and go to state 131
    "weak until operator"      shift, and go to state 132
    "strong release operator"  shift, and go to state 133
    "star operator"            shift, and go to state 134

    $default  reduce using rule 168 (subformula)

    Conflict between rule 168 and token "or operator" resolved as shift ("equivalent operator" < "or operator").
    Conflict between rule 168 and token "xor operator" resolved as shift ("equivalent operator" < "xor operator").
    Conflict between rule 168 and token "and operator" resolved as shift ("equivalent operator" < "and operator").
    Conflict between rule 168 and token "short and operator" resolved as shift ("equivalent operator" < "short and operator").
    Conflict between rule 168 and token "implication operator" resolved as shift (%right "implication operator").
    Conflict between rule 168 and token "equivalent operator" resolved as shift (%right "equivalent operator").
    Conflict between rule 168 and token "until operator" resolved as shift ("equivalent operator" < "until operator").
    Conflict between rule 168 and token "release operator" resolved as shift ("equivalent operator" < "release operator").
    Conflict between rule 168 and token "weak until operator" resolved as shift ("equivalent operator" < "weak until operator").
    Conflict between rule 168 and token "strong release operator" resolved as shift ("equivalent operator" < "strong release operator").
    Conflict between rule 168 and token "star operator" resolved as shift ("equivalent operator" < "star operator").


State 263

  171 subformula: subformula "until operator" error •

    $default  reduce using rule 171 (subformula)


State 264

  156 subformula: subformula • "and operator" subformula
  157           | subformula • "and operator" error
  158           | subformula • "short and operator" subformula
  159           | subformula • "short and operator" error
  160           | subformula • "star operator" subformula
  161           | subformula • "star operator" error
  162           | subformula • "or operator" subformula
  163           | subformula • "or operator" error
  164           | subformula • "xor operator" subformula
  165           | subformula • "xor operator" error
  166           | subformula • "implication operator" subformula
  167           | subformula • "implication operator" error
  168           | subformula • "equivalent operator" subformula
  169           | subformula • "equivalent operator" error
  170           | subformula • "until operator" subformula
  170           | subformula "until operator" subformula •  [error, "closing parenthesis", "or operator", "xor operator", "and operator", "short and operator", "implication operator", "equivalent operator", "star operator", "end of formula"]
  171           | subformula • "until operator" error
  172           | subformula • "release operator" subformula
  173           | subformula • "release operator" error
  174           | subformula • "weak until operator" subformula
  175           | subformula • "weak until operator" error
  176           | subformula • "strong release operator" subformula
  177           | subformula • "strong release operator" error

    "until operator"           shift, and go to state 130
    "release operator"         shift, and go to state 131
    "weak until operator"      shift, and go to state 132
    "strong release operator"  shift, and go to state 133

    $default  reduce using rule 170 (subformula)

    Conflict between rule 170 and token "or operator" resolved as reduce ("or operator" < "until operator").
    Conflict between rule 170 and token "xor operator" resolved as reduce ("xor operator" < "until operator").
    Conflict between rule 170 and token "and operator" resolved as reduce ("and operator" < "until operator").
    Conflict between rule 170 and token "short and operator" resolved as reduce ("short and operator" < "until operator").
    Conflict between rule 170 and token "implication operator" resolved as reduce ("implication operator" < "until operator").
    Conflict between rule 170 and token "equivalent operator" resolved as reduce ("equivalent operator" < "until operator").
    Conflict between rule 170 and token "until operator" resolved as shift (%right "until operator").
    Conflict between rule 170 and token "release operator" resolved as shift (%right "release operator").
    Conflict between rule 170 and token "weak until operator" resolved as shift (%right "weak until operator").
    Conflict between rule 170 and token "strong release operator" resolved as shift (%right "strong release operator").
    Conflict between rule 170 and token "star operator" resolved as reduce ("star operator" < "until operator").


State 265

  173 subformula: subformula "release operator" error •

    $default  reduce using rule 173 (subformula)


State 266

  156 subformula: subformula • "and operator" subformula
  157           | subformula • "and operator" error
  158           | subformula • "short and operator" subformula
  159           | subformula • "short and operator" error
  160           | subformula • "star operator" subformula
  161           | subformula • "star operator" error
  162           | subformula • "or operator" subformula
  163           | subformula • "or operator" error
  164           | subformula • "xor operator" subformula
  165           | subformula • "xor operator" error
  166           | subformula • "implication operator" subformula
  167           | subformula • "implication operator" error
  168           | subformula • "equivalent operator" subformula
  169           | subformula • "equivalent operator" error
  170           | subformula • "until operator" subformula
  171           | subformula • "until operator" error
  172           | subformula • "release operator" subformula
  172           | subformula "release operator" subformula •  [error, "closing parenthesis", "or operator", "xor operator", "and operator", "short and operator", "implication operator", "equivalent operator", "star operator", "end of formula"]
  173           | subformula • "release operator" error
  174           | subformula • "weak until operator" subformula
  175           | subformula • "weak until operator" error
  176           | subformula • "strong release operator" subformula
  177           | subformula • "strong release operator" error

    "until operator"           shift, and go to state 130
    "release operator"         shift, and go to state 131
    "weak until operator"      shift, and go to state 132
    "strong release operator"  shift, and go to state 133

    $default  reduce using rule 172 (subformula)

    Conflict between rule 172 and token "or operator" resolved as reduce ("or operator" < "release operator").
    Conflict between rule 172 and token "xor operator" resolved as reduce ("xor operator" < "release operator").
    Conflict between rule 172 and token "and operator" resolved as reduce ("and operator" < "release operator").
    Conflict between rule 172 and token "short and operator" resolved as reduce ("short and operator" < "release operator").
    Conflict between rule 172 and token "implication operator" resolved as reduce ("implication operator" < "release operator").
    Conflict between rule 172 and token "equivalent operator" resolved as reduce ("equivalent operator" < "release operator").
    Conflict between rule 172 and token "until operator" resolved as shift (%right "until operator").
    Conflict between rule 172 and token "release operator" resolved as shift (%right "release operator").
    Conflict between rule 172 and token "weak until operator" resolved as shift (%right "weak until operator").
    Conflict between rule 172 and token "strong release operator" resolved as shift (%right "strong release operator").
    Conflict between rule 172 and token "star operator" resolved as reduce ("star operator" < "release operator").


State 267

  175 subformula: subformula "weak until operator" error •

    $default  reduce using rule 175 (subformula)


State 268

  156 subformula: subformula • "and operator" subformula
  157           | subformula • "and operator" error
  158           | subformula • "short and operator" subformula
  159           | subformula • "short and operator" error
  160           | subformula • "star operator" subformula
  161           | subformula • "star operator" error
  162           | subformula • "or operator" subformula
  163           | subformula • "or operator" error
  164           | subformula • "xor operator" subformula
  165           | subformula • "xor operator" error
  166           | subformula • "implication operator" subformula
  167           | subformula • "implication operator" error
  168           | subformula • "equivalent operator" subformula
  169           | subformula • "equivalent operator" error
  170           | subformula • "until operator" subformula
  171           | subformula • "until operator" error
  172           | subformula • "release operator" subformula
  173           | subformula • "release operator" error
  174           | subformula • "weak until operator" subformula
  174           | subformula "weak until operator" subformula •  [error, "closing parenthesis", "or operator", "xor operator", "and operator", "short and operator", "implication operator", "equivalent operator", "star operator", "end of formula"]
  175           | subformula • "weak until operator" error
  176           | subformula • "strong release operator" subformula
  177           | subformula • "strong release operator" error

    "until operator"           shift, and go to state 130
    "release operator"         shift, and go to state 131
    "weak until operator"      shift, and go to state 132
    "strong release operator"  shift, and go to state 133

    $default  reduce using rule 174 (subformula)

    Conflict between rule 174 and token "or operator" resolved as reduce ("or operator" < "weak until operator").
    Conflict between rule 174 and token "xor operator" resolved as reduce ("xor operator" < "weak until operator").
    Conflict between rule 174 and token "and operator" resolved as reduce ("and operator" < "weak until operator").
    Conflict between rule 174 and token "short and operator" resolved as reduce ("short and operator" < "weak until operator").
    Conflict between rule 174 and token "implication operator" resolved as reduce ("implication operator" < "weak until operator").
    Conflict between rule 174 and token "equivalent operator" resolved as reduce ("equivalent operator" < "weak until operator").
    Conflict between rule 174 and token "until operator" resolved as shift (%right "until operator").
    Conflict between rule 174 and token "release operator" resolved as shift (%right "release operator").
    Conflict between rule 174 and token "weak until operator" resolved as shift (%right "weak until operator").
    Conflict between rule 174 and token "strong release operator" resolved as shift (%right "strong release operator").
    Conflict between rule 174 and token "star operator" resolved as reduce ("star operator" < "weak until operator").


State 269

  177 subformula: subformula "strong release operator" error •

    $default  reduce using rule 177 (subformula)


State 270

  156 subformula: subformula • "and operator" subformula
  157           | subformula • "and operator" error
  158           | subformula • "short and operator" subformula
  159           | subformula • "short and operator" error
  160           | subformula • "star operator" subformula
  161           | subformula • "star operator" error
  162           | subformula • "or operator" subformula
  163           | subformula • "or operator" error
  164           | subformula • "xor operator" subformula
  165           | subformula • "xor operator" error
  166           | subformula • "implication operator" subformula
  167           | subformula • "implication operator" error
  168           | subformula • "equivalent operator" subformula
  169           | subformula • "equivalent operator" error
  170           | subformula • "until operator" subformula
  171           | subformula • "until operator" error
  172           | subformula • "release operator" subformula
  173           | subformula • "release operator" error
  174           | subformula • "weak until operator" subformula
  175           | subformula • "weak until operator" error
  176           | subformula • "strong release operator" subformula
  176           | subformula "strong release operator" subformula •  [error, "closing parenthesis", "or operator", "xor operator", "and operator", "short and operator", "implication operator", "equivalent operator", "star operator", "end of formula"]
  177           | subformula • "strong release operator" error

    "until operator"           shift, and go to state 130
    "release operator"         shift, and go to state 131
    "weak until operator"      shift, and go to state 132
    "strong release operator"  shift, and go to state 133

    $default  reduce using rule 176 (subformula)

    Conflict between rule 176 and token "or operator" resolved as reduce ("or operator" < "strong release operator").
    Conflict between rule 176 and token "xor operator" resolved as reduce ("xor operator" < "strong release operator").
    Conflict between rule 176 and token "and operator" resolved as reduce ("and operator" < "strong release operator").
    Conflict between rule 176 and token "short and operator" resolved as reduce ("short and operator" < "strong release operator").
    Conflict between rule 176 and token "implication operator" resolved as reduce ("implication operator" < "strong release operator").
    Conflict between rule 176 and token "equivalent operator" resolved as reduce ("equivalent operator" < "strong release operator").
    Conflict between rule 176 and token "until operator" resolved as shift (%right "until operator").
    Conflict between rule 176 and token "release operator" resolved as shift (%right "release operator").
    Conflict between rule 176 and token "weak until operator" resolved as shift (%right "weak until operator").
    Conflict between rule 176 and token "strong release operator" resolved as shift (%right "strong release operator").
    Conflict between rule 176 and token "star operator" resolved as reduce ("star operator" < "strong release operator").


State 271

  161 subformula: subformula "star operator" error •

    $default  reduce using rule 161 (subformula)


State 272

  156 subformula: subformula • "and operator" subformula
  157           | subformula • "and operator" error
  158           | subformula • "short and operator" subformula
  159           | subformula • "short and operator" error
  160           | subformula • "star operator" subformula
  160           | subformula "star operator" subformula •  [error, "closing parenthesis", "or operator", "xor operator", "and operator", "short and operator", "implication operator", "equivalent operator", "star operator", "end of formula"]
  161           | subformula • "star operator" error
  162           | subformula • "or operator" subformula
  163           | subformula • "or operator" error
  164           | subformula • "xor operator" subformula
  165           | subformula • "xor operator" error
  166           | subformula • "implication operator" subformula
  167           | subformula • "implication operator" error
  168           | subformula • "equivalent operator" subformula
  169           | subformula • "equivalent operator" error
  170           | subformula • "until operator" subformula
  171           | subformula • "until operator" error
  172           | subformula • "release operator" subformula
  173           | subformula • "release operator" error
  174           | subformula • "weak until operator" subformula
  175           | subformula • "weak until operator" error
  176           | subformula • "strong release operator" subformula
  177           | subformula • "strong release operator" error

    "until operator"           shift, and go to state 130
    "release operator"         shift, and go to state 131
    "weak until operator"      shift, and go to state 132
    "strong release operator"  shift, and go to state 133

    $default  reduce using rule 160 (subformula)

    Conflict between rule 160 and token "or operator" resolved as reduce ("or operator" < "star operator").
    Conflict between rule 160 and token "xor operator" resolved as reduce ("xor operator" < "star operator").
    Conflict between rule 160 and token "and operator" resolved as reduce ("and operator" < "star operator").
    Conflict between rule 160 and token "short and operator" resolved as reduce ("short and operator" < "star operator").
    Conflict between rule 160 and token "implication operator" resolved as reduce ("implication operator" < "star operator").
    Conflict between rule 160 and token "equivalent operator" resolved as reduce ("equivalent operator" < "star operator").
    Conflict between rule 160 and token "until operator" resolved as shift ("star operator" < "until operator").
    Conflict between rule 160 and token "release operator" resolved as shift ("star operator" < "release operator").
    Conflict between rule 160 and token "weak until operator" resolved as shift ("star operator" < "weak until operator").
    Conflict between rule 160 and token "strong release operator" resolved as shift ("star operator" < "strong release operator").
    Conflict between rule 160 and token "star operator" resolved as reduce (%left "star operator").


State 273

  231 lbtformula: '&' lbtformula lbtformula •

    $default  reduce using rule 231 (lbtformula)


State 274

  232 lbtformula: '|' lbtformula lbtformula •

    $default  reduce using rule 232 (lbtformula)


State 275

  233 lbtformula: '^' lbtformula lbtformula •

    $default  reduce using rule 233 (lbtformula)


State 276

  234 lbtformula: 'i' lbtformula lbtformula •

    $default  reduce using rule 234 (lbtformula)


State 277

  235 lbtformula: 'e' lbtformula lbtformula •

    $default  reduce using rule 235 (lbtformula)


State 278

  239 lbtformula: 'U' lbtformula lbtformula •

    $default  reduce using rule 239 (lbtformula)


State 279

  240 lbtformula: 'V' lbtformula lbtformula •

    $default  reduce using rule 240 (lbtformula)


State 280

  241 lbtformula: 'R' lbtformula lbtformula •

    $default  reduce using rule 241 (lbtformula)


State 281

  242 lbtformula: 'W' lbtformula lbtformula •

    $default  reduce using rule 242 (lbtformula)


State 282

  243 lbtformula: 'M' lbtformula lbtformula •

    $default  reduce using rule 243 (lbtformula)


State 283

   72 sere: "opening parenthesis" error "closing parenthesis" •

    $default  reduce using rule 72 (sere)


State 284

   74 sere: "opening parenthesis" error "end of formula" •

    $default  reduce using rule 74 (sere)


State 285

   71 sere: "opening parenthesis" sere "closing parenthesis" •

    $default  reduce using rule 71 (sere)


State 286

   73 sere: "opening parenthesis" sere "end of formula" •

    $default  reduce using rule 73 (sere)


State 287

   46 starargs: "opening bracket for star operator" error "closing bracket" •

    $default  reduce using rule 46 (starargs)


State 288

   22 OP_SQBKT_SEP_unbounded: "separator for square bracket operator" "unbounded mark" •

    $default  reduce using rule 22 (OP_SQBKT_SEP_unbounded)


State 289

   30 sqbracketargs: "separator for square bracket operator" sqbkt_num • "closing bracket"

    "closing bracket"  shift, and go to state 378


State 290

   31 sqbracketargs: OP_SQBKT_SEP_opt "closing bracket" •

    $default  reduce using rule 31 (sqbracketargs)


State 291

   47 starargs: "opening bracket for star operator" error_opt "end of formula" •

    $default  reduce using rule 47 (starargs)


State 292

   32 sqbracketargs: sqbkt_num "closing bracket" •

    $default  reduce using rule 32 (sqbracketargs)


State 293

   21 OP_SQBKT_SEP_unbounded: "separator for square bracket operator" •  ["closing bracket"]
   22                       | "separator for square bracket operator" • "unbounded mark"
   27 sqbkt_num: • "number for square bracket operator"
   28 sqbracketargs: sqbkt_num "separator for square bracket operator" • sqbkt_num "closing bracket"

    "number for square bracket operator"  shift, and go to state 104
    "unbounded mark"                      shift, and go to state 288

    $default  reduce using rule 21 (OP_SQBKT_SEP_unbounded)

    sqbkt_num  go to state 379


State 294

   29 sqbracketargs: sqbkt_num OP_SQBKT_SEP_unbounded • "closing bracket"

    "closing bracket"  shift, and go to state 380


State 295

   33 gotoargs: • "opening bracket for goto operator" sqbkt_num "separator for square bracket operator" sqbkt_num "closing bracket"
   34         | • "opening bracket for goto operator" sqbkt_num OP_SQBKT_SEP_unbounded "closing bracket"
   35         | • "opening bracket for goto operator" "separator for square bracket operator" sqbkt_num "closing bracket"
   36         | • "opening bracket for goto operator" OP_SQBKT_SEP_unbounded "closing bracket"
   37         | • "opening bracket for goto operator" "closing bracket"
   38         | • "opening bracket for goto operator" sqbkt_num "closing bracket"
   39         | • "opening bracket for goto operator" error "closing bracket"
   40         | • "opening bracket for goto operator" error_opt "end of formula"
   41 kleen_star: • "star operator"
   42           | • "bracket star operator"
   43 starargs: • kleen_star
   44         | • "plus operator"
   45         | • "opening bracket for star operator" sqbracketargs
   46         | • "opening bracket for star operator" error "closing bracket"
   47         | • "opening bracket for star operator" error_opt "end of formula"
   48 fstarargs: • "bracket fusion-star operator"
   49          | • "fusion-plus operator"
   50          | • "opening bracket for fusion-star operator" sqbracketargs
   51          | • "opening bracket for fusion-star operator" error "closing bracket"
   52          | • "opening bracket for fusion-star operator" error_opt "end of formula"
   53 equalargs: • "opening bracket for equal operator" sqbracketargs
   54          | • "opening bracket for equal operator" error "closing bracket"
   55          | • "opening bracket for equal operator" error_opt "end of formula"
   56 delayargs: • "opening bracket for SVA delay operator" sqbracketargs
   57          | • "opening bracket for SVA delay operator" error "closing bracket"
   58          | • "opening bracket for SVA delay operator" error_opt "end of formula"
   59          | • "##[+] operator"
   60          | • "##[*] operator"
   75 sere: sere • "and operator" sere
   76     | sere • "and operator" error
   77     | sere • "short and operator" sere
   78     | sere • "short and operator" error
   79     | sere • "or operator" sere
   80     | sere • "or operator" error
   81     | sere • "concat operator" sere
   82     | sere • "concat operator" error
   83     | sere • ":" sere
   84     | sere • ":" error
   87     | sere • "SVA delay operator" sere
   88     | sere • "SVA delay operator" error
   91     | sere • delayargs sere
   92     | sere • delayargs error
   94     | sere • starargs
   95     | sere • fstarargs
   96     | sere • equalargs
   97     | sere • gotoargs
   98     | sere • "xor operator" sere
   99     | sere • "xor operator" error
  100     | sere • "implication operator" sere
  101     | sere • "implication operator" error
  102     | sere • "equivalent operator" sere
  103     | sere • "equivalent operator" error
  104     | "first_match" "opening parenthesis" sere • "closing parenthesis"

    "closing parenthesis"                       shift, and go to state 381
    "or operator"                               shift, and go to state 172
    "xor operator"                              shift, and go to state 173
    "and operator"                              shift, and go to state 174
    "short and operator"                        shift, and go to state 175
    "implication operator"                      shift, and go to state 176
    "equivalent operator"                       shift, and go to state 177
    "star operator"                             shift, and go to state 59
    "bracket star operator"                     shift, and go to state 60
    "bracket fusion-star operator"              shift, and go to state 178
    "plus operator"                             shift, and go to state 61
    "fusion-plus operator"                      shift, and go to state 179
    "opening bracket for star operator"         shift, and go to state 62
    "opening bracket for fusion-star operator"  shift, and go to state 180
    "opening bracket for equal operator"        shift, and go to state 181
    "opening bracket for goto operator"         shift, and go to state 182
    "concat operator"                           shift, and go to state 183
    ":"                                         shift, and go to state 184
    "SVA delay operator"                        shift, and go to state 186
    "opening bracket for SVA delay operator"    shift, and go to state 65
    "##[+] operator"                            shift, and go to state 66
    "##[*] operator"                            shift, and go to state 67

    gotoargs    go to state 188
    kleen_star  go to state 70
    starargs    go to state 189
    fstarargs   go to state 190
    equalargs   go to state 191
    delayargs   go to state 192


State 296

   57 delayargs: "opening bracket for SVA delay operator" error "closing bracket" •

    $default  reduce using rule 57 (delayargs)


State 297

   58 delayargs: "opening bracket for SVA delay operator" error_opt "end of formula" •

    $default  reduce using rule 58 (delayargs)


State 298

   80 sere: sere "or operator" error •

    $default  reduce using rule 80 (sere)


State 299

   33 gotoargs: • "opening bracket for goto operator" sqbkt_num "separator for square bracket operator" sqbkt_num "closing bracket"
   34         | • "opening bracket for goto operator" sqbkt_num OP_SQBKT_SEP_unbounded "closing bracket"
   35         | • "opening bracket for goto operator" "separator for square bracket operator" sqbkt_num "closing bracket"
   36         | • "opening bracket for goto operator" OP_SQBKT_SEP_unbounded "closing bracket"
   37         | • "opening bracket for goto operator" "closing bracket"
   38         | • "opening bracket for goto operator" sqbkt_num "closing bracket"
   39         | • "opening bracket for goto operator" error "closing bracket"
   40         | • "opening bracket for goto operator" error_opt "end of formula"
   41 kleen_star: • "star operator"
   42           | • "bracket star operator"
   43 starargs: • kleen_star
   44         | • "plus operator"
   45         | • "opening bracket for star operator" sqbracketargs
   46         | • "opening bracket for star operator" error "closing bracket"
   47         | • "opening bracket for star operator" error_opt "end of formula"
   48 fstarargs: • "bracket fusion-star operator"
   49          | • "fusion-plus operator"
   50          | • "opening bracket for fusion-star operator" sqbracketargs
   51          | • "opening bracket for fusion-star operator" error "closing bracket"
   52          | • "opening bracket for fusion-star operator" error_opt "end of formula"
   53 equalargs: • "opening bracket for equal operator" sqbracketargs
   54          | • "opening bracket for equal operator" error "closing bracket"
   55          | • "opening bracket for equal operator" error_opt "end of formula"
   56 delayargs: • "opening bracket for SVA delay operator" sqbracketargs
   57          | • "opening bracket for SVA delay operator" error "closing bracket"
   58          | • "opening bracket for SVA delay operator" error_opt "end of formula"
   59          | • "##[+] operator"
   60          | • "##[*] operator"
   75 sere: sere • "and operator" sere
   76     | sere • "and operator" error
   77     | sere • "short and operator" sere
   78     | sere • "short and operator" error
   79     | sere • "or operator" sere
   79     | sere "or operator" sere •  [error, "closing parenthesis", "closing brace", "closing brace-bang", "or operator", "implication operator", "equivalent operator", "concat operator", ":", "end of formula", "SVA delay operator", "opening bracket for SVA delay operator", "##[+] operator", "##[*] operator"]
   80     | sere • "or operator" error
   81     | sere • "concat operator" sere
   82     | sere • "concat operator" error
   83     | sere • ":" sere
   84     | sere • ":" error
   87     | sere • "SVA delay operator" sere
   88     | sere • "SVA delay operator" error
   91     | sere • delayargs sere
   92     | sere • delayargs error
   94     | sere • starargs
   95     | sere • fstarargs
   96     | sere • equalargs
   97     | sere • gotoargs
   98     | sere • "xor operator" sere
   99     | sere • "xor operator" error
  100     | sere • "implication operator" sere
  101     | sere • "implication operator" error
  102     | sere • "equivalent operator" sere
  103     | sere • "equivalent operator" error

    "xor operator"                              shift, and go to state 173
    "and operator"                              shift, and go to state 174
    "short and operator"                        shift, and go to state 175
    "star operator"                             shift, and go to state 59
    "bracket star operator"                     shift, and go to state 60
    "bracket fusion-star operator"              shift, and go to state 178
    "plus operator"                             shift, and go to state 61
    "fusion-plus operator"                      shift, and go to state 179
    "opening bracket for star operator"         shift, and go to state 62
    "opening bracket for fusion-star operator"  shift, and go to state 180
    "opening bracket for equal operator"        shift, and go to state 181
    "opening bracket for goto operator"         shift, and go to state 182

    $default  reduce using rule 79 (sere)

    gotoargs    go to state 188
    kleen_star  go to state 70
    starargs    go to state 189
    fstarargs   go to state 190
    equalargs   go to state 191
    delayargs   go to state 192

    Conflict between rule 79 and token "or operator" resolved as reduce (%left "or operator").
    Conflict between rule 79 and token "xor operator" resolved as shift ("or operator" < "xor operator").
    Conflict between rule 79 and token "and operator" resolved as shift ("or operator" < "and operator").
    Conflict between rule 79 and token "short and operator" resolved as shift ("or operator" < "short and operator").
    Conflict between rule 79 and token "implication operator" resolved as reduce ("implication operator" < "or operator").
    Conflict between rule 79 and token "equivalent operator" resolved as reduce ("equivalent operator" < "or operator").
    Conflict between rule 79 and token "star operator" resolved as shift ("or operator" < "star operator").
    Conflict between rule 79 and token "bracket star operator" resolved as shift ("or operator" < "bracket star operator").
    Conflict between rule 79 and token "bracket fusion-star operator" resolved as shift ("or operator" < "bracket fusion-star operator").
    Conflict between rule 79 and token "plus operator" resolved as shift ("or operator" < "plus operator").
    Conflict between rule 79 and token "fusion-plus operator" resolved as shift ("or operator" < "fusion-plus operator").
    Conflict between rule 79 and token "opening bracket for star operator" resolved as shift ("or operator" < "opening bracket for star operator").
    Conflict between rule 79 and token "opening bracket for fusion-star operator" resolved as shift ("or operator" < "opening bracket for fusion-star operator").
    Conflict between rule 79 and token "opening bracket for equal operator" resolved as shift ("or operator" < "opening bracket for equal operator").
    Conflict between rule 79 and token "opening bracket for goto operator" resolved as shift ("or operator" < "opening bracket for goto operator").
    Conflict between rule 79 and token "concat operator" resolved as reduce ("concat operator" < "or operator").
    Conflict between rule 79 and token ":" resolved as reduce (":" < "or operator").
    Conflict between rule 79 and token "SVA delay operator" resolved as reduce ("SVA delay operator" < "or operator").
    Conflict between rule 79 and token "opening bracket for SVA delay operator" resolved as reduce ("opening bracket for SVA delay operator" < "or operator").
    Conflict between rule 79 and token "##[+] operator" resolved as reduce ("##[+] operator" < "or operator").
    Conflict between rule 79 and token "##[*] operator" resolved as reduce ("##[*] operator" < "or operator").


State 300

   99 sere: sere "xor operator" error •

    $default  reduce using rule 99 (sere)


State 301

   33 gotoargs: • "opening bracket for goto operator" sqbkt_num "separator for square bracket operator" sqbkt_num "closing bracket"
   34         | • "opening bracket for goto operator" sqbkt_num OP_SQBKT_SEP_unbounded "closing bracket"
   35         | • "opening bracket for goto operator" "separator for square bracket operator" sqbkt_num "closing bracket"
   36         | • "opening bracket for goto operator" OP_SQBKT_SEP_unbounded "closing bracket"
   37         | • "opening bracket for goto operator" "closing bracket"
   38         | • "opening bracket for goto operator" sqbkt_num "closing bracket"
   39         | • "opening bracket for goto operator" error "closing bracket"
   40         | • "opening bracket for goto operator" error_opt "end of formula"
   41 kleen_star: • "star operator"
   42           | • "bracket star operator"
   43 starargs: • kleen_star
   44         | • "plus operator"
   45         | • "opening bracket for star operator" sqbracketargs
   46         | • "opening bracket for star operator" error "closing bracket"
   47         | • "opening bracket for star operator" error_opt "end of formula"
   48 fstarargs: • "bracket fusion-star operator"
   49          | • "fusion-plus operator"
   50          | • "opening bracket for fusion-star operator" sqbracketargs
   51          | • "opening bracket for fusion-star operator" error "closing bracket"
   52          | • "opening bracket for fusion-star operator" error_opt "end of formula"
   53 equalargs: • "opening bracket for equal operator" sqbracketargs
   54          | • "opening bracket for equal operator" error "closing bracket"
   55          | • "opening bracket for equal operator" error_opt "end of formula"
   56 delayargs: • "opening bracket for SVA delay operator" sqbracketargs
   57          | • "opening bracket for SVA delay operator" error "closing bracket"
   58          | • "opening bracket for SVA delay operator" error_opt "end of formula"
   59          | • "##[+] operator"
   60          | • "##[*] operator"
   75 sere: sere • "and operator" sere
   76     | sere • "and operator" error
   77     | sere • "short and operator" sere
   78     | sere • "short and operator" error
   79     | sere • "or operator" sere
   80     | sere • "or operator" error
   81     | sere • "concat operator" sere
   82     | sere • "concat operator" error
   83     | sere • ":" sere
   84     | sere • ":" error
   87     | sere • "SVA delay operator" sere
   88     | sere • "SVA delay operator" error
   91     | sere • delayargs sere
   92     | sere • delayargs error
   94     | sere • starargs
   95     | sere • fstarargs
   96     | sere • equalargs
   97     | sere • gotoargs
   98     | sere • "xor operator" sere
   98     | sere "xor operator" sere •  [error, "closing parenthesis", "closing brace", "closing brace-bang", "or operator", "xor operator", "implication operator", "equivalent operator", "concat operator", ":", "end of formula", "SVA delay operator", "opening bracket for SVA delay operator", "##[+] operator", "##[*] operator"]
   99     | sere • "xor operator" error
  100     | sere • "implication operator" sere
  101     | sere • "implication operator" error
  102     | sere • "equivalent operator" sere
  103     | sere • "equivalent operator" error

    "and operator"                              shift, and go to state 174
    "short and operator"                        shift, and go to state 175
    "star operator"                             shift, and go to state 59
    "bracket star operator"                     shift, and go to state 60
    "bracket fusion-star operator"              shift, and go to state 178
    "plus operator"                             shift, and go to state 61
    "fusion-plus operator"                      shift, and go to state 179
    "opening bracket for star operator"         shift, and go to state 62
    "opening bracket for fusion-star operator"  shift, and go to state 180
    "opening bracket for equal operator"        shift, and go to state 181
    "opening bracket for goto operator"         shift, and go to state 182

    $default  reduce using rule 98 (sere)

    gotoargs    go to state 188
    kleen_star  go to state 70
    starargs    go to state 189
    fstarargs   go to state 190
    equalargs   go to state 191
    delayargs   go to state 192

    Conflict between rule 98 and token "or operator" resolved as reduce ("or operator" < "xor operator").
    Conflict between rule 98 and token "xor operator" resolved as reduce (%left "xor operator").
    Conflict between rule 98 and token "and operator" resolved as shift ("xor operator" < "and operator").
    Conflict between rule 98 and token "short and operator" resolved as shift ("xor operator" < "short and operator").
    Conflict between rule 98 and token "implication operator" resolved as reduce ("implication operator" < "xor operator").
    Conflict between rule 98 and token "equivalent operator" resolved as reduce ("equivalent operator" < "xor operator").
    Conflict between rule 98 and token "star operator" resolved as shift ("xor operator" < "star operator").
    Conflict between rule 98 and token "bracket star operator" resolved as shift ("xor operator" < "bracket star operator").
    Conflict between rule 98 and token "bracket fusion-star operator" resolved as shift ("xor operator" < "bracket fusion-star operator").
    Conflict between rule 98 and token "plus operator" resolved as shift ("xor operator" < "plus operator").
    Conflict between rule 98 and token "fusion-plus operator" resolved as shift ("xor operator" < "fusion-plus operator").
    Conflict between rule 98 and token "opening bracket for star operator" resolved as shift ("xor operator" < "opening bracket for star operator").
    Conflict between rule 98 and token "opening bracket for fusion-star operator" resolved as shift ("xor operator" < "opening bracket for fusion-star operator").
    Conflict between rule 98 and token "opening bracket for equal operator" resolved as shift ("xor operator" < "opening bracket for equal operator").
    Conflict between rule 98 and token "opening bracket for goto operator" resolved as shift ("xor operator" < "opening bracket for goto operator").
    Conflict between rule 98 and token "concat operator" resolved as reduce ("concat operator" < "xor operator").
    Conflict between rule 98 and token ":" resolved as reduce (":" < "xor operator").
    Conflict between rule 98 and token "SVA delay operator" resolved as reduce ("SVA delay operator" < "xor operator").
    Conflict between rule 98 and token "opening bracket for SVA delay operator" resolved as reduce ("opening bracket for SVA delay operator" < "xor operator").
    Conflict between rule 98 and token "##[+] operator" resolved as reduce ("##[+] operator" < "xor operator").
    Conflict between rule 98 and token "##[*] operator" resolved as reduce ("##[*] operator" < "xor operator").


State 302

   76 sere: sere "and operator" error •

    $default  reduce using rule 76 (sere)


State 303

   33 gotoargs: • "opening bracket for goto operator" sqbkt_num "separator for square bracket operator" sqbkt_num "closing bracket"
   34         | • "opening bracket for goto operator" sqbkt_num OP_SQBKT_SEP_unbounded "closing bracket"
   35         | • "opening bracket for goto operator" "separator for square bracket operator" sqbkt_num "closing bracket"
   36         | • "opening bracket for goto operator" OP_SQBKT_SEP_unbounded "closing bracket"
   37         | • "opening bracket for goto operator" "closing bracket"
   38         | • "opening bracket for goto operator" sqbkt_num "closing bracket"
   39         | • "opening bracket for goto operator" error "closing bracket"
   40         | • "opening bracket for goto operator" error_opt "end of formula"
   41 kleen_star: • "star operator"
   42           | • "bracket star operator"
   43 starargs: • kleen_star
   44         | • "plus operator"
   45         | • "opening bracket for star operator" sqbracketargs
   46         | • "opening bracket for star operator" error "closing bracket"
   47         | • "opening bracket for star operator" error_opt "end of formula"
   48 fstarargs: • "bracket fusion-star operator"
   49          | • "fusion-plus operator"
   50          | • "opening bracket for fusion-star operator" sqbracketargs
   51          | • "opening bracket for fusion-star operator" error "closing bracket"
   52          | • "opening bracket for fusion-star operator" error_opt "end of formula"
   53 equalargs: • "opening bracket for equal operator" sqbracketargs
   54          | • "opening bracket for equal operator" error "closing bracket"
   55          | • "opening bracket for equal operator" error_opt "end of formula"
   56 delayargs: • "opening bracket for SVA delay operator" sqbracketargs
   57          | • "opening bracket for SVA delay operator" error "closing bracket"
   58          | • "opening bracket for SVA delay operator" error_opt "end of formula"
   59          | • "##[+] operator"
   60          | • "##[*] operator"
   75 sere: sere • "and operator" sere
   75     | sere "and operator" sere •  [error, "closing parenthesis", "closing brace", "closing brace-bang", "or operator", "xor operator", "and operator", "short and operator", "implication operator", "equivalent operator", "concat operator", ":", "end of formula", "SVA delay operator", "opening bracket for SVA delay operator", "##[+] operator", "##[*] operator"]
   76     | sere • "and operator" error
   77     | sere • "short and operator" sere
   78     | sere • "short and operator" error
   79     | sere • "or operator" sere
   80     | sere • "or operator" error
   81     | sere • "concat operator" sere
   82     | sere • "concat operator" error
   83     | sere • ":" sere
   84     | sere • ":" error
   87     | sere • "SVA delay operator" sere
   88     | sere • "SVA delay operator" error
   91     | sere • delayargs sere
   92     | sere • delayargs error
   94     | sere • starargs
   95     | sere • fstarargs
   96     | sere • equalargs
   97     | sere • gotoargs
   98     | sere • "xor operator" sere
   99     | sere • "xor operator" error
  100     | sere • "implication operator" sere
  101     | sere • "implication operator" error
  102     | sere • "equivalent operator" sere
  103     | sere • "equivalent operator" error

    "star operator"                             shift, and go to state 59
    "bracket star operator"                     shift, and go to state 60
    "bracket fusion-star operator"              shift, and go to state 178
    "plus operator"                             shift, and go to state 61
    "fusion-plus operator"                      shift, and go to state 179
    "opening bracket for star operator"         shift, and go to state 62
    "opening bracket for fusion-star operator"  shift, and go to state 180
    "opening bracket for equal operator"        shift, and go to state 181
    "opening bracket for goto operator"         shift, and go to state 182

    $default  reduce using rule 75 (sere)

    gotoargs    go to state 188
    kleen_star  go to state 70
    starargs    go to state 189
    fstarargs   go to state 190
    equalargs   go to state 191
    delayargs   go to state 192

    Conflict between rule 75 and token "or operator" resolved as reduce ("or operator" < "and operator").
    Conflict between rule 75 and token "xor operator" resolved as reduce ("xor operator" < "and operator").
    Conflict between rule 75 and token "and operator" resolved as reduce (%left "and operator").
    Conflict between rule 75 and token "short and operator" resolved as reduce (%left "short and operator").
    Conflict between rule 75 and token "implication operator" resolved as reduce ("implication operator" < "and operator").
    Conflict between rule 75 and token "equivalent operator" resolved as reduce ("equivalent operator" < "and operator").
    Conflict between rule 75 and token "star operator" resolved as shift ("and operator" < "star operator").
    Conflict between rule 75 and token "bracket star operator" resolved as shift ("and operator" < "bracket star operator").
    Conflict between rule 75 and token "bracket fusion-star operator" resolved as shift ("and operator" < "bracket fusion-star operator").
    Conflict between rule 75 and token "plus operator" resolved as shift ("and operator" < "plus operator").
    Conflict between rule 75 and token "fusion-plus operator" resolved as shift ("and operator" < "fusion-plus operator").
    Conflict between rule 75 and token "opening bracket for star operator" resolved as shift ("and operator" < "opening bracket for star operator").
    Conflict between rule 75 and token "opening bracket for fusion-star operator" resolved as shift ("and operator" < "opening bracket for fusion-star operator").
    Conflict between rule 75 and token "opening bracket for equal operator" resolved as shift ("and operator" < "opening bracket for equal operator").
    Conflict between rule 75 and token "opening bracket for goto operator" resolved as shift ("and operator" < "opening bracket for goto operator").
    Conflict between rule 75 and token "concat operator" resolved as reduce ("concat operator" < "and operator").
    Conflict between rule 75 and token ":" resolved as reduce (":" < "and operator").
    Conflict between rule 75 and token "SVA delay operator" resolved as reduce ("SVA delay operator" < "and operator").
    Conflict between rule 75 and token "opening bracket for SVA delay operator" resolved as reduce ("opening bracket for SVA delay operator" < "and operator").
    Conflict between rule 75 and token "##[+] operator" resolved as reduce ("##[+] operator" < "and operator").
    Conflict between rule 75 and token "##[*] operator" resolved as reduce ("##[*] operator" < "and operator").


State 304

   78 sere: sere "short and operator" error •

    $default  reduce using rule 78 (sere)


State 305

   33 gotoargs: • "opening bracket for goto operator" sqbkt_num "separator for square bracket operator" sqbkt_num "closing bracket"
   34         | • "opening bracket for goto operator" sqbkt_num OP_SQBKT_SEP_unbounded "closing bracket"
   35         | • "opening bracket for goto operator" "separator for square bracket operator" sqbkt_num "closing bracket"
   36         | • "opening bracket for goto operator" OP_SQBKT_SEP_unbounded "closing bracket"
   37         | • "opening bracket for goto operator" "closing bracket"
   38         | • "opening bracket for goto operator" sqbkt_num "closing bracket"
   39         | • "opening bracket for goto operator" error "closing bracket"
   40         | • "opening bracket for goto operator" error_opt "end of formula"
   41 kleen_star: • "star operator"
   42           | • "bracket star operator"
   43 starargs: • kleen_star
   44         | • "plus operator"
   45         | • "opening bracket for star operator" sqbracketargs
   46         | • "opening bracket for star operator" error "closing bracket"
   47         | • "opening bracket for star operator" error_opt "end of formula"
   48 fstarargs: • "bracket fusion-star operator"
   49          | • "fusion-plus operator"
   50          | • "opening bracket for fusion-star operator" sqbracketargs
   51          | • "opening bracket for fusion-star operator" error "closing bracket"
   52          | • "opening bracket for fusion-star operator" error_opt "end of formula"
   53 equalargs: • "opening bracket for equal operator" sqbracketargs
   54          | • "opening bracket for equal operator" error "closing bracket"
   55          | • "opening bracket for equal operator" error_opt "end of formula"
   56 delayargs: • "opening bracket for SVA delay operator" sqbracketargs
   57          | • "opening bracket for SVA delay operator" error "closing bracket"
   58          | • "opening bracket for SVA delay operator" error_opt "end of formula"
   59          | • "##[+] operator"
   60          | • "##[*] operator"
   75 sere: sere • "and operator" sere
   76     | sere • "and operator" error
   77     | sere • "short and operator" sere
   77     | sere "short and operator" sere •  [error, "closing parenthesis", "closing brace", "closing brace-bang", "or operator", "xor operator", "and operator", "short and operator", "implication operator", "equivalent operator", "concat operator", ":", "end of formula", "SVA delay operator", "opening bracket for SVA delay operator", "##[+] operator", "##[*] operator"]
   78     | sere • "short and operator" error
   79     | sere • "or operator" sere
   80     | sere • "or operator" error
   81     | sere • "concat operator" sere
   82     | sere • "concat operator" error
   83     | sere • ":" sere
   84     | sere • ":" error
   87     | sere • "SVA delay operator" sere
   88     | sere • "SVA delay operator" error
   91     | sere • delayargs sere
   92     | sere • delayargs error
   94     | sere • starargs
   95     | sere • fstarargs
   96     | sere • equalargs
   97     | sere • gotoargs
   98     | sere • "xor operator" sere
   99     | sere • "xor operator" error
  100     | sere • "implication operator" sere
  101     | sere • "implication operator" error
  102     | sere • "equivalent operator" sere
  103     | sere • "equivalent operator" error

    "star operator"                             shift, and go to state 59
    "bracket star operator"                     shift, and go to state 60
    "bracket fusion-star operator"              shift, and go to state 178
    "plus operator"                             shift, and go to state 61
    "fusion-plus operator"                      shift, and go to state 179
    "opening bracket for star operator"         shift, and go to state 62
    "opening bracket for fusion-star operator"  shift, and go to state 180
    "opening bracket for equal operator"        shift, and go to state 181
    "opening bracket for goto operator"         shift, and go to state 182

    $default  reduce using rule 77 (sere)

    gotoargs    go to state 188
    kleen_star  go to state 70
    starargs    go to state 189
    fstarargs   go to state 190
    equalargs   go to state 191
    delayargs   go to state 192

    Conflict between rule 77 and token "or operator" resolved as reduce ("or operator" < "short and operator").
    Conflict between rule 77 and token "xor operator" resolved as reduce ("xor operator" < "short and operator").
    Conflict between rule 77 and token "and operator" resolved as reduce (%left "and operator").
    Conflict between rule 77 and token "short and operator" resolved as reduce (%left "short and operator").
    Conflict between rule 77 and token "implication operator" resolved as reduce ("implication operator" < "short and operator").
    Conflict between rule 77 and token "equivalent operator" resolved as reduce ("equivalent operator" < "short and operator").
    Conflict between rule 77 and token "star operator" resolved as shift ("short and operator" < "star operator").
    Conflict between rule 77 and token "bracket star operator" resolved as shift ("short and operator" < "bracket star operator").
    Conflict between rule 77 and token "bracket fusion-star operator" resolved as shift ("short and operator" < "bracket fusion-star operator").
    Conflict between rule 77 and token "plus operator" resolved as shift ("short and operator" < "plus operator").
    Conflict between rule 77 and token "fusion-plus operator" resolved as shift ("short and operator" < "fusion-plus operator").
    Conflict between rule 77 and token "opening bracket for star operator" resolved as shift ("short and operator" < "opening bracket for star operator").
    Conflict between rule 77 and token "opening bracket for fusion-star operator" resolved as shift ("short and operator" < "opening bracket for fusion-star operator").
    Conflict between rule 77 and token "opening bracket for equal operator" resolved as shift ("short and operator" < "opening bracket for equal operator").
    Conflict between rule 77 and token "opening bracket for goto operator" resolved as shift ("short and operator" < "opening bracket for goto operator").
    Conflict between rule 77 and token "concat operator" resolved as reduce ("concat operator" < "short and operator").
    Conflict between rule 77 and token ":" resolved as reduce (":" < "short and operator").
    Conflict between rule 77 and token "SVA delay operator" resolved as reduce ("SVA delay operator" < "short and operator").
    Conflict between rule 77 and token "opening bracket for SVA delay operator" resolved as reduce ("opening bracket for SVA delay operator" < "short and operator").
    Conflict between rule 77 and token "##[+] operator" resolved as reduce ("##[+] operator" < "short and operator").
    Conflict between rule 77 and token "##[*] operator" resolved as reduce ("##[*] operator" < "short and operator").


State 306

  101 sere: sere "implication operator" error •

    $default  reduce using rule 101 (sere)


State 307

   33 gotoargs: • "opening bracket for goto operator" sqbkt_num "separator for square bracket operator" sqbkt_num "closing bracket"
   34         | • "opening bracket for goto operator" sqbkt_num OP_SQBKT_SEP_unbounded "closing bracket"
   35         | • "opening bracket for goto operator" "separator for square bracket operator" sqbkt_num "closing bracket"
   36         | • "opening bracket for goto operator" OP_SQBKT_SEP_unbounded "closing bracket"
   37         | • "opening bracket for goto operator" "closing bracket"
   38         | • "opening bracket for goto operator" sqbkt_num "closing bracket"
   39         | • "opening bracket for goto operator" error "closing bracket"
   40         | • "opening bracket for goto operator" error_opt "end of formula"
   41 kleen_star: • "star operator"
   42           | • "bracket star operator"
   43 starargs: • kleen_star
   44         | • "plus operator"
   45         | • "opening bracket for star operator" sqbracketargs
   46         | • "opening bracket for star operator" error "closing bracket"
   47         | • "opening bracket for star operator" error_opt "end of formula"
   48 fstarargs: • "bracket fusion-star operator"
   49          | • "fusion-plus operator"
   50          | • "opening bracket for fusion-star operator" sqbracketargs
   51          | • "opening bracket for fusion-star operator" error "closing bracket"
   52          | • "opening bracket for fusion-star operator" error_opt "end of formula"
   53 equalargs: • "opening bracket for equal operator" sqbracketargs
   54          | • "opening bracket for equal operator" error "closing bracket"
   55          | • "opening bracket for equal operator" error_opt "end of formula"
   56 delayargs: • "opening bracket for SVA delay operator" sqbracketargs
   57          | • "opening bracket for SVA delay operator" error "closing bracket"
   58          | • "opening bracket for SVA delay operator" error_opt "end of formula"
   59          | • "##[+] operator"
   60          | • "##[*] operator"
   75 sere: sere • "and operator" sere
   76     | sere • "and operator" error
   77     | sere • "short and operator" sere
   78     | sere • "short and operator" error
   79     | sere • "or operator" sere
   80     | sere • "or operator" error
   81     | sere • "concat operator" sere
   82     | sere • "concat operator" error
   83     | sere • ":" sere
   84     | sere • ":" error
   87     | sere • "SVA delay operator" sere
   88     | sere • "SVA delay operator" error
   91     | sere • delayargs sere
   92     | sere • delayargs error
   94     | sere • starargs
   95     | sere • fstarargs
   96     | sere • equalargs
   97     | sere • gotoargs
   98     | sere • "xor operator" sere
   99     | sere • "xor operator" error
  100     | sere • "implication operator" sere
  100     | sere "implication operator" sere •  [error, "closing parenthesis", "closing brace", "closing brace-bang", "concat operator", ":", "end of formula", "SVA delay operator", "opening bracket for SVA delay operator", "##[+] operator", "##[*] operator"]
  101     | sere • "implication operator" error
  102     | sere • "equivalent operator" sere
  103     | sere • "equivalent operator" error

    "or operator"                               shift, and go to state 172
    "xor operator"                              shift, and go to state 173
    "and operator"                              shift, and go to state 174
    "short and operator"                        shift, and go to state 175
    "implication operator"                      shift, and go to state 176
    "equivalent operator"                       shift, and go to state 177
    "star operator"                             shift, and go to state 59
    "bracket star operator"                     shift, and go to state 60
    "bracket fusion-star operator"              shift, and go to state 178
    "plus operator"                             shift, and go to state 61
    "fusion-plus operator"                      shift, and go to state 179
    "opening bracket for star operator"         shift, and go to state 62
    "opening bracket for fusion-star operator"  shift, and go to state 180
    "opening bracket for equal operator"        shift, and go to state 181
    "opening bracket for goto operator"         shift, and go to state 182

    $default  reduce using rule 100 (sere)

    gotoargs    go to state 188
    kleen_star  go to state 70
    starargs    go to state 189
    fstarargs   go to state 190
    equalargs   go to state 191
    delayargs   go to state 192

    Conflict between rule 100 and token "or operator" resolved as shift ("implication operator" < "or operator").
    Conflict between rule 100 and token "xor operator" resolved as shift ("implication operator" < "xor operator").
    Conflict between rule 100 and token "and operator" resolved as shift ("implication operator" < "and operator").
    Conflict between rule 100 and token "short and operator" resolved as shift ("implication operator" < "short and operator").
    Conflict between rule 100 and token "implication operator" resolved as shift (%right "implication operator").
    Conflict between rule 100 and token "equivalent operator" resolved as shift (%right "equivalent operator").
    Conflict between rule 100 and token "star operator" resolved as shift ("implication operator" < "star operator").
    Conflict between rule 100 and token "bracket star operator" resolved as shift ("implication operator" < "bracket star operator").
    Conflict between rule 100 and token "bracket fusion-star operator" resolved as shift ("implication operator" < "bracket fusion-star operator").
    Conflict between rule 100 and token "plus operator" resolved as shift ("implication operator" < "plus operator").
    Conflict between rule 100 and token "fusion-plus operator" resolved as shift ("implication operator" < "fusion-plus operator").
    Conflict between rule 100 and token "opening bracket for star operator" resolved as shift ("implication operator" < "opening bracket for star operator").
    Conflict between rule 100 and token "opening bracket for fusion-star operator" resolved as shift ("implication operator" < "opening bracket for fusion-star operator").
    Conflict between rule 100 and token "opening bracket for equal operator" resolved as shift ("implication operator" < "opening bracket for equal operator").
    Conflict between rule 100 and token "opening bracket for goto operator" resolved as shift ("implication operator" < "opening bracket for goto operator").
    Conflict between rule 100 and token "concat operator" resolved as reduce ("concat operator" < "implication operator").
    Conflict between rule 100 and token ":" resolved as reduce (":" < "implication operator").
    Conflict between rule 100 and token "SVA delay operator" resolved as reduce ("SVA delay operator" < "implication operator").
    Conflict between rule 100 and token "opening bracket for SVA delay operator" resolved as reduce ("opening bracket for SVA delay operator" < "implication operator").
    Conflict between rule 100 and token "##[+] operator" resolved as reduce ("##[+] operator" < "implication operator").
    Conflict between rule 100 and token "##[*] operator" resolved as reduce ("##[*] operator" < "implication operator").


State 308

  103 sere: sere "equivalent operator" error •

    $default  reduce using rule 103 (sere)


State 309

   33 gotoargs: • "opening bracket for goto operator" sqbkt_num "separator for square bracket operator" sqbkt_num "closing bracket"
   34         | • "opening bracket for goto operator" sqbkt_num OP_SQBKT_SEP_unbounded "closing bracket"
   35         | • "opening bracket for goto operator" "separator for square bracket operator" sqbkt_num "closing bracket"
   36         | • "opening bracket for goto operator" OP_SQBKT_SEP_unbounded "closing bracket"
   37         | • "opening bracket for goto operator" "closing bracket"
   38         | • "opening bracket for goto operator" sqbkt_num "closing bracket"
   39         | • "opening bracket for goto operator" error "closing bracket"
   40         | • "opening bracket for goto operator" error_opt "end of formula"
   41 kleen_star: • "star operator"
   42           | • "bracket star operator"
   43 starargs: • kleen_star
   44         | • "plus operator"
   45         | • "opening bracket for star operator" sqbracketargs
   46         | • "opening bracket for star operator" error "closing bracket"
   47         | • "opening bracket for star operator" error_opt "end of formula"
   48 fstarargs: • "bracket fusion-star operator"
   49          | • "fusion-plus operator"
   50          | • "opening bracket for fusion-star operator" sqbracketargs
   51          | • "opening bracket for fusion-star operator" error "closing bracket"
   52          | • "opening bracket for fusion-star operator" error_opt "end of formula"
   53 equalargs: • "opening bracket for equal operator" sqbracketargs
   54          | • "opening bracket for equal operator" error "closing bracket"
   55          | • "opening bracket for equal operator" error_opt "end of formula"
   56 delayargs: • "opening bracket for SVA delay operator" sqbracketargs
   57          | • "opening bracket for SVA delay operator" error "closing bracket"
   58          | • "opening bracket for SVA delay operator" error_opt "end of formula"
   59          | • "##[+] operator"
   60          | • "##[*] operator"
   75 sere: sere • "and operator" sere
   76     | sere • "and operator" error
   77     | sere • "short and operator" sere
   78     | sere • "short and operator" error
   79     | sere • "or operator" sere
   80     | sere • "or operator" error
   81     | sere • "concat operator" sere
   82     | sere • "concat operator" error
   83     | sere • ":" sere
   84     | sere • ":" error
   87     | sere • "SVA delay operator" sere
   88     | sere • "SVA delay operator" error
   91     | sere • delayargs sere
   92     | sere • delayargs error
   94     | sere • starargs
   95     | sere • fstarargs
   96     | sere • equalargs
   97     | sere • gotoargs
   98     | sere • "xor operator" sere
   99     | sere • "xor operator" error
  100     | sere • "implication operator" sere
  101     | sere • "implication operator" error
  102     | sere • "equivalent operator" sere
  102     | sere "equivalent operator" sere •  [error, "closing parenthesis", "closing brace", "closing brace-bang", "concat operator", ":", "end of formula", "SVA delay operator", "opening bracket for SVA delay operator", "##[+] operator", "##[*] operator"]
  103     | sere • "equivalent operator" error

    "or operator"                               shift, and go to state 172
    "xor operator"                              shift, and go to state 173
    "and operator"                              shift, and go to state 174
    "short and operator"                        shift, and go to state 175
    "implication operator"                      shift, and go to state 176
    "equivalent operator"                       shift, and go to state 177
    "star operator"                             shift, and go to state 59
    "bracket star operator"                     shift, and go to state 60
    "bracket fusion-star operator"              shift, and go to state 178
    "plus operator"                             shift, and go to state 61
    "fusion-plus operator"                      shift, and go to state 179
    "opening bracket for star operator"         shift, and go to state 62
    "opening bracket for fusion-star operator"  shift, and go to state 180
    "opening bracket for equal operator"        shift, and go to state 181
    "opening bracket for goto operator"         shift, and go to state 182

    $default  reduce using rule 102 (sere)

    gotoargs    go to state 188
    kleen_star  go to state 70
    starargs    go to state 189
    fstarargs   go to state 190
    equalargs   go to state 191
    delayargs   go to state 192

    Conflict between rule 102 and token "or operator" resolved as shift ("equivalent operator" < "or operator").
    Conflict between rule 102 and token "xor operator" resolved as shift ("equivalent operator" < "xor operator").
    Conflict between rule 102 and token "and operator" resolved as shift ("equivalent operator" < "and operator").
    Conflict between rule 102 and token "short and operator" resolved as shift ("equivalent operator" < "short and operator").
    Conflict between rule 102 and token "implication operator" resolved as shift (%right "implication operator").
    Conflict between rule 102 and token "equivalent operator" resolved as shift (%right "equivalent operator").
    Conflict between rule 102 and token "star operator" resolved as shift ("equivalent operator" < "star operator").
    Conflict between rule 102 and token "bracket star operator" resolved as shift ("equivalent operator" < "bracket star operator").
    Conflict between rule 102 and token "bracket fusion-star operator" resolved as shift ("equivalent operator" < "bracket fusion-star operator").
    Conflict between rule 102 and token "plus operator" resolved as shift ("equivalent operator" < "plus operator").
    Conflict between rule 102 and token "fusion-plus operator" resolved as shift ("equivalent operator" < "fusion-plus operator").
    Conflict between rule 102 and token "opening bracket for star operator" resolved as shift ("equivalent operator" < "opening bracket for star operator").
    Conflict between rule 102 and token "opening bracket for fusion-star operator" resolved as shift ("equivalent operator" < "opening bracket for fusion-star operator").
    Conflict between rule 102 and token "opening bracket for equal operator" resolved as shift ("equivalent operator" < "opening bracket for equal operator").
    Conflict between rule 102 and token "opening bracket for goto operator" resolved as shift ("equivalent operator" < "opening bracket for goto operator").
    Conflict between rule 102 and token "concat operator" resolved as reduce ("concat operator" < "equivalent operator").
    Conflict between rule 102 and token ":" resolved as reduce (":" < "equivalent operator").
    Conflict between rule 102 and token "SVA delay operator" resolved as reduce ("SVA delay operator" < "equivalent operator").
    Conflict between rule 102 and token "opening bracket for SVA delay operator" resolved as reduce ("opening bracket for SVA delay operator" < "equivalent operator").
    Conflict between rule 102 and token "##[+] operator" resolved as reduce ("##[+] operator" < "equivalent operator").
    Conflict between rule 102 and token "##[*] operator" resolved as reduce ("##[*] operator" < "equivalent operator").


State 310

   26 error_opt: error •  ["end of formula"]
   51 fstarargs: "opening bracket for fusion-star operator" error • "closing bracket"

    "closing bracket"  shift, and go to state 382

    $default  reduce using rule 26 (error_opt)


State 311

   52 fstarargs: "opening bracket for fusion-star operator" error_opt • "end of formula"

    "end of formula"  shift, and go to state 383


State 312

   50 fstarargs: "opening bracket for fusion-star operator" sqbracketargs •

    $default  reduce using rule 50 (fstarargs)


State 313

   26 error_opt: error •  ["end of formula"]
   54 equalargs: "opening bracket for equal operator" error • "closing bracket"

    "closing bracket"  shift, and go to state 384

    $default  reduce using rule 26 (error_opt)


State 314

   55 equalargs: "opening bracket for equal operator" error_opt • "end of formula"

    "end of formula"  shift, and go to state 385


State 315

   53 equalargs: "opening bracket for equal operator" sqbracketargs •

    $default  reduce using rule 53 (equalargs)


State 316

   26 error_opt: error •  ["end of formula"]
   39 gotoargs: "opening bracket for goto operator" error • "closing bracket"

    "closing bracket"  shift, and go to state 386

    $default  reduce using rule 26 (error_opt)


State 317

   37 gotoargs: "opening bracket for goto operator" "closing bracket" •

    $default  reduce using rule 37 (gotoargs)


State 318

   21 OP_SQBKT_SEP_unbounded: "separator for square bracket operator" •  ["closing bracket"]
   22                       | "separator for square bracket operator" • "unbounded mark"
   27 sqbkt_num: • "number for square bracket operator"
   35 gotoargs: "opening bracket for goto operator" "separator for square bracket operator" • sqbkt_num "closing bracket"

    "number for square bracket operator"  shift, and go to state 104
    "unbounded mark"                      shift, and go to state 288

    $default  reduce using rule 21 (OP_SQBKT_SEP_unbounded)

    sqbkt_num  go to state 387


State 319

   36 gotoargs: "opening bracket for goto operator" OP_SQBKT_SEP_unbounded • "closing bracket"

    "closing bracket"  shift, and go to state 388


State 320

   40 gotoargs: "opening bracket for goto operator" error_opt • "end of formula"

    "end of formula"  shift, and go to state 389


State 321

   21 OP_SQBKT_SEP_unbounded: • "separator for square bracket operator"
   22                       | • "separator for square bracket operator" "unbounded mark"
   33 gotoargs: "opening bracket for goto operator" sqbkt_num • "separator for square bracket operator" sqbkt_num "closing bracket"
   34         | "opening bracket for goto operator" sqbkt_num • OP_SQBKT_SEP_unbounded "closing bracket"
   38         | "opening bracket for goto operator" sqbkt_num • "closing bracket"

    "closing bracket"                        shift, and go to state 390
    "separator for square bracket operator"  shift, and go to state 391

    OP_SQBKT_SEP_unbounded  go to state 392


State 322

   82 sere: sere "concat operator" error •

    $default  reduce using rule 82 (sere)


State 323

   33 gotoargs: • "opening bracket for goto operator" sqbkt_num "separator for square bracket operator" sqbkt_num "closing bracket"
   34         | • "opening bracket for goto operator" sqbkt_num OP_SQBKT_SEP_unbounded "closing bracket"
   35         | • "opening bracket for goto operator" "separator for square bracket operator" sqbkt_num "closing bracket"
   36         | • "opening bracket for goto operator" OP_SQBKT_SEP_unbounded "closing bracket"
   37         | • "opening bracket for goto operator" "closing bracket"
   38         | • "opening bracket for goto operator" sqbkt_num "closing bracket"
   39         | • "opening bracket for goto operator" error "closing bracket"
   40         | • "opening bracket for goto operator" error_opt "end of formula"
   41 kleen_star: • "star operator"
   42           | • "bracket star operator"
   43 starargs: • kleen_star
   44         | • "plus operator"
   45         | • "opening bracket for star operator" sqbracketargs
   46         | • "opening bracket for star operator" error "closing bracket"
   47         | • "opening bracket for star operator" error_opt "end of formula"
   48 fstarargs: • "bracket fusion-star operator"
   49          | • "fusion-plus operator"
   50          | • "opening bracket for fusion-star operator" sqbracketargs
   51          | • "opening bracket for fusion-star operator" error "closing bracket"
   52          | • "opening bracket for fusion-star operator" error_opt "end of formula"
   53 equalargs: • "opening bracket for equal operator" sqbracketargs
   54          | • "opening bracket for equal operator" error "closing bracket"
   55          | • "opening bracket for equal operator" error_opt "end of formula"
   56 delayargs: • "opening bracket for SVA delay operator" sqbracketargs
   57          | • "opening bracket for SVA delay operator" error "closing bracket"
   58          | • "opening bracket for SVA delay operator" error_opt "end of formula"
   59          | • "##[+] operator"
   60          | • "##[*] operator"
   75 sere: sere • "and operator" sere
   76     | sere • "and operator" error
   77     | sere • "short and operator" sere
   78     | sere • "short and operator" error
   79     | sere • "or operator" sere
   80     | sere • "or operator" error
   81     | sere • "concat operator" sere
   81     | sere "concat operator" sere •  [error, "closing parenthesis", "closing brace", "closing brace-bang", "concat operator", "end of formula"]
   82     | sere • "concat operator" error
   83     | sere • ":" sere
   84     | sere • ":" error
   87     | sere • "SVA delay operator" sere
   88     | sere • "SVA delay operator" error
   91     | sere • delayargs sere
   92     | sere • delayargs error
   94     | sere • starargs
   95     | sere • fstarargs
   96     | sere • equalargs
   97     | sere • gotoargs
   98     | sere • "xor operator" sere
   99     | sere • "xor operator" error
  100     | sere • "implication operator" sere
  101     | sere • "implication operator" error
  102     | sere • "equivalent operator" sere
  103     | sere • "equivalent operator" error

    "or operator"                               shift, and go to state 172
    "xor operator"                              shift, and go to state 173
    "and operator"                              shift, and go to state 174
    "short and operator"                        shift, and go to state 175
    "implication operator"                      shift, and go to state 176
    "equivalent operator"                       shift, and go to state 177
    "star operator"                             shift, and go to state 59
    "bracket star operator"                     shift, and go to state 60
    "bracket fusion-star operator"              shift, and go to state 178
    "plus operator"                             shift, and go to state 61
    "fusion-plus operator"                      shift, and go to state 179
    "opening bracket for star operator"         shift, and go to state 62
    "opening bracket for fusion-star operator"  shift, and go to state 180
    "opening bracket for equal operator"        shift, and go to state 181
    "opening bracket for goto operator"         shift, and go to state 182
    ":"                                         shift, and go to state 184
    "SVA delay operator"                        shift, and go to state 186
    "opening bracket for SVA delay operator"    shift, and go to state 65
    "##[+] operator"                            shift, and go to state 66
    "##[*] operator"                            shift, and go to state 67

    $default  reduce using rule 81 (sere)

    gotoargs    go to state 188
    kleen_star  go to state 70
    starargs    go to state 189
    fstarargs   go to state 190
    equalargs   go to state 191
    delayargs   go to state 192

    Conflict between rule 81 and token "or operator" resolved as shift ("concat operator" < "or operator").
    Conflict between rule 81 and token "xor operator" resolved as shift ("concat operator" < "xor operator").
    Conflict between rule 81 and token "and operator" resolved as shift ("concat operator" < "and operator").
    Conflict between rule 81 and token "short and operator" resolved as shift ("concat operator" < "short and operator").
    Conflict between rule 81 and token "implication operator" resolved as shift ("concat operator" < "implication operator").
    Conflict between rule 81 and token "equivalent operator" resolved as shift ("concat operator" < "equivalent operator").
    Conflict between rule 81 and token "star operator" resolved as shift ("concat operator" < "star operator").
    Conflict between rule 81 and token "bracket star operator" resolved as shift ("concat operator" < "bracket star operator").
    Conflict between rule 81 and token "bracket fusion-star operator" resolved as shift ("concat operator" < "bracket fusion-star operator").
    Conflict between rule 81 and token "plus operator" resolved as shift ("concat operator" < "plus operator").
    Conflict between rule 81 and token "fusion-plus operator" resolved as shift ("concat operator" < "fusion-plus operator").
    Conflict between rule 81 and token "opening bracket for star operator" resolved as shift ("concat operator" < "opening bracket for star operator").
    Conflict between rule 81 and token "opening bracket for fusion-star operator" resolved as shift ("concat operator" < "opening bracket for fusion-star operator").
    Conflict between rule 81 and token "opening bracket for equal operator" resolved as shift ("concat operator" < "opening bracket for equal operator").
    Conflict between rule 81 and token "opening bracket for goto operator" resolved as shift ("concat operator" < "opening bracket for goto operator").
    Conflict between rule 81 and token "concat operator" resolved as reduce (%left "concat operator").
    Conflict between rule 81 and token ":" resolved as shift ("concat operator" < ":").
    Conflict between rule 81 and token "SVA delay operator" resolved as shift ("concat operator" < "SVA delay operator").
    Conflict between rule 81 and token "opening bracket for SVA delay operator" resolved as shift ("concat operator" < "opening bracket for SVA delay operator").
    Conflict between rule 81 and token "##[+] operator" resolved as shift ("concat operator" < "##[+] operator").
    Conflict between rule 81 and token "##[*] operator" resolved as shift ("concat operator" < "##[*] operator").


State 324

   84 sere: sere ":" error •

    $default  reduce using rule 84 (sere)


State 325

   33 gotoargs: • "opening bracket for goto operator" sqbkt_num "separator for square bracket operator" sqbkt_num "closing bracket"
   34         | • "opening bracket for goto operator" sqbkt_num OP_SQBKT_SEP_unbounded "closing bracket"
   35         | • "opening bracket for goto operator" "separator for square bracket operator" sqbkt_num "closing bracket"
   36         | • "opening bracket for goto operator" OP_SQBKT_SEP_unbounded "closing bracket"
   37         | • "opening bracket for goto operator" "closing bracket"
   38         | • "opening bracket for goto operator" sqbkt_num "closing bracket"
   39         | • "opening bracket for goto operator" error "closing bracket"
   40         | • "opening bracket for goto operator" error_opt "end of formula"
   41 kleen_star: • "star operator"
   42           | • "bracket star operator"
   43 starargs: • kleen_star
   44         | • "plus operator"
   45         | • "opening bracket for star operator" sqbracketargs
   46         | • "opening bracket for star operator" error "closing bracket"
   47         | • "opening bracket for star operator" error_opt "end of formula"
   48 fstarargs: • "bracket fusion-star operator"
   49          | • "fusion-plus operator"
   50          | • "opening bracket for fusion-star operator" sqbracketargs
   51          | • "opening bracket for fusion-star operator" error "closing bracket"
   52          | • "opening bracket for fusion-star operator" error_opt "end of formula"
   53 equalargs: • "opening bracket for equal operator" sqbracketargs
   54          | • "opening bracket for equal operator" error "closing bracket"
   55          | • "opening bracket for equal operator" error_opt "end of formula"
   56 delayargs: • "opening bracket for SVA delay operator" sqbracketargs
   57          | • "opening bracket for SVA delay operator" error "closing bracket"
   58          | • "opening bracket for SVA delay operator" error_opt "end of formula"
   59          | • "##[+] operator"
   60          | • "##[*] operator"
   75 sere: sere • "and operator" sere
   76     | sere • "and operator" error
   77     | sere • "short and operator" sere
   78     | sere • "short and operator" error
   79     | sere • "or operator" sere
   80     | sere • "or operator" error
   81     | sere • "concat operator" sere
   82     | sere • "concat operator" error
   83     | sere • ":" sere
   83     | sere ":" sere •  [error, "closing parenthesis", "closing brace", "closing brace-bang", "concat operator", ":", "end of formula"]
   84     | sere • ":" error
   87     | sere • "SVA delay operator" sere
   88     | sere • "SVA delay operator" error
   91     | sere • delayargs sere
   92     | sere • delayargs error
   94     | sere • starargs
   95     | sere • fstarargs
   96     | sere • equalargs
   97     | sere • gotoargs
   98     | sere • "xor operator" sere
   99     | sere • "xor operator" error
  100     | sere • "implication operator" sere
  101     | sere • "implication operator" error
  102     | sere • "equivalent operator" sere
  103     | sere • "equivalent operator" error

    "or operator"                               shift, and go to state 172
    "xor operator"                              shift, and go to state 173
    "and operator"                              shift, and go to state 174
    "short and operator"                        shift, and go to state 175
    "implication operator"                      shift, and go to state 176
    "equivalent operator"                       shift, and go to state 177
    "star operator"                             shift, and go to state 59
    "bracket star operator"                     shift, and go to state 60
    "bracket fusion-star operator"              shift, and go to state 178
    "plus operator"                             shift, and go to state 61
    "fusion-plus operator"                      shift, and go to state 179
    "opening bracket for star operator"         shift, and go to state 62
    "opening bracket for fusion-star operator"  shift, and go to state 180
    "opening bracket for equal operator"        shift, and go to state 181
    "opening bracket for goto operator"         shift, and go to state 182
    "SVA delay operator"                        shift, and go to state 186
    "opening bracket for SVA delay operator"    shift, and go to state 65
    "##[+] operator"                            shift, and go to state 66
    "##[*] operator"                            shift, and go to state 67

    $default  reduce using rule 83 (sere)

    gotoargs    go to state 188
    kleen_star  go to state 70
    starargs    go to state 189
    fstarargs   go to state 190
    equalargs   go to state 191
    delayargs   go to state 192

    Conflict between rule 83 and token "or operator" resolved as shift (":" < "or operator").
    Conflict between rule 83 and token "xor operator" resolved as shift (":" < "xor operator").
    Conflict between rule 83 and token "and operator" resolved as shift (":" < "and operator").
    Conflict between rule 83 and token "short and operator" resolved as shift (":" < "short and operator").
    Conflict between rule 83 and token "implication operator" resolved as shift (":" < "implication operator").
    Conflict between rule 83 and token "equivalent operator" resolved as shift (":" < "equivalent operator").
    Conflict between rule 83 and token "star operator" resolved as shift (":" < "star operator").
    Conflict between rule 83 and token "bracket star operator" resolved as shift (":" < "bracket star operator").
    Conflict between rule 83 and token "bracket fusion-star operator" resolved as shift (":" < "bracket fusion-star operator").
    Conflict between rule 83 and token "plus operator" resolved as shift (":" < "plus operator").
    Conflict between rule 83 and token "fusion-plus operator" resolved as shift (":" < "fusion-plus operator").
    Conflict between rule 83 and token "opening bracket for star operator" resolved as shift (":" < "opening bracket for star operator").
    Conflict between rule 83 and token "opening bracket for fusion-star operator" resolved as shift (":" < "opening bracket for fusion-star operator").
    Conflict between rule 83 and token "opening bracket for equal operator" resolved as shift (":" < "opening bracket for equal operator").
    Conflict between rule 83 and token "opening bracket for goto operator" resolved as shift (":" < "opening bracket for goto operator").
    Conflict between rule 83 and token "concat operator" resolved as reduce ("concat operator" < ":").
    Conflict between rule 83 and token ":" resolved as reduce (%left ":").
    Conflict between rule 83 and token "SVA delay operator" resolved as shift (":" < "SVA delay operator").
    Conflict between rule 83 and token "opening bracket for SVA delay operator" resolved as shift (":" < "opening bracket for SVA delay operator").
    Conflict between rule 83 and token "##[+] operator" resolved as shift (":" < "##[+] operator").
    Conflict between rule 83 and token "##[*] operator" resolved as shift (":" < "##[*] operator").


State 326

   88 sere: sere "SVA delay operator" error •

    $default  reduce using rule 88 (sere)


State 327

   33 gotoargs: • "opening bracket for goto operator" sqbkt_num "separator for square bracket operator" sqbkt_num "closing bracket"
   34         | • "opening bracket for goto operator" sqbkt_num OP_SQBKT_SEP_unbounded "closing bracket"
   35         | • "opening bracket for goto operator" "separator for square bracket operator" sqbkt_num "closing bracket"
   36         | • "opening bracket for goto operator" OP_SQBKT_SEP_unbounded "closing bracket"
   37         | • "opening bracket for goto operator" "closing bracket"
   38         | • "opening bracket for goto operator" sqbkt_num "closing bracket"
   39         | • "opening bracket for goto operator" error "closing bracket"
   40         | • "opening bracket for goto operator" error_opt "end of formula"
   41 kleen_star: • "star operator"
   42           | • "bracket star operator"
   43 starargs: • kleen_star
   44         | • "plus operator"
   45         | • "opening bracket for star operator" sqbracketargs
   46         | • "opening bracket for star operator" error "closing bracket"
   47         | • "opening bracket for star operator" error_opt "end of formula"
   48 fstarargs: • "bracket fusion-star operator"
   49          | • "fusion-plus operator"
   50          | • "opening bracket for fusion-star operator" sqbracketargs
   51          | • "opening bracket for fusion-star operator" error "closing bracket"
   52          | • "opening bracket for fusion-star operator" error_opt "end of formula"
   53 equalargs: • "opening bracket for equal operator" sqbracketargs
   54          | • "opening bracket for equal operator" error "closing bracket"
   55          | • "opening bracket for equal operator" error_opt "end of formula"
   56 delayargs: • "opening bracket for SVA delay operator" sqbracketargs
   57          | • "opening bracket for SVA delay operator" error "closing bracket"
   58          | • "opening bracket for SVA delay operator" error_opt "end of formula"
   59          | • "##[+] operator"
   60          | • "##[*] operator"
   75 sere: sere • "and operator" sere
   76     | sere • "and operator" error
   77     | sere • "short and operator" sere
   78     | sere • "short and operator" error
   79     | sere • "or operator" sere
   80     | sere • "or operator" error
   81     | sere • "concat operator" sere
   82     | sere • "concat operator" error
   83     | sere • ":" sere
   84     | sere • ":" error
   87     | sere • "SVA delay operator" sere
   87     | sere "SVA delay operator" sere •  [error, "closing parenthesis", "closing brace", "closing brace-bang", "concat operator", ":", "end of formula", "SVA delay operator", "opening bracket for SVA delay operator", "##[+] operator", "##[*] operator"]
   88     | sere • "SVA delay operator" error
   91     | sere • delayargs sere
   92     | sere • delayargs error
   94     | sere • starargs
   95     | sere • fstarargs
   96     | sere • equalargs
   97     | sere • gotoargs
   98     | sere • "xor operator" sere
   99     | sere • "xor operator" error
  100     | sere • "implication operator" sere
  101     | sere • "implication operator" error
  102     | sere • "equivalent operator" sere
  103     | sere • "equivalent operator" error

    "or operator"                               shift, and go to state 172
    "xor operator"                              shift, and go to state 173
    "and operator"                              shift, and go to state 174
    "short and operator"                        shift, and go to state 175
    "implication operator"                      shift, and go to state 176
    "equivalent operator"                       shift, and go to state 177
    "star operator"                             shift, and go to state 59
    "bracket star operator"                     shift, and go to state 60
    "bracket fusion-star operator"              shift, and go to state 178
    "plus operator"                             shift, and go to state 61
    "fusion-plus operator"                      shift, and go to state 179
    "opening bracket for star operator"         shift, and go to state 62
    "opening bracket for fusion-star operator"  shift, and go to state 180
    "opening bracket for equal operator"        shift, and go to state 181
    "opening bracket for goto operator"         shift, and go to state 182

    $default  reduce using rule 87 (sere)

    gotoargs    go to state 188
    kleen_star  go to state 70
    starargs    go to state 189
    fstarargs   go to state 190
    equalargs   go to state 191
    delayargs   go to state 192

    Conflict between rule 87 and token "or operator" resolved as shift ("SVA delay operator" < "or operator").
    Conflict between rule 87 and token "xor operator" resolved as shift ("SVA delay operator" < "xor operator").
    Conflict between rule 87 and token "and operator" resolved as shift ("SVA delay operator" < "and operator").
    Conflict between rule 87 and token "short and operator" resolved as shift ("SVA delay operator" < "short and operator").
    Conflict between rule 87 and token "implication operator" resolved as shift ("SVA delay operator" < "implication operator").
    Conflict between rule 87 and token "equivalent operator" resolved as shift ("SVA delay operator" < "equivalent operator").
    Conflict between rule 87 and token "star operator" resolved as shift ("SVA delay operator" < "star operator").
    Conflict between rule 87 and token "bracket star operator" resolved as shift ("SVA delay operator" < "bracket star operator").
    Conflict between rule 87 and token "bracket fusion-star operator" resolved as shift ("SVA delay operator" < "bracket fusion-star operator").
    Conflict between rule 87 and token "plus operator" resolved as shift ("SVA delay operator" < "plus operator").
    Conflict between rule 87 and token "fusion-plus operator" resolved as shift ("SVA delay operator" < "fusion-plus operator").
    Conflict between rule 87 and token "opening bracket for star operator" resolved as shift ("SVA delay operator" < "opening bracket for star operator").
    Conflict between rule 87 and token "opening bracket for fusion-star operator" resolved as shift ("SVA delay operator" < "opening bracket for fusion-star operator").
    Conflict between rule 87 and token "opening bracket for equal operator" resolved as shift ("SVA delay operator" < "opening bracket for equal operator").
    Conflict between rule 87 and token "opening bracket for goto operator" resolved as shift ("SVA delay operator" < "opening bracket for goto operator").
    Conflict between rule 87 and token "concat operator" resolved as reduce ("concat operator" < "SVA delay operator").
    Conflict between rule 87 and token ":" resolved as reduce (":" < "SVA delay operator").
    Conflict between rule 87 and token "SVA delay operator" resolved as reduce (%left "SVA delay operator").
    Conflict between rule 87 and token "opening bracket for SVA delay operator" resolved as reduce (%left "opening bracket for SVA delay operator").
    Conflict between rule 87 and token "##[+] operator" resolved as reduce (%left "##[+] operator").
    Conflict between rule 87 and token "##[*] operator" resolved as reduce (%left "##[*] operator").


State 328

   92 sere: sere delayargs error •

    $default  reduce using rule 92 (sere)


State 329

   33 gotoargs: • "opening bracket for goto operator" sqbkt_num "separator for square bracket operator" sqbkt_num "closing bracket"
   34         | • "opening bracket for goto operator" sqbkt_num OP_SQBKT_SEP_unbounded "closing bracket"
   35         | • "opening bracket for goto operator" "separator for square bracket operator" sqbkt_num "closing bracket"
   36         | • "opening bracket for goto operator" OP_SQBKT_SEP_unbounded "closing bracket"
   37         | • "opening bracket for goto operator" "closing bracket"
   38         | • "opening bracket for goto operator" sqbkt_num "closing bracket"
   39         | • "opening bracket for goto operator" error "closing bracket"
   40         | • "opening bracket for goto operator" error_opt "end of formula"
   41 kleen_star: • "star operator"
   42           | • "bracket star operator"
   43 starargs: • kleen_star
   44         | • "plus operator"
   45         | • "opening bracket for star operator" sqbracketargs
   46         | • "opening bracket for star operator" error "closing bracket"
   47         | • "opening bracket for star operator" error_opt "end of formula"
   48 fstarargs: • "bracket fusion-star operator"
   49          | • "fusion-plus operator"
   50          | • "opening bracket for fusion-star operator" sqbracketargs
   51          | • "opening bracket for fusion-star operator" error "closing bracket"
   52          | • "opening bracket for fusion-star operator" error_opt "end of formula"
   53 equalargs: • "opening bracket for equal operator" sqbracketargs
   54          | • "opening bracket for equal operator" error "closing bracket"
   55          | • "opening bracket for equal operator" error_opt "end of formula"
   56 delayargs: • "opening bracket for SVA delay operator" sqbracketargs
   57          | • "opening bracket for SVA delay operator" error "closing bracket"
   58          | • "opening bracket for SVA delay operator" error_opt "end of formula"
   59          | • "##[+] operator"
   60          | • "##[*] operator"
   75 sere: sere • "and operator" sere
   76     | sere • "and operator" error
   77     | sere • "short and operator" sere
   78     | sere • "short and operator" error
   79     | sere • "or operator" sere
   80     | sere • "or operator" error
   81     | sere • "concat operator" sere
   82     | sere • "concat operator" error
   83     | sere • ":" sere
   84     | sere • ":" error
   87     | sere • "SVA delay operator" sere
   88     | sere • "SVA delay operator" error
   91     | sere • delayargs sere
   91     | sere delayargs sere •  [error, "closing parenthesis", "closing brace", "closing brace-bang", "concat operator", ":", "end of formula", "SVA delay operator", "opening bracket for SVA delay operator", "##[+] operator", "##[*] operator"]
   92     | sere • delayargs error
   94     | sere • starargs
   95     | sere • fstarargs
   96     | sere • equalargs
   97     | sere • gotoargs
   98     | sere • "xor operator" sere
   99     | sere • "xor operator" error
  100     | sere • "implication operator" sere
  101     | sere • "implication operator" error
  102     | sere • "equivalent operator" sere
  103     | sere • "equivalent operator" error

    "or operator"                               shift, and go to state 172
    "xor operator"                              shift, and go to state 173
    "and operator"                              shift, and go to state 174
    "short and operator"                        shift, and go to state 175
    "implication operator"                      shift, and go to state 176
    "equivalent operator"                       shift, and go to state 177
    "star operator"                             shift, and go to state 59
    "bracket star operator"                     shift, and go to state 60
    "bracket fusion-star operator"              shift, and go to state 178
    "plus operator"                             shift, and go to state 61
    "fusion-plus operator"                      shift, and go to state 179
    "opening bracket for star operator"         shift, and go to state 62
    "opening bracket for fusion-star operator"  shift, and go to state 180
    "opening bracket for equal operator"        shift, and go to state 181
    "opening bracket for goto operator"         shift, and go to state 182

    $default  reduce using rule 91 (sere)

    gotoargs    go to state 188
    kleen_star  go to state 70
    starargs    go to state 189
    fstarargs   go to state 190
    equalargs   go to state 191
    delayargs   go to state 192

    Conflict between rule 91 and token "or operator" resolved as shift ("opening bracket for SVA delay operator" < "or operator").
    Conflict between rule 91 and token "xor operator" resolved as shift ("opening bracket for SVA delay operator" < "xor operator").
    Conflict between rule 91 and token "and operator" resolved as shift ("opening bracket for SVA delay operator" < "and operator").
    Conflict between rule 91 and token "short and operator" resolved as shift ("opening bracket for SVA delay operator" < "short and operator").
    Conflict between rule 91 and token "implication operator" resolved as shift ("opening bracket for SVA delay operator" < "implication operator").
    Conflict between rule 91 and token "equivalent operator" resolved as shift ("opening bracket for SVA delay operator" < "equivalent operator").
    Conflict between rule 91 and token "star operator" resolved as shift ("opening bracket for SVA delay operator" < "star operator").
    Conflict between rule 91 and token "bracket star operator" resolved as shift ("opening bracket for SVA delay operator" < "bracket star operator").
    Conflict between rule 91 and token "bracket fusion-star operator" resolved as shift ("opening bracket for SVA delay operator" < "bracket fusion-star operator").
    Conflict between rule 91 and token "plus operator" resolved as shift ("opening bracket for SVA delay operator" < "plus operator").
    Conflict between rule 91 and token "fusion-plus operator" resolved as shift ("opening bracket for SVA delay operator" < "fusion-plus operator").
    Conflict between rule 91 and token "opening bracket for star operator" resolved as shift ("opening bracket for SVA delay operator" < "opening bracket for star operator").
    Conflict between rule 91 and token "opening bracket for fusion-star operator" resolved as shift ("opening bracket for SVA delay operator" < "opening bracket for fusion-star operator").
    Conflict between rule 91 and token "opening bracket for equal operator" resolved as shift ("opening bracket for SVA delay operator" < "opening bracket for equal operator").
    Conflict between rule 91 and token "opening bracket for goto operator" resolved as shift ("opening bracket for SVA delay operator" < "opening bracket for goto operator").
    Conflict between rule 91 and token "concat operator" resolved as reduce ("concat operator" < "opening bracket for SVA delay operator").
    Conflict between rule 91 and token ":" resolved as reduce (":" < "opening bracket for SVA delay operator").
    Conflict between rule 91 and token "SVA delay operator" resolved as reduce (%left "SVA delay operator").
    Conflict between rule 91 and token "opening bracket for SVA delay operator" resolved as reduce (%left "opening bracket for SVA delay operator").
    Conflict between rule 91 and token "##[+] operator" resolved as reduce (%left "##[+] operator").
    Conflict between rule 91 and token "##[*] operator" resolved as reduce (%left "##[*] operator").


State 330

  123 boolformula: "opening parenthesis" error "closing parenthesis" •

    $default  reduce using rule 123 (boolformula)


State 331

  126 boolformula: "opening parenthesis" error "end of formula" •

    $default  reduce using rule 126 (boolformula)


State 332

  122 boolformula: "opening parenthesis" boolformula error • "closing parenthesis"
  125            | "opening parenthesis" boolformula error • "end of formula"

    "closing parenthesis"  shift, and go to state 393
    "end of formula"       shift, and go to state 394


State 333

  121 boolformula: "opening parenthesis" boolformula "closing parenthesis" •

    $default  reduce using rule 121 (boolformula)


State 334

  124 boolformula: "opening parenthesis" boolformula "end of formula" •

    $default  reduce using rule 124 (boolformula)


State 335

  134 boolformula: boolformula "or operator" error •

    $default  reduce using rule 134 (boolformula)


State 336

  127 boolformula: boolformula • "and operator" boolformula
  128            | boolformula • "and operator" error
  129            | boolformula • "short and operator" boolformula
  130            | boolformula • "short and operator" error
  131            | boolformula • "star operator" boolformula
  132            | boolformula • "star operator" error
  133            | boolformula • "or operator" boolformula
  133            | boolformula "or operator" boolformula •  [error, "closing parenthesis", "or operator", "implication operator", "equivalent operator", "end of formula"]
  134            | boolformula • "or operator" error
  135            | boolformula • "xor operator" boolformula
  136            | boolformula • "xor operator" error
  137            | boolformula • "implication operator" boolformula
  138            | boolformula • "implication operator" error
  139            | boolformula • "equivalent operator" boolformula
  140            | boolformula • "equivalent operator" error

    "xor operator"        shift, and go to state 198
    "and operator"        shift, and go to state 199
    "short and operator"  shift, and go to state 200
    "star operator"       shift, and go to state 203

    $default  reduce using rule 133 (boolformula)

    Conflict between rule 133 and token "or operator" resolved as reduce (%left "or operator").
    Conflict between rule 133 and token "xor operator" resolved as shift ("or operator" < "xor operator").
    Conflict between rule 133 and token "and operator" resolved as shift ("or operator" < "and operator").
    Conflict between rule 133 and token "short and operator" resolved as shift ("or operator" < "short and operator").
    Conflict between rule 133 and token "implication operator" resolved as reduce ("implication operator" < "or operator").
    Conflict between rule 133 and token "equivalent operator" resolved as reduce ("equivalent operator" < "or operator").
    Conflict between rule 133 and token "star operator" resolved as shift ("or operator" < "star operator").


State 337

  136 boolformula: boolformula "xor operator" error •

    $default  reduce using rule 136 (boolformula)


State 338

  127 boolformula: boolformula • "and operator" boolformula
  128            | boolformula • "and operator" error
  129            | boolformula • "short and operator" boolformula
  130            | boolformula • "short and operator" error
  131            | boolformula • "star operator" boolformula
  132            | boolformula • "star operator" error
  133            | boolformula • "or operator" boolformula
  134            | boolformula • "or operator" error
  135            | boolformula • "xor operator" boolformula
  135            | boolformula "xor operator" boolformula •  [error, "closing parenthesis", "or operator", "xor operator", "implication operator", "equivalent operator", "end of formula"]
  136            | boolformula • "xor operator" error
  137            | boolformula • "implication operator" boolformula
  138            | boolformula • "implication operator" error
  139            | boolformula • "equivalent operator" boolformula
  140            | boolformula • "equivalent operator" error

    "and operator"        shift, and go to state 199
    "short and operator"  shift, and go to state 200
    "star operator"       shift, and go to state 203

    $default  reduce using rule 135 (boolformula)

    Conflict between rule 135 and token "or operator" resolved as reduce ("or operator" < "xor operator").
    Conflict between rule 135 and token "xor operator" resolved as reduce (%left "xor operator").
    Conflict between rule 135 and token "and operator" resolved as shift ("xor operator" < "and operator").
    Conflict between rule 135 and token "short and operator" resolved as shift ("xor operator" < "short and operator").
    Conflict between rule 135 and token "implication operator" resolved as reduce ("implication operator" < "xor operator").
    Conflict between rule 135 and token "equivalent operator" resolved as reduce ("equivalent operator" < "xor operator").
    Conflict between rule 135 and token "star operator" resolved as shift ("xor operator" < "star operator").


State 339

  128 boolformula: boolformula "and operator" error •

    $default  reduce using rule 128 (boolformula)


State 340

  127 boolformula: boolformula • "and operator" boolformula
  127            | boolformula "and operator" boolformula •  [error, "closing parenthesis", "or operator", "xor operator", "and operator", "short and operator", "implication operator", "equivalent operator", "end of formula"]
  128            | boolformula • "and operator" error
  129            | boolformula • "short and operator" boolformula
  130            | boolformula • "short and operator" error
  131            | boolformula • "star operator" boolformula
  132            | boolformula • "star operator" error
  133            | boolformula • "or operator" boolformula
  134            | boolformula • "or operator" error
  135            | boolformula • "xor operator" boolformula
  136            | boolformula • "xor operator" error
  137            | boolformula • "implication operator" boolformula
  138            | boolformula • "implication operator" error
  139            | boolformula • "equivalent operator" boolformula
  140            | boolformula • "equivalent operator" error

    "star operator"  shift, and go to state 203

    $default  reduce using rule 127 (boolformula)

    Conflict between rule 127 and token "or operator" resolved as reduce ("or operator" < "and operator").
    Conflict between rule 127 and token "xor operator" resolved as reduce ("xor operator" < "and operator").
    Conflict between rule 127 and token "and operator" resolved as reduce (%left "and operator").
    Conflict between rule 127 and token "short and operator" resolved as reduce (%left "short and operator").
    Conflict between rule 127 and token "implication operator" resolved as reduce ("implication operator" < "and operator").
    Conflict between rule 127 and token "equivalent operator" resolved as reduce ("equivalent operator" < "and operator").
    Conflict between rule 127 and token "star operator" resolved as shift ("and operator" < "star operator").


State 341

  130 boolformula: boolformula "short and operator" error •

    $default  reduce using rule 130 (boolformula)


State 342

  127 boolformula: boolformula • "and operator" boolformula
  128            | boolformula • "and operator" error
  129            | boolformula • "short and operator" boolformula
  129            | boolformula "short and operator" boolformula •  [error, "closing parenthesis", "or operator", "xor operator", "and operator", "short and operator", "implication operator", "equivalent operator", "end of formula"]
  130            | boolformula • "short and operator" error
  131            | boolformula • "star operator" boolformula
  132            | boolformula • "star operator" error
  133            | boolformula • "or operator" boolformula
  134            | boolformula • "or operator" error
  135            | boolformula • "xor operator" boolformula
  136            | boolformula • "xor operator" error
  137            | boolformula • "implication operator" boolformula
  138            | boolformula • "implication operator" error
  139            | boolformula • "equivalent operator" boolformula
  140            | boolformula • "equivalent operator" error

    "star operator"  shift, and go to state 203

    $default  reduce using rule 129 (boolformula)

    Conflict between rule 129 and token "or operator" resolved as reduce ("or operator" < "short and operator").
    Conflict between rule 129 and token "xor operator" resolved as reduce ("xor operator" < "short and operator").
    Conflict between rule 129 and token "and operator" resolved as reduce (%left "and operator").
    Conflict between rule 129 and token "short and operator" resolved as reduce (%left "short and operator").
    Conflict between rule 129 and token "implication operator" resolved as reduce ("implication operator" < "short and operator").
    Conflict between rule 129 and token "equivalent operator" resolved as reduce ("equivalent operator" < "short and operator").
    Conflict between rule 129 and token "star operator" resolved as shift ("short and operator" < "star operator").


State 343

  138 boolformula: boolformula "implication operator" error •

    $default  reduce using rule 138 (boolformula)


State 344

  127 boolformula: boolformula • "and operator" boolformula
  128            | boolformula • "and operator" error
  129            | boolformula • "short and operator" boolformula
  130            | boolformula • "short and operator" error
  131            | boolformula • "star operator" boolformula
  132            | boolformula • "star operator" error
  133            | boolformula • "or operator" boolformula
  134            | boolformula • "or operator" error
  135            | boolformula • "xor operator" boolformula
  136            | boolformula • "xor operator" error
  137            | boolformula • "implication operator" boolformula
  137            | boolformula "implication operator" boolformula •  [error, "closing parenthesis", "end of formula"]
  138            | boolformula • "implication operator" error
  139            | boolformula • "equivalent operator" boolformula
  140            | boolformula • "equivalent operator" error

    "or operator"           shift, and go to state 197
    "xor operator"          shift, and go to state 198
    "and operator"          shift, and go to state 199
    "short and operator"    shift, and go to state 200
    "implication operator"  shift, and go to state 201
    "equivalent operator"   shift, and go to state 202
    "star operator"         shift, and go to state 203

    $default  reduce using rule 137 (boolformula)

    Conflict between rule 137 and token "or operator" resolved as shift ("implication operator" < "or operator").
    Conflict between rule 137 and token "xor operator" resolved as shift ("implication operator" < "xor operator").
    Conflict between rule 137 and token "and operator" resolved as shift ("implication operator" < "and operator").
    Conflict between rule 137 and token "short and operator" resolved as shift ("implication operator" < "short and operator").
    Conflict between rule 137 and token "implication operator" resolved as shift (%right "implication operator").
    Conflict between rule 137 and token "equivalent operator" resolved as shift (%right "equivalent operator").
    Conflict between rule 137 and token "star operator" resolved as shift ("implication operator" < "star operator").


State 345

  140 boolformula: boolformula "equivalent operator" error •

    $default  reduce using rule 140 (boolformula)


State 346

  127 boolformula: boolformula • "and operator" boolformula
  128            | boolformula • "and operator" error
  129            | boolformula • "short and operator" boolformula
  130            | boolformula • "short and operator" error
  131            | boolformula • "star operator" boolformula
  132            | boolformula • "star operator" error
  133            | boolformula • "or operator" boolformula
  134            | boolformula • "or operator" error
  135            | boolformula • "xor operator" boolformula
  136            | boolformula • "xor operator" error
  137            | boolformula • "implication operator" boolformula
  138            | boolformula • "implication operator" error
  139            | boolformula • "equivalent operator" boolformula
  139            | boolformula "equivalent operator" boolformula •  [error, "closing parenthesis", "end of formula"]
  140            | boolformula • "equivalent operator" error

    "or operator"           shift, and go to state 197
    "xor operator"          shift, and go to state 198
    "and operator"          shift, and go to state 199
    "short and operator"    shift, and go to state 200
    "implication operator"  shift, and go to state 201
    "equivalent operator"   shift, and go to state 202
    "star operator"         shift, and go to state 203

    $default  reduce using rule 139 (boolformula)

    Conflict between rule 139 and token "or operator" resolved as shift ("equivalent operator" < "or operator").
    Conflict between rule 139 and token "xor operator" resolved as shift ("equivalent operator" < "xor operator").
    Conflict between rule 139 and token "and operator" resolved as shift ("equivalent operator" < "and operator").
    Conflict between rule 139 and token "short and operator" resolved as shift ("equivalent operator" < "short and operator").
    Conflict between rule 139 and token "implication operator" resolved as shift (%right "implication operator").
    Conflict between rule 139 and token "equivalent operator" resolved as shift (%right "equivalent operator").
    Conflict between rule 139 and token "star operator" resolved as shift ("equivalent operator" < "star operator").


State 347

  132 boolformula: boolformula "star operator" error •

    $default  reduce using rule 132 (boolformula)


State 348

  127 boolformula: boolformula • "and operator" boolformula
  128            | boolformula • "and operator" error
  129            | boolformula • "short and operator" boolformula
  130            | boolformula • "short and operator" error
  131            | boolformula • "star operator" boolformula
  131            | boolformula "star operator" boolformula •  [error, "closing parenthesis", "or operator", "xor operator", "and operator", "short and operator", "implication operator", "equivalent operator", "star operator", "end of formula"]
  132            | boolformula • "star operator" error
  133            | boolformula • "or operator" boolformula
  134            | boolformula • "or operator" error
  135            | boolformula • "xor operator" boolformula
  136            | boolformula • "xor operator" error
  137            | boolformula • "implication operator" boolformula
  138            | boolformula • "implication operator" error
  139            | boolformula • "equivalent operator" boolformula
  140            | boolformula • "equivalent operator" error

    $default  reduce using rule 131 (boolformula)

    Conflict between rule 131 and token "or operator" resolved as reduce ("or operator" < "star operator").
    Conflict between rule 131 and token "xor operator" resolved as reduce ("xor operator" < "star operator").
    Conflict between rule 131 and token "and operator" resolved as reduce ("and operator" < "star operator").
    Conflict between rule 131 and token "short and operator" resolved as reduce ("short and operator" < "star operator").
    Conflict between rule 131 and token "implication operator" resolved as reduce ("implication operator" < "star operator").
    Conflict between rule 131 and token "equivalent operator" resolved as reduce ("equivalent operator" < "star operator").
    Conflict between rule 131 and token "star operator" resolved as reduce (%left "star operator").


State 349

  114 parenthesedsubformula: "opening parenthesis" subformula error "closing parenthesis" •

    $default  reduce using rule 114 (parenthesedsubformula)


State 350

  117 parenthesedsubformula: "opening parenthesis" subformula error "end of formula" •

    $default  reduce using rule 117 (parenthesedsubformula)


State 351

  106 bracedsere: "opening brace" sere error "closing brace" •

    $default  reduce using rule 106 (bracedsere)


State 352

  109 bracedsere: "opening brace" sere error "end of formula" •

    $default  reduce using rule 109 (bracedsere)


State 353

  145 aplist: aplist "," atomprop •

    $default  reduce using rule 145 (aplist)


State 354

  150 quantifiedformula: "exists operator" aplist ":" maybequantifiedformula •

    $default  reduce using rule 150 (quantifiedformula)


State 355

  147 maybequantifiedformula: quantifiedformula •

    $default  reduce using rule 147 (maybequantifiedformula)


State 356

  146 maybequantifiedformula: subformula •  [error, "end of formula"]
  156 subformula: subformula • "and operator" subformula
  157           | subformula • "and operator" error
  158           | subformula • "short and operator" subformula
  159           | subformula • "short and operator" error
  160           | subformula • "star operator" subformula
  161           | subformula • "star operator" error
  162           | subformula • "or operator" subformula
  163           | subformula • "or operator" error
  164           | subformula • "xor operator" subformula
  165           | subformula • "xor operator" error
  166           | subformula • "implication operator" subformula
  167           | subformula • "implication operator" error
  168           | subformula • "equivalent operator" subformula
  169           | subformula • "equivalent operator" error
  170           | subformula • "until operator" subformula
  171           | subformula • "until operator" error
  172           | subformula • "release operator" subformula
  173           | subformula • "release operator" error
  174           | subformula • "weak until operator" subformula
  175           | subformula • "weak until operator" error
  176           | subformula • "strong release operator" subformula
  177           | subformula • "strong release operator" error

    "or operator"              shift, and go to state 124
    "xor operator"             shift, and go to state 125
    "and operator"             shift, and go to state 126
    "short and operator"       shift, and go to state 127
    "implication operator"     shift, and go to state 128
    "equivalent operator"      shift, and go to state 129
    "until operator"           shift, and go to state 130
    "release operator"         shift, and go to state 131
    "weak until operator"      shift, and go to state 132
    "strong release operator"  shift, and go to state 133
    "star operator"            shift, and go to state 134

    $default  reduce using rule 146 (maybequantifiedformula)


State 357

  151 quantifiedformula: "forall operator" aplist ":" maybequantifiedformula •

    $default  reduce using rule 151 (quantifiedformula)


State 358

  156 subformula: subformula • "and operator" subformula
  157           | subformula • "and operator" error
  158           | subformula • "short and operator" subformula
  159           | subformula • "short and operator" error
  160           | subformula • "star operator" subformula
  161           | subformula • "star operator" error
  162           | subformula • "or operator" subformula
  163           | subformula • "or operator" error
  164           | subformula • "xor operator" subformula
  165           | subformula • "xor operator" error
  166           | subformula • "implication operator" subformula
  167           | subformula • "implication operator" error
  168           | subformula • "equivalent operator" subformula
  169           | subformula • "equivalent operator" error
  170           | subformula • "until operator" subformula
  171           | subformula • "until operator" error
  172           | subformula • "release operator" subformula
  173           | subformula • "release operator" error
  174           | subformula • "weak until operator" subformula
  175           | subformula • "weak until operator" error
  176           | subformula • "strong release operator" subformula
  177           | subformula • "strong release operator" error
  210           | "X[.] operator" error "closing bracket" subformula •  [error, "closing parenthesis", "or operator", "xor operator", "and operator", "short and operator", "implication operator", "equivalent operator", "until operator", "release operator", "weak until operator", "strong release operator", "star operator", "end of formula"]

    $default  reduce using rule 210 (subformula)

    Conflict between rule 210 and token "or operator" resolved as reduce ("or operator" < "X[.] operator").
    Conflict between rule 210 and token "xor operator" resolved as reduce ("xor operator" < "X[.] operator").
    Conflict between rule 210 and token "and operator" resolved as reduce ("and operator" < "X[.] operator").
    Conflict between rule 210 and token "short and operator" resolved as reduce ("short and operator" < "X[.] operator").
    Conflict between rule 210 and token "implication operator" resolved as reduce ("implication operator" < "X[.] operator").
    Conflict between rule 210 and token "equivalent operator" resolved as reduce ("equivalent operator" < "X[.] operator").
    Conflict between rule 210 and token "until operator" resolved as reduce ("until operator" < "X[.] operator").
    Conflict between rule 210 and token "release operator" resolved as reduce ("release operator" < "X[.] operator").
    Conflict between rule 210 and token "weak until operator" resolved as reduce ("weak until operator" < "X[.] operator").
    Conflict between rule 210 and token "strong release operator" resolved as reduce ("strong release operator" < "X[.] operator").
    Conflict between rule 210 and token "star operator" resolved as reduce ("star operator" < "X[.] operator").


State 359

  156 subformula: subformula • "and operator" subformula
  157           | subformula • "and operator" error
  158           | subformula • "short and operator" subformula
  159           | subformula • "short and operator" error
  160           | subformula • "star operator" subformula
  161           | subformula • "star operator" error
  162           | subformula • "or operator" subformula
  163           | subformula • "or operator" error
  164           | subformula • "xor operator" subformula
  165           | subformula • "xor operator" error
  166           | subformula • "implication operator" subformula
  167           | subformula • "implication operator" error
  168           | subformula • "equivalent operator" subformula
  169           | subformula • "equivalent operator" error
  170           | subformula • "until operator" subformula
  171           | subformula • "until operator" error
  172           | subformula • "release operator" subformula
  173           | subformula • "release operator" error
  174           | subformula • "weak until operator" subformula
  175           | subformula • "weak until operator" error
  176           | subformula • "strong release operator" subformula
  177           | subformula • "strong release operator" error
  213           | "X[.] operator" error "closing !]" subformula •  [error, "closing parenthesis", "or operator", "xor operator", "and operator", "short and operator", "implication operator", "equivalent operator", "until operator", "release operator", "weak until operator", "strong release operator", "star operator", "end of formula"]

    $default  reduce using rule 213 (subformula)

    Conflict between rule 213 and token "or operator" resolved as reduce ("or operator" < "X[.] operator").
    Conflict between rule 213 and token "xor operator" resolved as reduce ("xor operator" < "X[.] operator").
    Conflict between rule 213 and token "and operator" resolved as reduce ("and operator" < "X[.] operator").
    Conflict between rule 213 and token "short and operator" resolved as reduce ("short and operator" < "X[.] operator").
    Conflict between rule 213 and token "implication operator" resolved as reduce ("implication operator" < "X[.] operator").
    Conflict between rule 213 and token "equivalent operator" resolved as reduce ("equivalent operator" < "X[.] operator").
    Conflict between rule 213 and token "until operator" resolved as reduce ("until operator" < "X[.] operator").
    Conflict between rule 213 and token "release operator" resolved as reduce ("release operator" < "X[.] operator").
    Conflict between rule 213 and token "weak until operator" resolved as reduce ("weak until operator" < "X[.] operator").
    Conflict between rule 213 and token "strong release operator" resolved as reduce ("strong release operator" < "X[.] operator").
    Conflict between rule 213 and token "star operator" resolved as reduce ("star operator" < "X[.] operator").


State 360

  209 subformula: "X[.] operator" sqbkt_num "closing bracket" error •

    $default  reduce using rule 209 (subformula)


State 361

  156 subformula: subformula • "and operator" subformula
  157           | subformula • "and operator" error
  158           | subformula • "short and operator" subformula
  159           | subformula • "short and operator" error
  160           | subformula • "star operator" subformula
  161           | subformula • "star operator" error
  162           | subformula • "or operator" subformula
  163           | subformula • "or operator" error
  164           | subformula • "xor operator" subformula
  165           | subformula • "xor operator" error
  166           | subformula • "implication operator" subformula
  167           | subformula • "implication operator" error
  168           | subformula • "equivalent operator" subformula
  169           | subformula • "equivalent operator" error
  170           | subformula • "until operator" subformula
  171           | subformula • "until operator" error
  172           | subformula • "release operator" subformula
  173           | subformula • "release operator" error
  174           | subformula • "weak until operator" subformula
  175           | subformula • "weak until operator" error
  176           | subformula • "strong release operator" subformula
  177           | subformula • "strong release operator" error
  208           | "X[.] operator" sqbkt_num "closing bracket" subformula •  [error, "closing parenthesis", "or operator", "xor operator", "and operator", "short and operator", "implication operator", "equivalent operator", "until operator", "release operator", "weak until operator", "strong release operator", "star operator", "end of formula"]

    $default  reduce using rule 208 (subformula)

    Conflict between rule 208 and token "or operator" resolved as reduce ("or operator" < "X[.] operator").
    Conflict between rule 208 and token "xor operator" resolved as reduce ("xor operator" < "X[.] operator").
    Conflict between rule 208 and token "and operator" resolved as reduce ("and operator" < "X[.] operator").
    Conflict between rule 208 and token "short and operator" resolved as reduce ("short and operator" < "X[.] operator").
    Conflict between rule 208 and token "implication operator" resolved as reduce ("implication operator" < "X[.] operator").
    Conflict between rule 208 and token "equivalent operator" resolved as reduce ("equivalent operator" < "X[.] operator").
    Conflict between rule 208 and token "until operator" resolved as reduce ("until operator" < "X[.] operator").
    Conflict between rule 208 and token "release operator" resolved as reduce ("release operator" < "X[.] operator").
    Conflict between rule 208 and token "weak until operator" resolved as reduce ("weak until operator" < "X[.] operator").
    Conflict between rule 208 and token "strong release operator" resolved as reduce ("strong release operator" < "X[.] operator").
    Conflict between rule 208 and token "star operator" resolved as reduce ("star operator" < "X[.] operator").


State 362

  156 subformula: subformula • "and operator" subformula
  157           | subformula • "and operator" error
  158           | subformula • "short and operator" subformula
  159           | subformula • "short and operator" error
  160           | subformula • "star operator" subformula
  161           | subformula • "star operator" error
  162           | subformula • "or operator" subformula
  163           | subformula • "or operator" error
  164           | subformula • "xor operator" subformula
  165           | subformula • "xor operator" error
  166           | subformula • "implication operator" subformula
  167           | subformula • "implication operator" error
  168           | subformula • "equivalent operator" subformula
  169           | subformula • "equivalent operator" error
  170           | subformula • "until operator" subformula
  171           | subformula • "until operator" error
  172           | subformula • "release operator" subformula
  173           | subformula • "release operator" error
  174           | subformula • "weak until operator" subformula
  175           | subformula • "weak until operator" error
  176           | subformula • "strong release operator" subformula
  177           | subformula • "strong release operator" error
  212           | "X[.] operator" sqbkt_num "closing !]" subformula •  [error, "closing parenthesis", "or operator", "xor operator", "and operator", "short and operator", "implication operator", "equivalent operator", "until operator", "release operator", "weak until operator", "strong release operator", "star operator", "end of formula"]

    $default  reduce using rule 212 (subformula)

    Conflict between rule 212 and token "or operator" resolved as reduce ("or operator" < "X[.] operator").
    Conflict between rule 212 and token "xor operator" resolved as reduce ("xor operator" < "X[.] operator").
    Conflict between rule 212 and token "and operator" resolved as reduce ("and operator" < "X[.] operator").
    Conflict between rule 212 and token "short and operator" resolved as reduce ("short and operator" < "X[.] operator").
    Conflict between rule 212 and token "implication operator" resolved as reduce ("implication operator" < "X[.] operator").
    Conflict between rule 212 and token "equivalent operator" resolved as reduce ("equivalent operator" < "X[.] operator").
    Conflict between rule 212 and token "until operator" resolved as reduce ("until operator" < "X[.] operator").
    Conflict between rule 212 and token "release operator" resolved as reduce ("release operator" < "X[.] operator").
    Conflict between rule 212 and token "weak until operator" resolved as reduce ("weak until operator" < "X[.] operator").
    Conflict between rule 212 and token "strong release operator" resolved as reduce ("strong release operator" < "X[.] operator").
    Conflict between rule 212 and token "star operator" resolved as reduce ("star operator" < "X[.] operator").


State 363

  156 subformula: subformula • "and operator" subformula
  157           | subformula • "and operator" error
  158           | subformula • "short and operator" subformula
  159           | subformula • "short and operator" error
  160           | subformula • "star operator" subformula
  161           | subformula • "star operator" error
  162           | subformula • "or operator" subformula
  163           | subformula • "or operator" error
  164           | subformula • "xor operator" subformula
  165           | subformula • "xor operator" error
  166           | subformula • "implication operator" subformula
  167           | subformula • "implication operator" error
  168           | subformula • "equivalent operator" subformula
  169           | subformula • "equivalent operator" error
  170           | subformula • "until operator" subformula
  171           | subformula • "until operator" error
  172           | subformula • "release operator" subformula
  173           | subformula • "release operator" error
  174           | subformula • "weak until operator" subformula
  175           | subformula • "weak until operator" error
  176           | subformula • "strong release operator" subformula
  177           | subformula • "strong release operator" error
  189           | "F[.] operator" error "closing bracket" subformula •  [error, "closing parenthesis", "or operator", "xor operator", "and operator", "short and operator", "implication operator", "equivalent operator", "until operator", "release operator", "weak until operator", "strong release operator", "star operator", "end of formula"]

    $default  reduce using rule 189 (subformula)

    Conflict between rule 189 and token "or operator" resolved as reduce ("or operator" < "F[.] operator").
    Conflict between rule 189 and token "xor operator" resolved as reduce ("xor operator" < "F[.] operator").
    Conflict between rule 189 and token "and operator" resolved as reduce ("and operator" < "F[.] operator").
    Conflict between rule 189 and token "short and operator" resolved as reduce ("short and operator" < "F[.] operator").
    Conflict between rule 189 and token "implication operator" resolved as reduce ("implication operator" < "F[.] operator").
    Conflict between rule 189 and token "equivalent operator" resolved as reduce ("equivalent operator" < "F[.] operator").
    Conflict between rule 189 and token "until operator" resolved as reduce ("until operator" < "F[.] operator").
    Conflict between rule 189 and token "release operator" resolved as reduce ("release operator" < "F[.] operator").
    Conflict between rule 189 and token "weak until operator" resolved as reduce ("weak until operator" < "F[.] operator").
    Conflict between rule 189 and token "strong release operator" resolved as reduce ("strong release operator" < "F[.] operator").
    Conflict between rule 189 and token "star operator" resolved as reduce ("star operator" < "F[.] operator").


State 364

  156 subformula: subformula • "and operator" subformula
  157           | subformula • "and operator" error
  158           | subformula • "short and operator" subformula
  159           | subformula • "short and operator" error
  160           | subformula • "star operator" subformula
  161           | subformula • "star operator" error
  162           | subformula • "or operator" subformula
  163           | subformula • "or operator" error
  164           | subformula • "xor operator" subformula
  165           | subformula • "xor operator" error
  166           | subformula • "implication operator" subformula
  167           | subformula • "implication operator" error
  168           | subformula • "equivalent operator" subformula
  169           | subformula • "equivalent operator" error
  170           | subformula • "until operator" subformula
  171           | subformula • "until operator" error
  172           | subformula • "release operator" subformula
  173           | subformula • "release operator" error
  174           | subformula • "weak until operator" subformula
  175           | subformula • "weak until operator" error
  176           | subformula • "strong release operator" subformula
  177           | subformula • "strong release operator" error
  190           | "F[.] operator" error "closing !]" subformula •  [error, "closing parenthesis", "or operator", "xor operator", "and operator", "short and operator", "implication operator", "equivalent operator", "until operator", "release operator", "weak until operator", "strong release operator", "star operator", "end of formula"]

    $default  reduce using rule 190 (subformula)

    Conflict between rule 190 and token "or operator" resolved as reduce ("or operator" < "F[.] operator").
    Conflict between rule 190 and token "xor operator" resolved as reduce ("xor operator" < "F[.] operator").
    Conflict between rule 190 and token "and operator" resolved as reduce ("and operator" < "F[.] operator").
    Conflict between rule 190 and token "short and operator" resolved as reduce ("short and operator" < "F[.] operator").
    Conflict between rule 190 and token "implication operator" resolved as reduce ("implication operator" < "F[.] operator").
    Conflict between rule 190 and token "equivalent operator" resolved as reduce ("equivalent operator" < "F[.] operator").
    Conflict between rule 190 and token "until operator" resolved as reduce ("until operator" < "F[.] operator").
    Conflict between rule 190 and token "release operator" resolved as reduce ("release operator" < "F[.] operator").
    Conflict between rule 190 and token "weak until operator" resolved as reduce ("weak until operator" < "F[.] operator").
    Conflict between rule 190 and token "strong release operator" resolved as reduce ("strong release operator" < "F[.] operator").
    Conflict between rule 190 and token "star operator" resolved as reduce ("star operator" < "F[.] operator").


State 365

  156 subformula: subformula • "and operator" subformula
  157           | subformula • "and operator" error
  158           | subformula • "short and operator" subformula
  159           | subformula • "short and operator" error
  160           | subformula • "star operator" subformula
  161           | subformula • "star operator" error
  162           | subformula • "or operator" subformula
  163           | subformula • "or operator" error
  164           | subformula • "xor operator" subformula
  165           | subformula • "xor operator" error
  166           | subformula • "implication operator" subformula
  167           | subformula • "implication operator" error
  168           | subformula • "equivalent operator" subformula
  169           | subformula • "equivalent operator" error
  170           | subformula • "until operator" subformula
  171           | subformula • "until operator" error
  172           | subformula • "release operator" subformula
  173           | subformula • "release operator" error
  174           | subformula • "weak until operator" subformula
  175           | subformula • "weak until operator" error
  176           | subformula • "strong release operator" subformula
  177           | subformula • "strong release operator" error
  180           | "F[.] operator" sqbkt_num "closing bracket" subformula •  [error, "closing parenthesis", "or operator", "xor operator", "and operator", "short and operator", "implication operator", "equivalent operator", "until operator", "release operator", "weak until operator", "strong release operator", "star operator", "end of formula"]

    $default  reduce using rule 180 (subformula)

    Conflict between rule 180 and token "or operator" resolved as reduce ("or operator" < "F[.] operator").
    Conflict between rule 180 and token "xor operator" resolved as reduce ("xor operator" < "F[.] operator").
    Conflict between rule 180 and token "and operator" resolved as reduce ("and operator" < "F[.] operator").
    Conflict between rule 180 and token "short and operator" resolved as reduce ("short and operator" < "F[.] operator").
    Conflict between rule 180 and token "implication operator" resolved as reduce ("implication operator" < "F[.] operator").
    Conflict between rule 180 and token "equivalent operator" resolved as reduce ("equivalent operator" < "F[.] operator").
    Conflict between rule 180 and token "until operator" resolved as reduce ("until operator" < "F[.] operator").
    Conflict between rule 180 and token "release operator" resolved as reduce ("release operator" < "F[.] operator").
    Conflict between rule 180 and token "weak until operator" resolved as reduce ("weak until operator" < "F[.] operator").
    Conflict between rule 180 and token "strong release operator" resolved as reduce ("strong release operator" < "F[.] operator").
    Conflict between rule 180 and token "star operator" resolved as reduce ("star operator" < "F[.] operator").


State 366

  156 subformula: subformula • "and operator" subformula
  157           | subformula • "and operator" error
  158           | subformula • "short and operator" subformula
  159           | subformula • "short and operator" error
  160           | subformula • "star operator" subformula
  161           | subformula • "star operator" error
  162           | subformula • "or operator" subformula
  163           | subformula • "or operator" error
  164           | subformula • "xor operator" subformula
  165           | subformula • "xor operator" error
  166           | subformula • "implication operator" subformula
  167           | subformula • "implication operator" error
  168           | subformula • "equivalent operator" subformula
  169           | subformula • "equivalent operator" error
  170           | subformula • "until operator" subformula
  171           | subformula • "until operator" error
  172           | subformula • "release operator" subformula
  173           | subformula • "release operator" error
  174           | subformula • "weak until operator" subformula
  175           | subformula • "weak until operator" error
  176           | subformula • "strong release operator" subformula
  177           | subformula • "strong release operator" error
  181           | "F[.] operator" sqbkt_num "closing !]" subformula •  [error, "closing parenthesis", "or operator", "xor operator", "and operator", "short and operator", "implication operator", "equivalent operator", "until operator", "release operator", "weak until operator", "strong release operator", "star operator", "end of formula"]

    $default  reduce using rule 181 (subformula)

    Conflict between rule 181 and token "or operator" resolved as reduce ("or operator" < "F[.] operator").
    Conflict between rule 181 and token "xor operator" resolved as reduce ("xor operator" < "F[.] operator").
    Conflict between rule 181 and token "and operator" resolved as reduce ("and operator" < "F[.] operator").
    Conflict between rule 181 and token "short and operator" resolved as reduce ("short and operator" < "F[.] operator").
    Conflict between rule 181 and token "implication operator" resolved as reduce ("implication operator" < "F[.] operator").
    Conflict between rule 181 and token "equivalent operator" resolved as reduce ("equivalent operator" < "F[.] operator").
    Conflict between rule 181 and token "until operator" resolved as reduce ("until operator" < "F[.] operator").
    Conflict between rule 181 and token "release operator" resolved as reduce ("release operator" < "F[.] operator").
    Conflict between rule 181 and token "weak until operator" resolved as reduce ("weak until operator" < "F[.] operator").
    Conflict between rule 181 and token "strong release operator" resolved as reduce ("strong release operator" < "F[.] operator").
    Conflict between rule 181 and token "star operator" resolved as reduce ("star operator" < "F[.] operator").


State 367

  182 subformula: "F[.] operator" sqbkt_num "separator for square bracket operator" sqbkt_num • "closing bracket" subformula
  183           | "F[.] operator" sqbkt_num "separator for square bracket operator" sqbkt_num • "closing !]" subformula
  186           | "F[.] operator" sqbkt_num "separator for square bracket operator" sqbkt_num • "closing bracket" error
  187           | "F[.] operator" sqbkt_num "separator for square bracket operator" sqbkt_num • "closing !]" error

    "closing bracket"  shift, and go to state 395
    "closing !]"       shift, and go to state 396


State 368

   61 atomprop: • "atomic proposition"
   62 booleanatom: • atomprop
   63            | • atomprop "positive suffix"
   64            | • atomprop "negative suffix"
   65            | • "constant true"
   66            | • "constant false"
  105 bracedsere: • "opening brace" sere "closing brace"
  106           | • "opening brace" sere error "closing brace"
  107           | • "opening brace" error "closing brace"
  108           | • "opening brace" sere "end of formula"
  109           | • "opening brace" sere error "end of formula"
  110           | • "opening brace" error "end of formula"
  111           | • "{...} block"
  112 parenthesedsubformula: • "(...) block"
  113                      | • "opening parenthesis" subformula "closing parenthesis"
  114                      | • "opening parenthesis" subformula error "closing parenthesis"
  115                      | • "opening parenthesis" error "closing parenthesis"
  116                      | • "opening parenthesis" subformula "end of formula"
  117                      | • "opening parenthesis" subformula error "end of formula"
  118                      | • "opening parenthesis" error "end of formula"
  154 subformula: • booleanatom
  155           | • parenthesedsubformula
  156           | • subformula "and operator" subformula
  157           | • subformula "and operator" error
  158           | • subformula "short and operator" subformula
  159           | • subformula "short and operator" error
  160           | • subformula "star operator" subformula
  161           | • subformula "star operator" error
  162           | • subformula "or operator" subformula
  163           | • subformula "or operator" error
  164           | • subformula "xor operator" subformula
  165           | • subformula "xor operator" error
  166           | • subformula "implication operator" subformula
  167           | • subformula "implication operator" error
  168           | • subformula "equivalent operator" subformula
  169           | • subformula "equivalent operator" error
  170           | • subformula "until operator" subformula
  171           | • subformula "until operator" error
  172           | • subformula "release operator" subformula
  173           | • subformula "release operator" error
  174           | • subformula "weak until operator" subformula
  175           | • subformula "weak until operator" error
  176           | • subformula "strong release operator" subformula
  177           | • subformula "strong release operator" error
  178           | • "sometimes operator" subformula
  179           | • "sometimes operator" error
  180           | • "F[.] operator" sqbkt_num "closing bracket" subformula
  181           | • "F[.] operator" sqbkt_num "closing !]" subformula
  182           | • "F[.] operator" sqbkt_num "separator for square bracket operator" sqbkt_num "closing bracket" subformula
  183           | • "F[.] operator" sqbkt_num "separator for square bracket operator" sqbkt_num "closing !]" subformula
  184           | • "F[.] operator" sqbkt_num OP_SQBKT_SEP_unbounded "closing bracket" subformula
  184           | "F[.] operator" sqbkt_num OP_SQBKT_SEP_unbounded "closing bracket" • subformula
  185           | • "F[.] operator" sqbkt_num OP_SQBKT_SEP_unbounded "closing !]" subformula
  186           | • "F[.] operator" sqbkt_num "separator for square bracket operator" sqbkt_num "closing bracket" error
  187           | • "F[.] operator" sqbkt_num "separator for square bracket operator" sqbkt_num "closing !]" error
  188           | • "F[.] operator" error_opt "end of formula"
  189           | • "F[.] operator" error "closing bracket" subformula
  190           | • "F[.] operator" error "closing !]" subformula
  191           | • "always operator" subformula
  192           | • "always operator" error
  193           | • "G[.] operator" sqbkt_num "separator for square bracket operator" sqbkt_num "closing bracket" subformula
  194           | • "G[.] operator" sqbkt_num "separator for square bracket operator" sqbkt_num "closing !]" subformula
  195           | • "G[.] operator" sqbkt_num OP_SQBKT_SEP_unbounded "closing bracket" subformula
  196           | • "G[.] operator" sqbkt_num OP_SQBKT_SEP_unbounded "closing !]" subformula
  197           | • "G[.] operator" sqbkt_num "closing bracket" subformula
  198           | • "G[.] operator" sqbkt_num "closing !]" subformula
  199           | • "G[.] operator" sqbkt_num "separator for square bracket operator" sqbkt_num "closing bracket" error
  200           | • "G[.] operator" sqbkt_num "separator for square bracket operator" sqbkt_num "closing !]" error
  201           | • "G[.] operator" error_opt "end of formula"
  202           | • "G[.] operator" error "closing bracket" subformula
  203           | • "G[.] operator" error "closing !]" subformula
  204           | • "next operator" subformula
  205           | • "next operator" error
  206           | • "strong next operator" subformula
  207           | • "strong next operator" error
  208           | • "X[.] operator" sqbkt_num "closing bracket" subformula
  209           | • "X[.] operator" sqbkt_num "closing bracket" error
  210           | • "X[.] operator" error "closing bracket" subformula
  211           | • "X[.] operator" "closing !]" subformula
  212           | • "X[.] operator" sqbkt_num "closing !]" subformula
  213           | • "X[.] operator" error "closing !]" subformula
  214           | • "X[.] operator" error_opt "end of formula"
  215           | • "not operator" subformula
  216           | • "not operator" error
  217           | • bracedsere
  218           | • bracedsere "universal concat operator" subformula
  219           | • bracedsere parenthesedsubformula
  220           | • bracedsere "universal concat operator" error
  221           | • bracedsere "existential concat operator" subformula
  222           | • bracedsere "existential concat operator" error
  223           | • bracedsere "universal non-overlapping concat operator" subformula
  224           | • bracedsere "universal non-overlapping concat operator" error
  225           | • bracedsere "existential non-overlapping concat operator" subformula
  226           | • bracedsere "existential non-overlapping concat operator" error
  227           | • "opening brace" sere "closing brace-bang"
  228           | • "{...}! block"

    "opening parenthesis"   shift, and go to state 7
    "(...) block"           shift, and go to state 8
    "{...} block"           shift, and go to state 9
    "{...}! block"          shift, and go to state 10
    "opening brace"         shift, and go to state 11
    "sometimes operator"    shift, and go to state 12
    "always operator"       shift, and go to state 13
    "next operator"         shift, and go to state 14
    "strong next operator"  shift, and go to state 15
    "not operator"          shift, and go to state 18
    "X[.] operator"         shift, and go to state 19
    "F[.] operator"         shift, and go to state 20
    "G[.] operator"         shift, and go to state 21
    "atomic proposition"    shift, and go to state 22
    "constant true"         shift, and go to state 23
    "constant false"        shift, and go to state 24

    atomprop               go to state 28
    booleanatom            go to state 29
    bracedsere             go to state 30
    parenthesedsubformula  go to state 31
    subformula             go to state 397


State 369

   61 atomprop: • "atomic proposition"
   62 booleanatom: • atomprop
   63            | • atomprop "positive suffix"
   64            | • atomprop "negative suffix"
   65            | • "constant true"
   66            | • "constant false"
  105 bracedsere: • "opening brace" sere "closing brace"
  106           | • "opening brace" sere error "closing brace"
  107           | • "opening brace" error "closing brace"
  108           | • "opening brace" sere "end of formula"
  109           | • "opening brace" sere error "end of formula"
  110           | • "opening brace" error "end of formula"
  111           | • "{...} block"
  112 parenthesedsubformula: • "(...) block"
  113                      | • "opening parenthesis" subformula "closing parenthesis"
  114                      | • "opening parenthesis" subformula error "closing parenthesis"
  115                      | • "opening parenthesis" error "closing parenthesis"
  116                      | • "opening parenthesis" subformula "end of formula"
  117                      | • "opening parenthesis" subformula error "end of formula"
  118                      | • "opening parenthesis" error "end of formula"
  154 subformula: • booleanatom
  155           | • parenthesedsubformula
  156           | • subformula "and operator" subformula
  157           | • subformula "and operator" error
  158           | • subformula "short and operator" subformula
  159           | • subformula "short and operator" error
  160           | • subformula "star operator" subformula
  161           | • subformula "star operator" error
  162           | • subformula "or operator" subformula
  163           | • subformula "or operator" error
  164           | • subformula "xor operator" subformula
  165           | • subformula "xor operator" error
  166           | • subformula "implication operator" subformula
  167           | • subformula "implication operator" error
  168           | • subformula "equivalent operator" subformula
  169           | • subformula "equivalent operator" error
  170           | • subformula "until operator" subformula
  171           | • subformula "until operator" error
  172           | • subformula "release operator" subformula
  173           | • subformula "release operator" error
  174           | • subformula "weak until operator" subformula
  175           | • subformula "weak until operator" error
  176           | • subformula "strong release operator" subformula
  177           | • subformula "strong release operator" error
  178           | • "sometimes operator" subformula
  179           | • "sometimes operator" error
  180           | • "F[.] operator" sqbkt_num "closing bracket" subformula
  181           | • "F[.] operator" sqbkt_num "closing !]" subformula
  182           | • "F[.] operator" sqbkt_num "separator for square bracket operator" sqbkt_num "closing bracket" subformula
  183           | • "F[.] operator" sqbkt_num "separator for square bracket operator" sqbkt_num "closing !]" subformula
  184           | • "F[.] operator" sqbkt_num OP_SQBKT_SEP_unbounded "closing bracket" subformula
  185           | • "F[.] operator" sqbkt_num OP_SQBKT_SEP_unbounded "closing !]" subformula
  185           | "F[.] operator" sqbkt_num OP_SQBKT_SEP_unbounded "closing !]" • subformula
  186           | • "F[.] operator" sqbkt_num "separator for square bracket operator" sqbkt_num "closing bracket" error
  187           | • "F[.] operator" sqbkt_num "separator for square bracket operator" sqbkt_num "closing !]" error
  188           | • "F[.] operator" error_opt "end of formula"
  189           | • "F[.] operator" error "closing bracket" subformula
  190           | • "F[.] operator" error "closing !]" subformula
  191           | • "always operator" subformula
  192           | • "always operator" error
  193           | • "G[.] operator" sqbkt_num "separator for square bracket operator" sqbkt_num "closing bracket" subformula
  194           | • "G[.] operator" sqbkt_num "separator for square bracket operator" sqbkt_num "closing !]" subformula
  195           | • "G[.] operator" sqbkt_num OP_SQBKT_SEP_unbounded "closing bracket" subformula
  196           | • "G[.] operator" sqbkt_num OP_SQBKT_SEP_unbounded "closing !]" subformula
  197           | • "G[.] operator" sqbkt_num "closing bracket" subformula
  198           | • "G[.] operator" sqbkt_num "closing !]" subformula
  199           | • "G[.] operator" sqbkt_num "separator for square bracket operator" sqbkt_num "closing bracket" error
  200           | • "G[.] operator" sqbkt_num "separator for square bracket operator" sqbkt_num "closing !]" error
  201           | • "G[.] operator" error_opt "end of formula"
  202           | • "G[.] operator" error "closing bracket" subformula
  203           | • "G[.] operator" error "closing !]" subformula
  204           | • "next operator" subformula
  205           | • "next operator" error
  206           | • "strong next operator" subformula
  207           | • "strong next operator" error
  208           | • "X[.] operator" sqbkt_num "closing bracket" subformula
  209           | • "X[.] operator" sqbkt_num "closing bracket" error
  210           | • "X[.] operator" error "closing bracket" subformula
  211           | • "X[.] operator" "closing !]" subformula
  212           | • "X[.] operator" sqbkt_num "closing !]" subformula
  213           | • "X[.] operator" error "closing !]" subformula
  214           | • "X[.] operator" error_opt "end of formula"
  215           | • "not operator" subformula
  216           | • "not operator" error
  217           | • bracedsere
  218           | • bracedsere "universal concat operator" subformula
  219           | • bracedsere parenthesedsubformula
  220           | • bracedsere "universal concat operator" error
  221           | • bracedsere "existential concat operator" subformula
  222           | • bracedsere "existential concat operator" error
  223           | • bracedsere "universal non-overlapping concat operator" subformula
  224           | • bracedsere "universal non-overlapping concat operator" error
  225           | • bracedsere "existential non-overlapping concat operator" subformula
  226           | • bracedsere "existential non-overlapping concat operator" error
  227           | • "opening brace" sere "closing brace-bang"
  228           | • "{...}! block"

    "opening parenthesis"   shift, and go to state 7
    "(...) block"           shift, and go to state 8
    "{...} block"           shift, and go to state 9
    "{...}! block"          shift, and go to state 10
    "opening brace"         shift, and go to state 11
    "sometimes operator"    shift, and go to state 12
    "always operator"       shift, and go to state 13
    "next operator"         shift, and go to state 14
    "strong next operator"  shift, and go to state 15
    "not operator"          shift, and go to state 18
    "X[.] operator"         shift, and go to state 19
    "F[.] operator"         shift, and go to state 20
    "G[.] operator"         shift, and go to state 21
    "atomic proposition"    shift, and go to state 22
    "constant true"         shift, and go to state 23
    "constant false"        shift, and go to state 24

    atomprop               go to state 28
    booleanatom            go to state 29
    bracedsere             go to state 30
    parenthesedsubformula  go to state 31
    subformula             go to state 398


State 370

  156 subformula: subformula • "and operator" subformula
  157           | subformula • "and operator" error
  158           | subformula • "short and operator" subformula
  159           | subformula • "short and operator" error
  160           | subformula • "star operator" subformula
  161           | subformula • "star operator" error
  162           | subformula • "or operator" subformula
  163           | subformula • "or operator" error
  164           | subformula • "xor operator" subformula
  165           | subformula • "xor operator" error
  166           | subformula • "implication operator" subformula
  167           | subformula • "implication operator" error
  168           | subformula • "equivalent operator" subformula
  169           | subformula • "equivalent operator" error
  170           | subformula • "until operator" subformula
  171           | subformula • "until operator" error
  172           | subformula • "release operator" subformula
  173           | subformula • "release operator" error
  174           | subformula • "weak until operator" subformula
  175           | subformula • "weak until operator" error
  176           | subformula • "strong release operator" subformula
  177           | subformula • "strong release operator" error
  202           | "G[.] operator" error "closing bracket" subformula •  [error, "closing parenthesis", "or operator", "xor operator", "and operator", "short and operator", "implication operator", "equivalent operator", "until operator", "release operator", "weak until operator", "strong release operator", "star operator", "end of formula"]

    $default  reduce using rule 202 (subformula)

    Conflict between rule 202 and token "or operator" resolved as reduce ("or operator" < "G[.] operator").
    Conflict between rule 202 and token "xor operator" resolved as reduce ("xor operator" < "G[.] operator").
    Conflict between rule 202 and token "and operator" resolved as reduce ("and operator" < "G[.] operator").
    Conflict between rule 202 and token "short and operator" resolved as reduce ("short and operator" < "G[.] operator").
    Conflict between rule 202 and token "implication operator" resolved as reduce ("implication operator" < "G[.] operator").
    Conflict between rule 202 and token "equivalent operator" resolved as reduce ("equivalent operator" < "G[.] operator").
    Conflict between rule 202 and token "until operator" resolved as reduce ("until operator" < "G[.] operator").
    Conflict between rule 202 and token "release operator" resolved as reduce ("release operator" < "G[.] operator").
    Conflict between rule 202 and token "weak until operator" resolved as reduce ("weak until operator" < "G[.] operator").
    Conflict between rule 202 and token "strong release operator" resolved as reduce ("strong release operator" < "G[.] operator").
    Conflict between rule 202 and token "star operator" resolved as reduce ("star operator" < "G[.] operator").


State 371

  156 subformula: subformula • "and operator" subformula
  157           | subformula • "and operator" error
  158           | subformula • "short and operator" subformula
  159           | subformula • "short and operator" error
  160           | subformula • "star operator" subformula
  161           | subformula • "star operator" error
  162           | subformula • "or operator" subformula
  163           | subformula • "or operator" error
  164           | subformula • "xor operator" subformula
  165           | subformula • "xor operator" error
  166           | subformula • "implication operator" subformula
  167           | subformula • "implication operator" error
  168           | subformula • "equivalent operator" subformula
  169           | subformula • "equivalent operator" error
  170           | subformula • "until operator" subformula
  171           | subformula • "until operator" error
  172           | subformula • "release operator" subformula
  173           | subformula • "release operator" error
  174           | subformula • "weak until operator" subformula
  175           | subformula • "weak until operator" error
  176           | subformula • "strong release operator" subformula
  177           | subformula • "strong release operator" error
  203           | "G[.] operator" error "closing !]" subformula •  [error, "closing parenthesis", "or operator", "xor operator", "and operator", "short and operator", "implication operator", "equivalent operator", "until operator", "release operator", "weak until operator", "strong release operator", "star operator", "end of formula"]

    $default  reduce using rule 203 (subformula)

    Conflict between rule 203 and token "or operator" resolved as reduce ("or operator" < "G[.] operator").
    Conflict between rule 203 and token "xor operator" resolved as reduce ("xor operator" < "G[.] operator").
    Conflict between rule 203 and token "and operator" resolved as reduce ("and operator" < "G[.] operator").
    Conflict between rule 203 and token "short and operator" resolved as reduce ("short and operator" < "G[.] operator").
    Conflict between rule 203 and token "implication operator" resolved as reduce ("implication operator" < "G[.] operator").
    Conflict between rule 203 and token "equivalent operator" resolved as reduce ("equivalent operator" < "G[.] operator").
    Conflict between rule 203 and token "until operator" resolved as reduce ("until operator" < "G[.] operator").
    Conflict between rule 203 and token "release operator" resolved as reduce ("release operator" < "G[.] operator").
    Conflict between rule 203 and token "weak until operator" resolved as reduce ("weak until operator" < "G[.] operator").
    Conflict between rule 203 and token "strong release operator" resolved as reduce ("strong release operator" < "G[.] operator").
    Conflict between rule 203 and token "star operator" resolved as reduce ("star operator" < "G[.] operator").


State 372

  156 subformula: subformula • "and operator" subformula
  157           | subformula • "and operator" error
  158           | subformula • "short and operator" subformula
  159           | subformula • "short and operator" error
  160           | subformula • "star operator" subformula
  161           | subformula • "star operator" error
  162           | subformula • "or operator" subformula
  163           | subformula • "or operator" error
  164           | subformula • "xor operator" subformula
  165           | subformula • "xor operator" error
  166           | subformula • "implication operator" subformula
  167           | subformula • "implication operator" error
  168           | subformula • "equivalent operator" subformula
  169           | subformula • "equivalent operator" error
  170           | subformula • "until operator" subformula
  171           | subformula • "until operator" error
  172           | subformula • "release operator" subformula
  173           | subformula • "release operator" error
  174           | subformula • "weak until operator" subformula
  175           | subformula • "weak until operator" error
  176           | subformula • "strong release operator" subformula
  177           | subformula • "strong release operator" error
  197           | "G[.] operator" sqbkt_num "closing bracket" subformula •  [error, "closing parenthesis", "or operator", "xor operator", "and operator", "short and operator", "implication operator", "equivalent operator", "until operator", "release operator", "weak until operator", "strong release operator", "star operator", "end of formula"]

    $default  reduce using rule 197 (subformula)

    Conflict between rule 197 and token "or operator" resolved as reduce ("or operator" < "G[.] operator").
    Conflict between rule 197 and token "xor operator" resolved as reduce ("xor operator" < "G[.] operator").
    Conflict between rule 197 and token "and operator" resolved as reduce ("and operator" < "G[.] operator").
    Conflict between rule 197 and token "short and operator" resolved as reduce ("short and operator" < "G[.] operator").
    Conflict between rule 197 and token "implication operator" resolved as reduce ("implication operator" < "G[.] operator").
    Conflict between rule 197 and token "equivalent operator" resolved as reduce ("equivalent operator" < "G[.] operator").
    Conflict between rule 197 and token "until operator" resolved as reduce ("until operator" < "G[.] operator").
    Conflict between rule 197 and token "release operator" resolved as reduce ("release operator" < "G[.] operator").
    Conflict between rule 197 and token "weak until operator" resolved as reduce ("weak until operator" < "G[.] operator").
    Conflict between rule 197 and token "strong release operator" resolved as reduce ("strong release operator" < "G[.] operator").
    Conflict between rule 197 and token "star operator" resolved as reduce ("star operator" < "G[.] operator").


State 373

  156 subformula: subformula • "and operator" subformula
  157           | subformula • "and operator" error
  158           | subformula • "short and operator" subformula
  159           | subformula • "short and operator" error
  160           | subformula • "star operator" subformula
  161           | subformula • "star operator" error
  162           | subformula • "or operator" subformula
  163           | subformula • "or operator" error
  164           | subformula • "xor operator" subformula
  165           | subformula • "xor operator" error
  166           | subformula • "implication operator" subformula
  167           | subformula • "implication operator" error
  168           | subformula • "equivalent operator" subformula
  169           | subformula • "equivalent operator" error
  170           | subformula • "until operator" subformula
  171           | subformula • "until operator" error
  172           | subformula • "release operator" subformula
  173           | subformula • "release operator" error
  174           | subformula • "weak until operator" subformula
  175           | subformula • "weak until operator" error
  176           | subformula • "strong release operator" subformula
  177           | subformula • "strong release operator" error
  198           | "G[.] operator" sqbkt_num "closing !]" subformula •  [error, "closing parenthesis", "or operator", "xor operator", "and operator", "short and operator", "implication operator", "equivalent operator", "until operator", "release operator", "weak until operator", "strong release operator", "star operator", "end of formula"]

    $default  reduce using rule 198 (subformula)

    Conflict between rule 198 and token "or operator" resolved as reduce ("or operator" < "G[.] operator").
    Conflict between rule 198 and token "xor operator" resolved as reduce ("xor operator" < "G[.] operator").
    Conflict between rule 198 and token "and operator" resolved as reduce ("and operator" < "G[.] operator").
    Conflict between rule 198 and token "short and operator" resolved as reduce ("short and operator" < "G[.] operator").
    Conflict between rule 198 and token "implication operator" resolved as reduce ("implication operator" < "G[.] operator").
    Conflict between rule 198 and token "equivalent operator" resolved as reduce ("equivalent operator" < "G[.] operator").
    Conflict between rule 198 and token "until operator" resolved as reduce ("until operator" < "G[.] operator").
    Conflict between rule 198 and token "release operator" resolved as reduce ("release operator" < "G[.] operator").
    Conflict between rule 198 and token "weak until operator" resolved as reduce ("weak until operator" < "G[.] operator").
    Conflict between rule 198 and token "strong release operator" resolved as reduce ("strong release operator" < "G[.] operator").
    Conflict between rule 198 and token "star operator" resolved as reduce ("star operator" < "G[.] operator").


State 374

  193 subformula: "G[.] operator" sqbkt_num "separator for square bracket operator" sqbkt_num • "closing bracket" subformula
  194           | "G[.] operator" sqbkt_num "separator for square bracket operator" sqbkt_num • "closing !]" subformula
  199           | "G[.] operator" sqbkt_num "separator for square bracket operator" sqbkt_num • "closing bracket" error
  200           | "G[.] operator" sqbkt_num "separator for square bracket operator" sqbkt_num • "closing !]" error

    "closing bracket"  shift, and go to state 399
    "closing !]"       shift, and go to state 400


State 375

   61 atomprop: • "atomic proposition"
   62 booleanatom: • atomprop
   63            | • atomprop "positive suffix"
   64            | • atomprop "negative suffix"
   65            | • "constant true"
   66            | • "constant false"
  105 bracedsere: • "opening brace" sere "closing brace"
  106           | • "opening brace" sere error "closing brace"
  107           | • "opening brace" error "closing brace"
  108           | • "opening brace" sere "end of formula"
  109           | • "opening brace" sere error "end of formula"
  110           | • "opening brace" error "end of formula"
  111           | • "{...} block"
  112 parenthesedsubformula: • "(...) block"
  113                      | • "opening parenthesis" subformula "closing parenthesis"
  114                      | • "opening parenthesis" subformula error "closing parenthesis"
  115                      | • "opening parenthesis" error "closing parenthesis"
  116                      | • "opening parenthesis" subformula "end of formula"
  117                      | • "opening parenthesis" subformula error "end of formula"
  118                      | • "opening parenthesis" error "end of formula"
  154 subformula: • booleanatom
  155           | • parenthesedsubformula
  156           | • subformula "and operator" subformula
  157           | • subformula "and operator" error
  158           | • subformula "short and operator" subformula
  159           | • subformula "short and operator" error
  160           | • subformula "star operator" subformula
  161           | • subformula "star operator" error
  162           | • subformula "or operator" subformula
  163           | • subformula "or operator" error
  164           | • subformula "xor operator" subformula
  165           | • subformula "xor operator" error
  166           | • subformula "implication operator" subformula
  167           | • subformula "implication operator" error
  168           | • subformula "equivalent operator" subformula
  169           | • subformula "equivalent operator" error
  170           | • subformula "until operator" subformula
  171           | • subformula "until operator" error
  172           | • subformula "release operator" subformula
  173           | • subformula "release operator" error
  174           | • subformula "weak until operator" subformula
  175           | • subformula "weak until operator" error
  176           | • subformula "strong release operator" subformula
  177           | • subformula "strong release operator" error
  178           | • "sometimes operator" subformula
  179           | • "sometimes operator" error
  180           | • "F[.] operator" sqbkt_num "closing bracket" subformula
  181           | • "F[.] operator" sqbkt_num "closing !]" subformula
  182           | • "F[.] operator" sqbkt_num "separator for square bracket operator" sqbkt_num "closing bracket" subformula
  183           | • "F[.] operator" sqbkt_num "separator for square bracket operator" sqbkt_num "closing !]" subformula
  184           | • "F[.] operator" sqbkt_num OP_SQBKT_SEP_unbounded "closing bracket" subformula
  185           | • "F[.] operator" sqbkt_num OP_SQBKT_SEP_unbounded "closing !]" subformula
  186           | • "F[.] operator" sqbkt_num "separator for square bracket operator" sqbkt_num "closing bracket" error
  187           | • "F[.] operator" sqbkt_num "separator for square bracket operator" sqbkt_num "closing !]" error
  188           | • "F[.] operator" error_opt "end of formula"
  189           | • "F[.] operator" error "closing bracket" subformula
  190           | • "F[.] operator" error "closing !]" subformula
  191           | • "always operator" subformula
  192           | • "always operator" error
  193           | • "G[.] operator" sqbkt_num "separator for square bracket operator" sqbkt_num "closing bracket" subformula
  194           | • "G[.] operator" sqbkt_num "separator for square bracket operator" sqbkt_num "closing !]" subformula
  195           | • "G[.] operator" sqbkt_num OP_SQBKT_SEP_unbounded "closing bracket" subformula
  195           | "G[.] operator" sqbkt_num OP_SQBKT_SEP_unbounded "closing bracket" • subformula
  196           | • "G[.] operator" sqbkt_num OP_SQBKT_SEP_unbounded "closing !]" subformula
  197           | • "G[.] operator" sqbkt_num "closing bracket" subformula
  198           | • "G[.] operator" sqbkt_num "closing !]" subformula
  199           | • "G[.] operator" sqbkt_num "separator for square bracket operator" sqbkt_num "closing bracket" error
  200           | • "G[.] operator" sqbkt_num "separator for square bracket operator" sqbkt_num "closing !]" error
  201           | • "G[.] operator" error_opt "end of formula"
  202           | • "G[.] operator" error "closing bracket" subformula
  203           | • "G[.] operator" error "closing !]" subformula
  204           | • "next operator" subformula
  205           | • "next operator" error
  206           | • "strong next operator" subformula
  207           | • "strong next operator" error
  208           | • "X[.] operator" sqbkt_num "closing bracket" subformula
  209           | • "X[.] operator" sqbkt_num "closing bracket" error
  210           | • "X[.] operator" error "closing bracket" subformula
  211           | • "X[.] operator" "closing !]" subformula
  212           | • "X[.] operator" sqbkt_num "closing !]" subformula
  213           | • "X[.] operator" error "closing !]" subformula
  214           | • "X[.] operator" error_opt "end of formula"
  215           | • "not operator" subformula
  216           | • "not operator" error
  217           | • bracedsere
  218           | • bracedsere "universal concat operator" subformula
  219           | • bracedsere parenthesedsubformula
  220           | • bracedsere "universal concat operator" error
  221           | • bracedsere "existential concat operator" subformula
  222           | • bracedsere "existential concat operator" error
  223           | • bracedsere "universal non-overlapping concat operator" subformula
  224           | • bracedsere "universal non-overlapping concat operator" error
  225           | • bracedsere "existential non-overlapping concat operator" subformula
  226           | • bracedsere "existential non-overlapping concat operator" error
  227           | • "opening brace" sere "closing brace-bang"
  228           | • "{...}! block"

    "opening parenthesis"   shift, and go to state 7
    "(...) block"           shift, and go to state 8
    "{...} block"           shift, and go to state 9
    "{...}! block"          shift, and go to state 10
    "opening brace"         shift, and go to state 11
    "sometimes operator"    shift, and go to state 12
    "always operator"       shift, and go to state 13
    "next operator"         shift, and go to state 14
    "strong next operator"  shift, and go to state 15
    "not operator"          shift, and go to state 18
    "X[.] operator"         shift, and go to state 19
    "F[.] operator"         shift, and go to state 20
    "G[.] operator"         shift, and go to state 21
    "atomic proposition"    shift, and go to state 22
    "constant true"         shift, and go to state 23
    "constant false"        shift, and go to state 24

    atomprop               go to state 28
    booleanatom            go to state 29
    bracedsere             go to state 30
    parenthesedsubformula  go to state 31
    subformula             go to state 401


State 376

   61 atomprop: • "atomic proposition"
   62 booleanatom: • atomprop
   63            | • atomprop "positive suffix"
   64            | • atomprop "negative suffix"
   65            | • "constant true"
   66            | • "constant false"
  105 bracedsere: • "opening brace" sere "closing brace"
  106           | • "opening brace" sere error "closing brace"
  107           | • "opening brace" error "closing brace"
  108           | • "opening brace" sere "end of formula"
  109           | • "opening brace" sere error "end of formula"
  110           | • "opening brace" error "end of formula"
  111           | • "{...} block"
  112 parenthesedsubformula: • "(...) block"
  113                      | • "opening parenthesis" subformula "closing parenthesis"
  114                      | • "opening parenthesis" subformula error "closing parenthesis"
  115                      | • "opening parenthesis" error "closing parenthesis"
  116                      | • "opening parenthesis" subformula "end of formula"
  117                      | • "opening parenthesis" subformula error "end of formula"
  118                      | • "opening parenthesis" error "end of formula"
  154 subformula: • booleanatom
  155           | • parenthesedsubformula
  156           | • subformula "and operator" subformula
  157           | • subformula "and operator" error
  158           | • subformula "short and operator" subformula
  159           | • subformula "short and operator" error
  160           | • subformula "star operator" subformula
  161           | • subformula "star operator" error
  162           | • subformula "or operator" subformula
  163           | • subformula "or operator" error
  164           | • subformula "xor operator" subformula
  165           | • subformula "xor operator" error
  166           | • subformula "implication operator" subformula
  167           | • subformula "implication operator" error
  168           | • subformula "equivalent operator" subformula
  169           | • subformula "equivalent operator" error
  170           | • subformula "until operator" subformula
  171           | • subformula "until operator" error
  172           | • subformula "release operator" subformula
  173           | • subformula "release operator" error
  174           | • subformula "weak until operator" subformula
  175           | • subformula "weak until operator" error
  176           | • subformula "strong release operator" subformula
  177           | • subformula "strong release operator" error
  178           | • "sometimes operator" subformula
  179           | • "sometimes operator" error
  180           | • "F[.] operator" sqbkt_num "closing bracket" subformula
  181           | • "F[.] operator" sqbkt_num "closing !]" subformula
  182           | • "F[.] operator" sqbkt_num "separator for square bracket operator" sqbkt_num "closing bracket" subformula
  183           | • "F[.] operator" sqbkt_num "separator for square bracket operator" sqbkt_num "closing !]" subformula
  184           | • "F[.] operator" sqbkt_num OP_SQBKT_SEP_unbounded "closing bracket" subformula
  185           | • "F[.] operator" sqbkt_num OP_SQBKT_SEP_unbounded "closing !]" subformula
  186           | • "F[.] operator" sqbkt_num "separator for square bracket operator" sqbkt_num "closing bracket" error
  187           | • "F[.] operator" sqbkt_num "separator for square bracket operator" sqbkt_num "closing !]" error
  188           | • "F[.] operator" error_opt "end of formula"
  189           | • "F[.] operator" error "closing bracket" subformula
  190           | • "F[.] operator" error "closing !]" subformula
  191           | • "always operator" subformula
  192           | • "always operator" error
  193           | • "G[.] operator" sqbkt_num "separator for square bracket operator" sqbkt_num "closing bracket" subformula
  194           | • "G[.] operator" sqbkt_num "separator for square bracket operator" sqbkt_num "closing !]" subformula
  195           | • "G[.] operator" sqbkt_num OP_SQBKT_SEP_unbounded "closing bracket" subformula
  196           | • "G[.] operator" sqbkt_num OP_SQBKT_SEP_unbounded "closing !]" subformula
  196           | "G[.] operator" sqbkt_num OP_SQBKT_SEP_unbounded "closing !]" • subformula
  197           | • "G[.] operator" sqbkt_num "closing bracket" subformula
  198           | • "G[.] operator" sqbkt_num "closing !]" subformula
  199           | • "G[.] operator" sqbkt_num "separator for square bracket operator" sqbkt_num "closing bracket" error
  200           | • "G[.] operator" sqbkt_num "separator for square bracket operator" sqbkt_num "closing !]" error
  201           | • "G[.] operator" error_opt "end of formula"
  202           | • "G[.] operator" error "closing bracket" subformula
  203           | • "G[.] operator" error "closing !]" subformula
  204           | • "next operator" subformula
  205           | • "next operator" error
  206           | • "strong next operator" subformula
  207           | • "strong next operator" error
  208           | • "X[.] operator" sqbkt_num "closing bracket" subformula
  209           | • "X[.] operator" sqbkt_num "closing bracket" error
  210           | • "X[.] operator" error "closing bracket" subformula
  211           | • "X[.] operator" "closing !]" subformula
  212           | • "X[.] operator" sqbkt_num "closing !]" subformula
  213           | • "X[.] operator" error "closing !]" subformula
  214           | • "X[.] operator" error_opt "end of formula"
  215           | • "not operator" subformula
  216           | • "not operator" error
  217           | • bracedsere
  218           | • bracedsere "universal concat operator" subformula
  219           | • bracedsere parenthesedsubformula
  220           | • bracedsere "universal concat operator" error
  221           | • bracedsere "existential concat operator" subformula
  222           | • bracedsere "existential concat operator" error
  223           | • bracedsere "universal non-overlapping concat operator" subformula
  224           | • bracedsere "universal non-overlapping concat operator" error
  225           | • bracedsere "existential non-overlapping concat operator" subformula
  226           | • bracedsere "existential non-overlapping concat operator" error
  227           | • "opening brace" sere "closing brace-bang"
  228           | • "{...}! block"

    "opening parenthesis"   shift, and go to state 7
    "(...) block"           shift, and go to state 8
    "{...} block"           shift, and go to state 9
    "{...}! block"          shift, and go to state 10
    "opening brace"         shift, and go to state 11
    "sometimes operator"    shift, and go to state 12
    "always operator"       shift, and go to state 13
    "next operator"         shift, and go to state 14
    "strong next operator"  shift, and go to state 15
    "not operator"          shift, and go to state 18
    "X[.] operator"         shift, and go to state 19
    "F[.] operator"         shift, and go to state 20
    "G[.] operator"         shift, and go to state 21
    "atomic proposition"    shift, and go to state 22
    "constant true"         shift, and go to state 23
    "constant false"        shift, and go to state 24

    atomprop               go to state 28
    booleanatom            go to state 29
    bracedsere             go to state 30
    parenthesedsubformula  go to state 31
    subformula             go to state 402


State 377

  152 quantifiedformula: exists_or_forall error ":" maybequantifiedformula •

    $default  reduce using rule 152 (quantifiedformula)


State 378

   30 sqbracketargs: "separator for square bracket operator" sqbkt_num "closing bracket" •

    $default  reduce using rule 30 (sqbracketargs)


State 379

   28 sqbracketargs: sqbkt_num "separator for square bracket operator" sqbkt_num • "closing bracket"

    "closing bracket"  shift, and go to state 403


State 380

   29 sqbracketargs: sqbkt_num OP_SQBKT_SEP_unbounded "closing bracket" •

    $default  reduce using rule 29 (sqbracketargs)


State 381

  104 sere: "first_match" "opening parenthesis" sere "closing parenthesis" •

    $default  reduce using rule 104 (sere)


State 382

   51 fstarargs: "opening bracket for fusion-star operator" error "closing bracket" •

    $default  reduce using rule 51 (fstarargs)


State 383

   52 fstarargs: "opening bracket for fusion-star operator" error_opt "end of formula" •

    $default  reduce using rule 52 (fstarargs)


State 384

   54 equalargs: "opening bracket for equal operator" error "closing bracket" •

    $default  reduce using rule 54 (equalargs)


State 385

   55 equalargs: "opening bracket for equal operator" error_opt "end of formula" •

    $default  reduce using rule 55 (equalargs)


State 386

   39 gotoargs: "opening bracket for goto operator" error "closing bracket" •

    $default  reduce using rule 39 (gotoargs)


State 387

   35 gotoargs: "opening bracket for goto operator" "separator for square bracket operator" sqbkt_num • "closing bracket"

    "closing bracket"  shift, and go to state 404


State 388

   36 gotoargs: "opening bracket for goto operator" OP_SQBKT_SEP_unbounded "closing bracket" •

    $default  reduce using rule 36 (gotoargs)


State 389

   40 gotoargs: "opening bracket for goto operator" error_opt "end of formula" •

    $default  reduce using rule 40 (gotoargs)


State 390

   38 gotoargs: "opening bracket for goto operator" sqbkt_num "closing bracket" •

    $default  reduce using rule 38 (gotoargs)


State 391

   21 OP_SQBKT_SEP_unbounded: "separator for square bracket operator" •  ["closing bracket"]
   22                       | "separator for square bracket operator" • "unbounded mark"
   27 sqbkt_num: • "number for square bracket operator"
   33 gotoargs: "opening bracket for goto operator" sqbkt_num "separator for square bracket operator" • sqbkt_num "closing bracket"

    "number for square bracket operator"  shift, and go to state 104
    "unbounded mark"                      shift, and go to state 288

    $default  reduce using rule 21 (OP_SQBKT_SEP_unbounded)

    sqbkt_num  go to state 405


State 392

   34 gotoargs: "opening bracket for goto operator" sqbkt_num OP_SQBKT_SEP_unbounded • "closing bracket"

    "closing bracket"  shift, and go to state 406


State 393

  122 boolformula: "opening parenthesis" boolformula error "closing parenthesis" •

    $default  reduce using rule 122 (boolformula)


State 394

  125 boolformula: "opening parenthesis" boolformula error "end of formula" •

    $default  reduce using rule 125 (boolformula)


State 395

   61 atomprop: • "atomic proposition"
   62 booleanatom: • atomprop
   63            | • atomprop "positive suffix"
   64            | • atomprop "negative suffix"
   65            | • "constant true"
   66            | • "constant false"
  105 bracedsere: • "opening brace" sere "closing brace"
  106           | • "opening brace" sere error "closing brace"
  107           | • "opening brace" error "closing brace"
  108           | • "opening brace" sere "end of formula"
  109           | • "opening brace" sere error "end of formula"
  110           | • "opening brace" error "end of formula"
  111           | • "{...} block"
  112 parenthesedsubformula: • "(...) block"
  113                      | • "opening parenthesis" subformula "closing parenthesis"
  114                      | • "opening parenthesis" subformula error "closing parenthesis"
  115                      | • "opening parenthesis" error "closing parenthesis"
  116                      | • "opening parenthesis" subformula "end of formula"
  117                      | • "opening parenthesis" subformula error "end of formula"
  118                      | • "opening parenthesis" error "end of formula"
  154 subformula: • booleanatom
  155           | • parenthesedsubformula
  156           | • subformula "and operator" subformula
  157           | • subformula "and operator" error
  158           | • subformula "short and operator" subformula
  159           | • subformula "short and operator" error
  160           | • subformula "star operator" subformula
  161           | • subformula "star operator" error
  162           | • subformula "or operator" subformula
  163           | • subformula "or operator" error
  164           | • subformula "xor operator" subformula
  165           | • subformula "xor operator" error
  166           | • subformula "implication operator" subformula
  167           | • subformula "implication operator" error
  168           | • subformula "equivalent operator" subformula
  169           | • subformula "equivalent operator" error
  170           | • subformula "until operator" subformula
  171           | • subformula "until operator" error
  172           | • subformula "release operator" subformula
  173           | • subformula "release operator" error
  174           | • subformula "weak until operator" subformula
  175           | • subformula "weak until operator" error
  176           | • subformula "strong release operator" subformula
  177           | • subformula "strong release operator" error
  178           | • "sometimes operator" subformula
  179           | • "sometimes operator" error
  180           | • "F[.] operator" sqbkt_num "closing bracket" subformula
  181           | • "F[.] operator" sqbkt_num "closing !]" subformula
  182           | • "F[.] operator" sqbkt_num "separator for square bracket operator" sqbkt_num "closing bracket" subformula
  182           | "F[.] operator" sqbkt_num "separator for square bracket operator" sqbkt_num "closing bracket" • subformula
  183           | • "F[.] operator" sqbkt_num "separator for square bracket operator" sqbkt_num "closing !]" subformula
  184           | • "F[.] operator" sqbkt_num OP_SQBKT_SEP_unbounded "closing bracket" subformula
  185           | • "F[.] operator" sqbkt_num OP_SQBKT_SEP_unbounded "closing !]" subformula
  186           | • "F[.] operator" sqbkt_num "separator for square bracket operator" sqbkt_num "closing bracket" error
  186           | "F[.] operator" sqbkt_num "separator for square bracket operator" sqbkt_num "closing bracket" • error
  187           | • "F[.] operator" sqbkt_num "separator for square bracket operator" sqbkt_num "closing !]" error
  188           | • "F[.] operator" error_opt "end of formula"
  189           | • "F[.] operator" error "closing bracket" subformula
  190           | • "F[.] operator" error "closing !]" subformula
  191           | • "always operator" subformula
  192           | • "always operator" error
  193           | • "G[.] operator" sqbkt_num "separator for square bracket operator" sqbkt_num "closing bracket" subformula
  194           | • "G[.] operator" sqbkt_num "separator for square bracket operator" sqbkt_num "closing !]" subformula
  195           | • "G[.] operator" sqbkt_num OP_SQBKT_SEP_unbounded "closing bracket" subformula
  196           | • "G[.] operator" sqbkt_num OP_SQBKT_SEP_unbounded "closing !]" subformula
  197           | • "G[.] operator" sqbkt_num "closing bracket" subformula
  198           | • "G[.] operator" sqbkt_num "closing !]" subformula
  199           | • "G[.] operator" sqbkt_num "separator for square bracket operator" sqbkt_num "closing bracket" error
  200           | • "G[.] operator" sqbkt_num "separator for square bracket operator" sqbkt_num "closing !]" error
  201           | • "G[.] operator" error_opt "end of formula"
  202           | • "G[.] operator" error "closing bracket" subformula
  203           | • "G[.] operator" error "closing !]" subformula
  204           | • "next operator" subformula
  205           | • "next operator" error
  206           | • "strong next operator" subformula
  207           | • "strong next operator" error
  208           | • "X[.] operator" sqbkt_num "closing bracket" subformula
  209           | • "X[.] operator" sqbkt_num "closing bracket" error
  210           | • "X[.] operator" error "closing bracket" subformula
  211           | • "X[.] operator" "closing !]" subformula
  212           | • "X[.] operator" sqbkt_num "closing !]" subformula
  213           | • "X[.] operator" error "closing !]" subformula
  214           | • "X[.] operator" error_opt "end of formula"
  215           | • "not operator" subformula
  216           | • "not operator" error
  217           | • bracedsere
  218           | • bracedsere "universal concat operator" subformula
  219           | • bracedsere parenthesedsubformula
  220           | • bracedsere "universal concat operator" error
  221           | • bracedsere "existential concat operator" subformula
  222           | • bracedsere "existential concat operator" error
  223           | • bracedsere "universal non-overlapping concat operator" subformula
  224           | • bracedsere "universal non-overlapping concat operator" error
  225           | • bracedsere "existential non-overlapping concat operator" subformula
  226           | • bracedsere "existential non-overlapping concat operator" error
  227           | • "opening brace" sere "closing brace-bang"
  228           | • "{...}! block"

    error                   shift, and go to state 407
    "opening parenthesis"   shift, and go to state 7
    "(...) block"           shift, and go to state 8
    "{...} block"           shift, and go to state 9
    "{...}! block"          shift, and go to state 10
    "opening brace"         shift, and go to state 11
    "sometimes operator"    shift, and go to state 12
    "always operator"       shift, and go to state 13
    "next operator"         shift, and go to state 14
    "strong next operator"  shift, and go to state 15
    "not operator"          shift, and go to state 18
    "X[.] operator"         shift, and go to state 19
    "F[.] operator"         shift, and go to state 20
    "G[.] operator"         shift, and go to state 21
    "atomic proposition"    shift, and go to state 22
    "constant true"         shift, and go to state 23
    "constant false"        shift, and go to state 24

    atomprop               go to state 28
    booleanatom            go to state 29
    bracedsere             go to state 30
    parenthesedsubformula  go to state 31
    subformula             go to state 408


State 396

   61 atomprop: • "atomic proposition"
   62 booleanatom: • atomprop
   63            | • atomprop "positive suffix"
   64            | • atomprop "negative suffix"
   65            | • "constant true"
   66            | • "constant false"
  105 bracedsere: • "opening brace" sere "closing brace"
  106           | • "opening brace" sere error "closing brace"
  107           | • "opening brace" error "closing brace"
  108           | • "opening brace" sere "end of formula"
  109           | • "opening brace" sere error "end of formula"
  110           | • "opening brace" error "end of formula"
  111           | • "{...} block"
  112 parenthesedsubformula: • "(...) block"
  113                      | • "opening parenthesis" subformula "closing parenthesis"
  114                      | • "opening parenthesis" subformula error "closing parenthesis"
  115                      | • "opening parenthesis" error "closing parenthesis"
  116                      | • "opening parenthesis" subformula "end of formula"
  117                      | • "opening parenthesis" subformula error "end of formula"
  118                      | • "opening parenthesis" error "end of formula"
  154 subformula: • booleanatom
  155           | • parenthesedsubformula
  156           | • subformula "and operator" subformula
  157           | • subformula "and operator" error
  158           | • subformula "short and operator" subformula
  159           | • subformula "short and operator" error
  160           | • subformula "star operator" subformula
  161           | • subformula "star operator" error
  162           | • subformula "or operator" subformula
  163           | • subformula "or operator" error
  164           | • subformula "xor operator" subformula
  165           | • subformula "xor operator" error
  166           | • subformula "implication operator" subformula
  167           | • subformula "implication operator" error
  168           | • subformula "equivalent operator" subformula
  169           | • subformula "equivalent operator" error
  170           | • subformula "until operator" subformula
  171           | • subformula "until operator" error
  172           | • subformula "release operator" subformula
  173           | • subformula "release operator" error
  174           | • subformula "weak until operator" subformula
  175           | • subformula "weak until operator" error
  176           | • subformula "strong release operator" subformula
  177           | • subformula "strong release operator" error
  178           | • "sometimes operator" subformula
  179           | • "sometimes operator" error
  180           | • "F[.] operator" sqbkt_num "closing bracket" subformula
  181           | • "F[.] operator" sqbkt_num "closing !]" subformula
  182           | • "F[.] operator" sqbkt_num "separator for square bracket operator" sqbkt_num "closing bracket" subformula
  183           | • "F[.] operator" sqbkt_num "separator for square bracket operator" sqbkt_num "closing !]" subformula
  183           | "F[.] operator" sqbkt_num "separator for square bracket operator" sqbkt_num "closing !]" • subformula
  184           | • "F[.] operator" sqbkt_num OP_SQBKT_SEP_unbounded "closing bracket" subformula
  185           | • "F[.] operator" sqbkt_num OP_SQBKT_SEP_unbounded "closing !]" subformula
  186           | • "F[.] operator" sqbkt_num "separator for square bracket operator" sqbkt_num "closing bracket" error
  187           | • "F[.] operator" sqbkt_num "separator for square bracket operator" sqbkt_num "closing !]" error
  187           | "F[.] operator" sqbkt_num "separator for square bracket operator" sqbkt_num "closing !]" • error
  188           | • "F[.] operator" error_opt "end of formula"
  189           | • "F[.] operator" error "closing bracket" subformula
  190           | • "F[.] operator" error "closing !]" subformula
  191           | • "always operator" subformula
  192           | • "always operator" error
  193           | • "G[.] operator" sqbkt_num "separator for square bracket operator" sqbkt_num "closing bracket" subformula
  194           | • "G[.] operator" sqbkt_num "separator for square bracket operator" sqbkt_num "closing !]" subformula
  195           | • "G[.] operator" sqbkt_num OP_SQBKT_SEP_unbounded "closing bracket" subformula
  196           | • "G[.] operator" sqbkt_num OP_SQBKT_SEP_unbounded "closing !]" subformula
  197           | • "G[.] operator" sqbkt_num "closing bracket" subformula
  198           | • "G[.] operator" sqbkt_num "closing !]" subformula
  199           | • "G[.] operator" sqbkt_num "separator for square bracket operator" sqbkt_num "closing bracket" error
  200           | • "G[.] operator" sqbkt_num "separator for square bracket operator" sqbkt_num "closing !]" error
  201           | • "G[.] operator" error_opt "end of formula"
  202           | • "G[.] operator" error "closing bracket" subformula
  203           | • "G[.] operator" error "closing !]" subformula
  204           | • "next operator" subformula
  205           | • "next operator" error
  206           | • "strong next operator" subformula
  207           | • "strong next operator" error
  208           | • "X[.] operator" sqbkt_num "closing bracket" subformula
  209           | • "X[.] operator" sqbkt_num "closing bracket" error
  210           | • "X[.] operator" error "closing bracket" subformula
  211           | • "X[.] operator" "closing !]" subformula
  212           | • "X[.] operator" sqbkt_num "closing !]" subformula
  213           | • "X[.] operator" error "closing !]" subformula
  214           | • "X[.] operator" error_opt "end of formula"
  215           | • "not operator" subformula
  216           | • "not operator" error
  217           | • bracedsere
  218           | • bracedsere "universal concat operator" subformula
  219           | • bracedsere parenthesedsubformula
  220           | • bracedsere "universal concat operator" error
  221           | • bracedsere "existential concat operator" subformula
  222           | • bracedsere "existential concat operator" error
  223           | • bracedsere "universal non-overlapping concat operator" subformula
  224           | • bracedsere "universal non-overlapping concat operator" error
  225           | • bracedsere "existential non-overlapping concat operator" subformula
  226           | • bracedsere "existential non-overlapping concat operator" error
  227           | • "opening brace" sere "closing brace-bang"
  228           | • "{...}! block"

    error                   shift, and go to state 409
    "opening parenthesis"   shift, and go to state 7
    "(...) block"           shift, and go to state 8
    "{...} block"           shift, and go to state 9
    "{...}! block"          shift, and go to state 10
    "opening brace"         shift, and go to state 11
    "sometimes operator"    shift, and go to state 12
    "always operator"       shift, and go to state 13
    "next operator"         shift, and go to state 14
    "strong next operator"  shift, and go to state 15
    "not operator"          shift, and go to state 18
    "X[.] operator"         shift, and go to state 19
    "F[.] operator"         shift, and go to state 20
    "G[.] operator"         shift, and go to state 21
    "atomic proposition"    shift, and go to state 22
    "constant true"         shift, and go to state 23
    "constant false"        shift, and go to state 24

    atomprop               go to state 28
    booleanatom            go to state 29
    bracedsere             go to state 30
    parenthesedsubformula  go to state 31
    subformula             go to state 410


State 397

  156 subformula: subformula • "and operator" subformula
  157           | subformula • "and operator" error
  158           | subformula • "short and operator" subformula
  159           | subformula • "short and operator" error
  160           | subformula • "star operator" subformula
  161           | subformula • "star operator" error
  162           | subformula • "or operator" subformula
  163           | subformula • "or operator" error
  164           | subformula • "xor operator" subformula
  165           | subformula • "xor operator" error
  166           | subformula • "implication operator" subformula
  167           | subformula • "implication operator" error
  168           | subformula • "equivalent operator" subformula
  169           | subformula • "equivalent operator" error
  170           | subformula • "until operator" subformula
  171           | subformula • "until operator" error
  172           | subformula • "release operator" subformula
  173           | subformula • "release operator" error
  174           | subformula • "weak until operator" subformula
  175           | subformula • "weak until operator" error
  176           | subformula • "strong release operator" subformula
  177           | subformula • "strong release operator" error
  184           | "F[.] operator" sqbkt_num OP_SQBKT_SEP_unbounded "closing bracket" subformula •  [error, "closing parenthesis", "or operator", "xor operator", "and operator", "short and operator", "implication operator", "equivalent operator", "until operator", "release operator", "weak until operator", "strong release operator", "star operator", "end of formula"]

    $default  reduce using rule 184 (subformula)

    Conflict between rule 184 and token "or operator" resolved as reduce ("or operator" < "F[.] operator").
    Conflict between rule 184 and token "xor operator" resolved as reduce ("xor operator" < "F[.] operator").
    Conflict between rule 184 and token "and operator" resolved as reduce ("and operator" < "F[.] operator").
    Conflict between rule 184 and token "short and operator" resolved as reduce ("short and operator" < "F[.] operator").
    Conflict between rule 184 and token "implication operator" resolved as reduce ("implication operator" < "F[.] operator").
    Conflict between rule 184 and token "equivalent operator" resolved as reduce ("equivalent operator" < "F[.] operator").
    Conflict between rule 184 and token "until operator" resolved as reduce ("until operator" < "F[.] operator").
    Conflict between rule 184 and token "release operator" resolved as reduce ("release operator" < "F[.] operator").
    Conflict between rule 184 and token "weak until operator" resolved as reduce ("weak until operator" < "F[.] operator").
    Conflict between rule 184 and token "strong release operator" resolved as reduce ("strong release operator" < "F[.] operator").
    Conflict between rule 184 and token "star operator" resolved as reduce ("star operator" < "F[.] operator").


State 398

  156 subformula: subformula • "and operator" subformula
  157           | subformula • "and operator" error
  158           | subformula • "short and operator" subformula
  159           | subformula • "short and operator" error
  160           | subformula • "star operator" subformula
  161           | subformula • "star operator" error
  162           | subformula • "or operator" subformula
  163           | subformula • "or operator" error
  164           | subformula • "xor operator" subformula
  165           | subformula • "xor operator" error
  166           | subformula • "implication operator" subformula
  167           | subformula • "implication operator" error
  168           | subformula • "equivalent operator" subformula
  169           | subformula • "equivalent operator" error
  170           | subformula • "until operator" subformula
  171           | subformula • "until operator" error
  172           | subformula • "release operator" subformula
  173           | subformula • "release operator" error
  174           | subformula • "weak until operator" subformula
  175           | subformula • "weak until operator" error
  176           | subformula • "strong release operator" subformula
  177           | subformula • "strong release operator" error
  185           | "F[.] operator" sqbkt_num OP_SQBKT_SEP_unbounded "closing !]" subformula •  [error, "closing parenthesis", "or operator", "xor operator", "and operator", "short and operator", "implication operator", "equivalent operator", "until operator", "release operator", "weak until operator", "strong release operator", "star operator", "end of formula"]

    $default  reduce using rule 185 (subformula)

    Conflict between rule 185 and token "or operator" resolved as reduce ("or operator" < "F[.] operator").
    Conflict between rule 185 and token "xor operator" resolved as reduce ("xor operator" < "F[.] operator").
    Conflict between rule 185 and token "and operator" resolved as reduce ("and operator" < "F[.] operator").
    Conflict between rule 185 and token "short and operator" resolved as reduce ("short and operator" < "F[.] operator").
    Conflict between rule 185 and token "implication operator" resolved as reduce ("implication operator" < "F[.] operator").
    Conflict between rule 185 and token "equivalent operator" resolved as reduce ("equivalent operator" < "F[.] operator").
    Conflict between rule 185 and token "until operator" resolved as reduce ("until operator" < "F[.] operator").
    Conflict between rule 185 and token "release operator" resolved as reduce ("release operator" < "F[.] operator").
    Conflict between rule 185 and token "weak until operator" resolved as reduce ("weak until operator" < "F[.] operator").
    Conflict between rule 185 and token "strong release operator" resolved as reduce ("strong release operator" < "F[.] operator").
    Conflict between rule 185 and token "star operator" resolved as reduce ("star operator" < "F[.] operator").


State 399

   61 atomprop: • "atomic proposition"
   62 booleanatom: • atomprop
   63            | • atomprop "positive suffix"
   64            | • atomprop "negative suffix"
   65            | • "constant true"
   66            | • "constant false"
  105 bracedsere: • "opening brace" sere "closing brace"
  106           | • "opening brace" sere error "closing brace"
  107           | • "opening brace" error "closing brace"
  108           | • "opening brace" sere "end of formula"
  109           | • "opening brace" sere error "end of formula"
  110           | • "opening brace" error "end of formula"
  111           | • "{...} block"
  112 parenthesedsubformula: • "(...) block"
  113                      | • "opening parenthesis" subformula "closing parenthesis"
  114                      | • "opening parenthesis" subformula error "closing parenthesis"
  115                      | • "opening parenthesis" error "closing parenthesis"
  116                      | • "opening parenthesis" subformula "end of formula"
  117                      | • "opening parenthesis" subformula error "end of formula"
  118                      | • "opening parenthesis" error "end of formula"
  154 subformula: • booleanatom
  155           | • parenthesedsubformula
  156           | • subformula "and operator" subformula
  157           | • subformula "and operator" error
  158           | • subformula "short and operator" subformula
  159           | • subformula "short and operator" error
  160           | • subformula "star operator" subformula
  161           | • subformula "star operator" error
  162           | • subformula "or operator" subformula
  163           | • subformula "or operator" error
  164           | • subformula "xor operator" subformula
  165           | • subformula "xor operator" error
  166           | • subformula "implication operator" subformula
  167           | • subformula "implication operator" error
  168           | • subformula "equivalent operator" subformula
  169           | • subformula "equivalent operator" error
  170           | • subformula "until operator" subformula
  171           | • subformula "until operator" error
  172           | • subformula "release operator" subformula
  173           | • subformula "release operator" error
  174           | • subformula "weak until operator" subformula
  175           | • subformula "weak until operator" error
  176           | • subformula "strong release operator" subformula
  177           | • subformula "strong release operator" error
  178           | • "sometimes operator" subformula
  179           | • "sometimes operator" error
  180           | • "F[.] operator" sqbkt_num "closing bracket" subformula
  181           | • "F[.] operator" sqbkt_num "closing !]" subformula
  182           | • "F[.] operator" sqbkt_num "separator for square bracket operator" sqbkt_num "closing bracket" subformula
  183           | • "F[.] operator" sqbkt_num "separator for square bracket operator" sqbkt_num "closing !]" subformula
  184           | • "F[.] operator" sqbkt_num OP_SQBKT_SEP_unbounded "closing bracket" subformula
  185           | • "F[.] operator" sqbkt_num OP_SQBKT_SEP_unbounded "closing !]" subformula
  186           | • "F[.] operator" sqbkt_num "separator for square bracket operator" sqbkt_num "closing bracket" error
  187           | • "F[.] operator" sqbkt_num "separator for square bracket operator" sqbkt_num "closing !]" error
  188           | • "F[.] operator" error_opt "end of formula"
  189           | • "F[.] operator" error "closing bracket" subformula
  190           | • "F[.] operator" error "closing !]" subformula
  191           | • "always operator" subformula
  192           | • "always operator" error
  193           | • "G[.] operator" sqbkt_num "separator for square bracket operator" sqbkt_num "closing bracket" subformula
  193           | "G[.] operator" sqbkt_num "separator for square bracket operator" sqbkt_num "closing bracket" • subformula
  194           | • "G[.] operator" sqbkt_num "separator for square bracket operator" sqbkt_num "closing !]" subformula
  195           | • "G[.] operator" sqbkt_num OP_SQBKT_SEP_unbounded "closing bracket" subformula
  196           | • "G[.] operator" sqbkt_num OP_SQBKT_SEP_unbounded "closing !]" subformula
  197           | • "G[.] operator" sqbkt_num "closing bracket" subformula
  198           | • "G[.] operator" sqbkt_num "closing !]" subformula
  199           | • "G[.] operator" sqbkt_num "separator for square bracket operator" sqbkt_num "closing bracket" error
  199           | "G[.] operator" sqbkt_num "separator for square bracket operator" sqbkt_num "closing bracket" • error
  200           | • "G[.] operator" sqbkt_num "separator for square bracket operator" sqbkt_num "closing !]" error
  201           | • "G[.] operator" error_opt "end of formula"
  202           | • "G[.] operator" error "closing bracket" subformula
  203           | • "G[.] operator" error "closing !]" subformula
  204           | • "next operator" subformula
  205           | • "next operator" error
  206           | • "strong next operator" subformula
  207           | • "strong next operator" error
  208           | • "X[.] operator" sqbkt_num "closing bracket" subformula
  209           | • "X[.] operator" sqbkt_num "closing bracket" error
  210           | • "X[.] operator" error "closing bracket" subformula
  211           | • "X[.] operator" "closing !]" subformula
  212           | • "X[.] operator" sqbkt_num "closing !]" subformula
  213           | • "X[.] operator" error "closing !]" subformula
  214           | • "X[.] operator" error_opt "end of formula"
  215           | • "not operator" subformula
  216           | • "not operator" error
  217           | • bracedsere
  218           | • bracedsere "universal concat operator" subformula
  219           | • bracedsere parenthesedsubformula
  220           | • bracedsere "universal concat operator" error
  221           | • bracedsere "existential concat operator" subformula
  222           | • bracedsere "existential concat operator" error
  223           | • bracedsere "universal non-overlapping concat operator" subformula
  224           | • bracedsere "universal non-overlapping concat operator" error
  225           | • bracedsere "existential non-overlapping concat operator" subformula
  226           | • bracedsere "existential non-overlapping concat operator" error
  227           | • "opening brace" sere "closing brace-bang"
  228           | • "{...}! block"

    error                   shift, and go to state 411
    "opening parenthesis"   shift, and go to state 7
    "(...) block"           shift, and go to state 8
    "{...} block"           shift, and go to state 9
    "{...}! block"          shift, and go to state 10
    "opening brace"         shift, and go to state 11
    "sometimes operator"    shift, and go to state 12
    "always operator"       shift, and go to state 13
    "next operator"         shift, and go to state 14
    "strong next operator"  shift, and go to state 15
    "not operator"          shift, and go to state 18
    "X[.] operator"         shift, and go to state 19
    "F[.] operator"         shift, and go to state 20
    "G[.] operator"         shift, and go to state 21
    "atomic proposition"    shift, and go to state 22
    "constant true"         shift, and go to state 23
    "constant false"        shift, and go to state 24

    atomprop               go to state 28
    booleanatom            go to state 29
    bracedsere             go to state 30
    parenthesedsubformula  go to state 31
    subformula             go to state 412


State 400

   61 atomprop: • "atomic proposition"
   62 booleanatom: • atomprop
   63            | • atomprop "positive suffix"
   64            | • atomprop "negative suffix"
   65            | • "constant true"
   66            | • "constant false"
  105 bracedsere: • "opening brace" sere "closing brace"
  106           | • "opening brace" sere error "closing brace"
  107           | • "opening brace" error "closing brace"
  108           | • "opening brace" sere "end of formula"
  109           | • "opening brace" sere error "end of formula"
  110           | • "opening brace" error "end of formula"
  111           | • "{...} block"
  112 parenthesedsubformula: • "(...) block"
  113                      | • "opening parenthesis" subformula "closing parenthesis"
  114                      | • "opening parenthesis" subformula error "closing parenthesis"
  115                      | • "opening parenthesis" error "closing parenthesis"
  116                      | • "opening parenthesis" subformula "end of formula"
  117                      | • "opening parenthesis" subformula error "end of formula"
  118                      | • "opening parenthesis" error "end of formula"
  154 subformula: • booleanatom
  155           | • parenthesedsubformula
  156           | • subformula "and operator" subformula
  157           | • subformula "and operator" error
  158           | • subformula "short and operator" subformula
  159           | • subformula "short and operator" error
  160           | • subformula "star operator" subformula
  161           | • subformula "star operator" error
  162           | • subformula "or operator" subformula
  163           | • subformula "or operator" error
  164           | • subformula "xor operator" subformula
  165           | • subformula "xor operator" error
  166           | • subformula "implication operator" subformula
  167           | • subformula "implication operator" error
  168           | • subformula "equivalent operator" subformula
  169           | • subformula "equivalent operator" error
  170           | • subformula "until operator" subformula
  171           | • subformula "until operator" error
  172           | • subformula "release operator" subformula
  173           | • subformula "release operator" error
  174           | • subformula "weak until operator" subformula
  175           | • subformula "weak until operator" error
  176           | • subformula "strong release operator" subformula
  177           | • subformula "strong release operator" error
  178           | • "sometimes operator" subformula
  179           | • "sometimes operator" error
  180           | • "F[.] operator" sqbkt_num "closing bracket" subformula
  181           | • "F[.] operator" sqbkt_num "closing !]" subformula
  182           | • "F[.] operator" sqbkt_num "separator for square bracket operator" sqbkt_num "closing bracket" subformula
  183           | • "F[.] operator" sqbkt_num "separator for square bracket operator" sqbkt_num "closing !]" subformula
  184           | • "F[.] operator" sqbkt_num OP_SQBKT_SEP_unbounded "closing bracket" subformula
  185           | • "F[.] operator" sqbkt_num OP_SQBKT_SEP_unbounded "closing !]" subformula
  186           | • "F[.] operator" sqbkt_num "separator for square bracket operator" sqbkt_num "closing bracket" error
  187           | • "F[.] operator" sqbkt_num "separator for square bracket operator" sqbkt_num "closing !]" error
  188           | • "F[.] operator" error_opt "end of formula"
  189           | • "F[.] operator" error "closing bracket" subformula
  190           | • "F[.] operator" error "closing !]" subformula
  191           | • "always operator" subformula
  192           | • "always operator" error
  193           | • "G[.] operator" sqbkt_num "separator for square bracket operator" sqbkt_num "closing bracket" subformula
  194           | • "G[.] operator" sqbkt_num "separator for square bracket operator" sqbkt_num "closing !]" subformula
  194           | "G[.] operator" sqbkt_num "separator for square bracket operator" sqbkt_num "closing !]" • subformula
  195           | • "G[.] operator" sqbkt_num OP_SQBKT_SEP_unbounded "closing bracket" subformula
  196           | • "G[.] operator" sqbkt_num OP_SQBKT_SEP_unbounded "closing !]" subformula
  197           | • "G[.] operator" sqbkt_num "closing bracket" subformula
  198           | • "G[.] operator" sqbkt_num "closing !]" subformula
  199           | • "G[.] operator" sqbkt_num "separator for square bracket operator" sqbkt_num "closing bracket" error
  200           | • "G[.] operator" sqbkt_num "separator for square bracket operator" sqbkt_num "closing !]" error
  200           | "G[.] operator" sqbkt_num "separator for square bracket operator" sqbkt_num "closing !]" • error
  201           | • "G[.] operator" error_opt "end of formula"
  202           | • "G[.] operator" error "closing bracket" subformula
  203           | • "G[.] operator" error "closing !]" subformula
  204           | • "next operator" subformula
  205           | • "next operator" error
  206           | • "strong next operator" subformula
  207           | • "strong next operator" error
  208           | • "X[.] operator" sqbkt_num "closing bracket" subformula
  209           | • "X[.] operator" sqbkt_num "closing bracket" error
  210           | • "X[.] operator" error "closing bracket" subformula
  211           | • "X[.] operator" "closing !]" subformula
  212           | • "X[.] operator" sqbkt_num "closing !]" subformula
  213           | • "X[.] operator" error "closing !]" subformula
  214           | • "X[.] operator" error_opt "end of formula"
  215           | • "not operator" subformula
  216           | • "not operator" error
  217           | • bracedsere
  218           | • bracedsere "universal concat operator" subformula
  219           | • bracedsere parenthesedsubformula
  220           | • bracedsere "universal concat operator" error
  221           | • bracedsere "existential concat operator" subformula
  222           | • bracedsere "existential concat operator" error
  223           | • bracedsere "universal non-overlapping concat operator" subformula
  224           | • bracedsere "universal non-overlapping concat operator" error
  225           | • bracedsere "existential non-overlapping concat operator" subformula
  226           | • bracedsere "existential non-overlapping concat operator" error
  227           | • "opening brace" sere "closing brace-bang"
  228           | • "{...}! block"

    error                   shift, and go to state 413
    "opening parenthesis"   shift, and go to state 7
    "(...) block"           shift, and go to state 8
    "{...} block"           shift, and go to state 9
    "{...}! block"          shift, and go to state 10
    "opening brace"         shift, and go to state 11
    "sometimes operator"    shift, and go to state 12
    "always operator"       shift, and go to state 13
    "next operator"         shift, and go to state 14
    "strong next operator"  shift, and go to state 15
    "not operator"          shift, and go to state 18
    "X[.] operator"         shift, and go to state 19
    "F[.] operator"         shift, and go to state 20
    "G[.] operator"         shift, and go to state 21
    "atomic proposition"    shift, and go to state 22
    "constant true"         shift, and go to state 23
    "constant false"        shift, and go to state 24

    atomprop               go to state 28
    booleanatom            go to state 29
    bracedsere             go to state 30
    parenthesedsubformula  go to state 31
    subformula             go to state 414


State 401

  156 subformula: subformula • "and operator" subformula
  157           | subformula • "and operator" error
  158           | subformula • "short and operator" subformula
  159           | subformula • "short and operator" error
  160           | subformula • "star operator" subformula
  161           | subformula • "star operator" error
  162           | subformula • "or operator" subformula
  163           | subformula • "or operator" error
  164           | subformula • "xor operator" subformula
  165           | subformula • "xor operator" error
  166           | subformula • "implication operator" subformula
  167           | subformula • "implication operator" error
  168           | subformula • "equivalent operator" subformula
  169           | subformula • "equivalent operator" error
  170           | subformula • "until operator" subformula
  171           | subformula • "until operator" error
  172           | subformula • "release operator" subformula
  173           | subformula • "release operator" error
  174           | subformula • "weak until operator" subformula
  175           | subformula • "weak until operator" error
  176           | subformula • "strong release operator" subformula
  177           | subformula • "strong release operator" error
  195           | "G[.] operator" sqbkt_num OP_SQBKT_SEP_unbounded "closing bracket" subformula •  [error, "closing parenthesis", "or operator", "xor operator", "and operator", "short and operator", "implication operator", "equivalent operator", "until operator", "release operator", "weak until operator", "strong release operator", "star operator", "end of formula"]

    $default  reduce using rule 195 (subformula)

    Conflict between rule 195 and token "or operator" resolved as reduce ("or operator" < "G[.] operator").
    Conflict between rule 195 and token "xor operator" resolved as reduce ("xor operator" < "G[.] operator").
    Conflict between rule 195 and token "and operator" resolved as reduce ("and operator" < "G[.] operator").
    Conflict between rule 195 and token "short and operator" resolved as reduce ("short and operator" < "G[.] operator").
    Conflict between rule 195 and token "implication operator" resolved as reduce ("implication operator" < "G[.] operator").
    Conflict between rule 195 and token "equivalent operator" resolved as reduce ("equivalent operator" < "G[.] operator").
    Conflict between rule 195 and token "until operator" resolved as reduce ("until operator" < "G[.] operator").
    Conflict between rule 195 and token "release operator" resolved as reduce ("release operator" < "G[.] operator").
    Conflict between rule 195 and token "weak until operator" resolved as reduce ("weak until operator" < "G[.] operator").
    Conflict between rule 195 and token "strong release operator" resolved as reduce ("strong release operator" < "G[.] operator").
    Conflict between rule 195 and token "star operator" resolved as reduce ("star operator" < "G[.] operator").


State 402

  156 subformula: subformula • "and operator" subformula
  157           | subformula • "and operator" error
  158           | subformula • "short and operator" subformula
  159           | subformula • "short and operator" error
  160           | subformula • "star operator" subformula
  161           | subformula • "star operator" error
  162           | subformula • "or operator" subformula
  163           | subformula • "or operator" error
  164           | subformula • "xor operator" subformula
  165           | subformula • "xor operator" error
  166           | subformula • "implication operator" subformula
  167           | subformula • "implication operator" error
  168           | subformula • "equivalent operator" subformula
  169           | subformula • "equivalent operator" error
  170           | subformula • "until operator" subformula
  171           | subformula • "until operator" error
  172           | subformula • "release operator" subformula
  173           | subformula • "release operator" error
  174           | subformula • "weak until operator" subformula
  175           | subformula • "weak until operator" error
  176           | subformula • "strong release operator" subformula
  177           | subformula • "strong release operator" error
  196           | "G[.] operator" sqbkt_num OP_SQBKT_SEP_unbounded "closing !]" subformula •  [error, "closing parenthesis", "or operator", "xor operator", "and operator", "short and operator", "implication operator", "equivalent operator", "until operator", "release operator", "weak until operator", "strong release operator", "star operator", "end of formula"]

    $default  reduce using rule 196 (subformula)

    Conflict between rule 196 and token "or operator" resolved as reduce ("or operator" < "G[.] operator").
    Conflict between rule 196 and token "xor operator" resolved as reduce ("xor operator" < "G[.] operator").
    Conflict between rule 196 and token "and operator" resolved as reduce ("and operator" < "G[.] operator").
    Conflict between rule 196 and token "short and operator" resolved as reduce ("short and operator" < "G[.] operator").
    Conflict between rule 196 and token "implication operator" resolved as reduce ("implication operator" < "G[.] operator").
    Conflict between rule 196 and token "equivalent operator" resolved as reduce ("equivalent operator" < "G[.] operator").
    Conflict between rule 196 and token "until operator" resolved as reduce ("until operator" < "G[.] operator").
    Conflict between rule 196 and token "release operator" resolved as reduce ("release operator" < "G[.] operator").
    Conflict between rule 196 and token "weak until operator" resolved as reduce ("weak until operator" < "G[.] operator").
    Conflict between rule 196 and token "strong release operator" resolved as reduce ("strong release operator" < "G[.] operator").
    Conflict between rule 196 and token "star operator" resolved as reduce ("star operator" < "G[.] operator").


State 403

   28 sqbracketargs: sqbkt_num "separator for square bracket operator" sqbkt_num "closing bracket" •

    $default  reduce using rule 28 (sqbracketargs)


State 404

   35 gotoargs: "opening bracket for goto operator" "separator for square bracket operator" sqbkt_num "closing bracket" •

    $default  reduce using rule 35 (gotoargs)


State 405

   33 gotoargs: "opening bracket for goto operator" sqbkt_num "separator for square bracket operator" sqbkt_num • "closing bracket"

    "closing bracket"  shift, and go to state 415


State 406

   34 gotoargs: "opening bracket for goto operator" sqbkt_num OP_SQBKT_SEP_unbounded "closing bracket" •

    $default  reduce using rule 34 (gotoargs)


State 407

  186 subformula: "F[.] operator" sqbkt_num "separator for square bracket operator" sqbkt_num "closing bracket" error •

    $default  reduce using rule 186 (subformula)


State 408

  156 subformula: subformula • "and operator" subformula
  157           | subformula • "and operator" error
  158           | subformula • "short and operator" subformula
  159           | subformula • "short and operator" error
  160           | subformula • "star operator" subformula
  161           | subformula • "star operator" error
  162           | subformula • "or operator" subformula
  163           | subformula • "or operator" error
  164           | subformula • "xor operator" subformula
  165           | subformula • "xor operator" error
  166           | subformula • "implication operator" subformula
  167           | subformula • "implication operator" error
  168           | subformula • "equivalent operator" subformula
  169           | subformula • "equivalent operator" error
  170           | subformula • "until operator" subformula
  171           | subformula • "until operator" error
  172           | subformula • "release operator" subformula
  173           | subformula • "release operator" error
  174           | subformula • "weak until operator" subformula
  175           | subformula • "weak until operator" error
  176           | subformula • "strong release operator" subformula
  177           | subformula • "strong release operator" error
  182           | "F[.] operator" sqbkt_num "separator for square bracket operator" sqbkt_num "closing bracket" subformula •  [error, "closing parenthesis", "or operator", "xor operator", "and operator", "short and operator", "implication operator", "equivalent operator", "until operator", "release operator", "weak until operator", "strong release operator", "star operator", "end of formula"]

    $default  reduce using rule 182 (subformula)

    Conflict between rule 182 and token "or operator" resolved as reduce ("or operator" < "F[.] operator").
    Conflict between rule 182 and token "xor operator" resolved as reduce ("xor operator" < "F[.] operator").
    Conflict between rule 182 and token "and operator" resolved as reduce ("and operator" < "F[.] operator").
    Conflict between rule 182 and token "short and operator" resolved as reduce ("short and operator" < "F[.] operator").
    Conflict between rule 182 and token "implication operator" resolved as reduce ("implication operator" < "F[.] operator").
    Conflict between rule 182 and token "equivalent operator" resolved as reduce ("equivalent operator" < "F[.] operator").
    Conflict between rule 182 and token "until operator" resolved as reduce ("until operator" < "F[.] operator").
    Conflict between rule 182 and token "release operator" resolved as reduce ("release operator" < "F[.] operator").
    Conflict between rule 182 and token "weak until operator" resolved as reduce ("weak until operator" < "F[.] operator").
    Conflict between rule 182 and token "strong release operator" resolved as reduce ("strong release operator" < "F[.] operator").
    Conflict between rule 182 and token "star operator" resolved as reduce ("star operator" < "F[.] operator").


State 409

  187 subformula: "F[.] operator" sqbkt_num "separator for square bracket operator" sqbkt_num "closing !]" error •

    $default  reduce using rule 187 (subformula)


State 410

  156 subformula: subformula • "and operator" subformula
  157           | subformula • "and operator" error
  158           | subformula • "short and operator" subformula
  159           | subformula • "short and operator" error
  160           | subformula • "star operator" subformula
  161           | subformula • "star operator" error
  162           | subformula • "or operator" subformula
  163           | subformula • "or operator" error
  164           | subformula • "xor operator" subformula
  165           | subformula • "xor operator" error
  166           | subformula • "implication operator" subformula
  167           | subformula • "implication operator" error
  168           | subformula • "equivalent operator" subformula
  169           | subformula • "equivalent operator" error
  170           | subformula • "until operator" subformula
  171           | subformula • "until operator" error
  172           | subformula • "release operator" subformula
  173           | subformula • "release operator" error
  174           | subformula • "weak until operator" subformula
  175           | subformula • "weak until operator" error
  176           | subformula • "strong release operator" subformula
  177           | subformula • "strong release operator" error
  183           | "F[.] operator" sqbkt_num "separator for square bracket operator" sqbkt_num "closing !]" subformula •  [error, "closing parenthesis", "or operator", "xor operator", "and operator", "short and operator", "implication operator", "equivalent operator", "until operator", "release operator", "weak until operator", "strong release operator", "star operator", "end of formula"]

    $default  reduce using rule 183 (subformula)

    Conflict between rule 183 and token "or operator" resolved as reduce ("or operator" < "F[.] operator").
    Conflict between rule 183 and token "xor operator" resolved as reduce ("xor operator" < "F[.] operator").
    Conflict between rule 183 and token "and operator" resolved as reduce ("and operator" < "F[.] operator").
    Conflict between rule 183 and token "short and operator" resolved as reduce ("short and operator" < "F[.] operator").
    Conflict between rule 183 and token "implication operator" resolved as reduce ("implication operator" < "F[.] operator").
    Conflict between rule 183 and token "equivalent operator" resolved as reduce ("equivalent operator" < "F[.] operator").
    Conflict between rule 183 and token "until operator" resolved as reduce ("until operator" < "F[.] operator").
    Conflict between rule 183 and token "release operator" resolved as reduce ("release operator" < "F[.] operator").
    Conflict between rule 183 and token "weak until operator" resolved as reduce ("weak until operator" < "F[.] operator").
    Conflict between rule 183 and token "strong release operator" resolved as reduce ("strong release operator" < "F[.] operator").
    Conflict between rule 183 and token "star operator" resolved as reduce ("star operator" < "F[.] operator").


State 411

  199 subformula: "G[.] operator" sqbkt_num "separator for square bracket operator" sqbkt_num "closing bracket" error •

    $default  reduce using rule 199 (subformula)


State 412

  156 subformula: subformula • "and operator" subformula
  157           | subformula • "and operator" error
  158           | subformula • "short and operator" subformula
  159           | subformula • "short and operator" error
  160           | subformula • "star operator" subformula
  161           | subformula • "star operator" error
  162           | subformula • "or operator" subformula
  163           | subformula • "or operator" error
  164           | subformula • "xor operator" subformula
  165           | subformula • "xor operator" error
  166           | subformula • "implication operator" subformula
  167           | subformula • "implication operator" error
  168           | subformula • "equivalent operator" subformula
  169           | subformula • "equivalent operator" error
  170           | subformula • "until operator" subformula
  171           | subformula • "until operator" error
  172           | subformula • "release operator" subformula
  173           | subformula • "release operator" error
  174           | subformula • "weak until operator" subformula
  175           | subformula • "weak until operator" error
  176           | subformula • "strong release operator" subformula
  177           | subformula • "strong release operator" error
  193           | "G[.] operator" sqbkt_num "separator for square bracket operator" sqbkt_num "closing bracket" subformula •  [error, "closing parenthesis", "or operator", "xor operator", "and operator", "short and operator", "implication operator", "equivalent operator", "until operator", "release operator", "weak until operator", "strong release operator", "star operator", "end of formula"]

    $default  reduce using rule 193 (subformula)

    Conflict between rule 193 and token "or operator" resolved as reduce ("or operator" < "G[.] operator").
    Conflict between rule 193 and token "xor operator" resolved as reduce ("xor operator" < "G[.] operator").
    Conflict between rule 193 and token "and operator" resolved as reduce ("and operator" < "G[.] operator").
    Conflict between rule 193 and token "short and operator" resolved as reduce ("short and operator" < "G[.] operator").
    Conflict between rule 193 and token "implication operator" resolved as reduce ("implication operator" < "G[.] operator").
    Conflict between rule 193 and token "equivalent operator" resolved as reduce ("equivalent operator" < "G[.] operator").
    Conflict between rule 193 and token "until operator" resolved as reduce ("until operator" < "G[.] operator").
    Conflict between rule 193 and token "release operator" resolved as reduce ("release operator" < "G[.] operator").
    Conflict between rule 193 and token "weak until operator" resolved as reduce ("weak until operator" < "G[.] operator").
    Conflict between rule 193 and token "strong release operator" resolved as reduce ("strong release operator" < "G[.] operator").
    Conflict between rule 193 and token "star operator" resolved as reduce ("star operator" < "G[.] operator").


State 413

  200 subformula: "G[.] operator" sqbkt_num "separator for square bracket operator" sqbkt_num "closing !]" error •

    $default  reduce using rule 200 (subformula)


State 414

  156 subformula: subformula • "and operator" subformula
  157           | subformula • "and operator" error
  158           | subformula • "short and operator" subformula
  159           | subformula • "short and operator" error
  160           | subformula • "star operator" subformula
  161           | subformula • "star operator" error
  162           | subformula • "or operator" subformula
  163           | subformula • "or operator" error
  164           | subformula • "xor operator" subformula
  165           | subformula • "xor operator" error
  166           | subformula • "implication operator" subformula
  167           | subformula • "implication operator" error
  168           | subformula • "equivalent operator" subformula
  169           | subformula • "equivalent operator" error
  170           | subformula • "until operator" subformula
  171           | subformula • "until operator" error
  172           | subformula • "release operator" subformula
  173           | subformula • "release operator" error
  174           | subformula • "weak until operator" subformula
  175           | subformula • "weak until operator" error
  176           | subformula • "strong release operator" subformula
  177           | subformula • "strong release operator" error
  194           | "G[.] operator" sqbkt_num "separator for square bracket operator" sqbkt_num "closing !]" subformula •  [error, "closing parenthesis", "or operator", "xor operator", "and operator", "short and operator", "implication operator", "equivalent operator", "until operator", "release operator", "weak until operator", "strong release operator", "star operator", "end of formula"]

    $default  reduce using rule 194 (subformula)

    Conflict between rule 194 and token "or operator" resolved as reduce ("or operator" < "G[.] operator").
    Conflict between rule 194 and token "xor operator" resolved as reduce ("xor operator" < "G[.] operator").
    Conflict between rule 194 and token "and operator" resolved as reduce ("and operator" < "G[.] operator").
    Conflict between rule 194 and token "short and operator" resolved as reduce ("short and operator" < "G[.] operator").
    Conflict between rule 194 and token "implication operator" resolved as reduce ("implication operator" < "G[.] operator").
    Conflict between rule 194 and token "equivalent operator" resolved as reduce ("equivalent operator" < "G[.] operator").
    Conflict between rule 194 and token "until operator" resolved as reduce ("until operator" < "G[.] operator").
    Conflict between rule 194 and token "release operator" resolved as reduce ("release operator" < "G[.] operator").
    Conflict between rule 194 and token "weak until operator" resolved as reduce ("weak until operator" < "G[.] operator").
    Conflict between rule 194 and token "strong release operator" resolved as reduce ("strong release operator" < "G[.] operator").
    Conflict between rule 194 and token "star operator" resolved as reduce ("star operator" < "G[.] operator").


State 415

   33 gotoargs: "opening bracket for goto operator" sqbkt_num "separator for square bracket operator" sqbkt_num "closing bracket" •

    $default  reduce using rule 33 (gotoargs)
